gamma,lambda_1,lambda_2,spacing,det_R,trace_R,sigma_estimate,distance_t0t1,distance_t1t2,p_spacing_naive,p_spacing_stable,p_tspacing_naive,p_tspacing_stable,valid
0.0,1.8226882306647654,1.415553306070215,0.40713492459455036,-1.4312013530363294,-1.7629970479432913,0.8642762129192356,0.2861871211053745,0.7234632867447865,0.5951083295712906,0.5951083295712903,0.5972113070862924,0.5972113070862924,True
0.0,3.27016098442308,2.595801624132262,0.674359360290818,-0.4663085073360285,-0.813163182434943,1.1698941130040612,0.5833705544228884,0.5908040546189472,0.16308634629217864,0.16308634629217808,0.4937088081264296,0.4937088081264295,True
0.0,0.9201268477054639,0.6260903544045738,0.2940364933008901,0.30514107435320265,-1.2044132153964962,0.39115354409404185,0.28346567447924625,0.6122818241712663,0.8324919675095271,0.832491967509527,0.40389781289958243,0.4038978128995827,True
0.0,1.6980505755774258,1.1298998353825023,0.5681507401949235,-0.15974041848608406,0.9317320426737443,0.5381035266663117,0.957213756009462,0.04377400879843191,0.730954543516899,0.730954543516899,0.33266158411397906,0.33266158411397934,True
0.0,2.1027738073522686,1.2469192937325333,0.8558545136197353,-0.6454486017637323,0.5172944255885645,0.716575211778213,0.31953793891150944,0.1427075640276959,0.44109794560034543,0.44109794560034543,0.3074575466800767,0.30745754668007597,True
0.0,3.6798240224671406,1.674525210113276,2.005298812353865,0.08430924145646534,-0.7948108533840306,0.6767883415497682,0.4649064359980199,0.5215457169029267,0.007409882601886329,0.007409882601886482,0.0299400485836489,0.029940048583648547,True
0.0,2.3878082883362945,2.285987524175968,0.1018207641603266,3.239307392211384,-4.338921999037536,1.2821910614917427,0.8132422811280691,0.6916917516969632,0.7927710515878971,0.7927710515878978,0.8972236290565494,0.8972236290565491,True
0.0,2.013733859266416,2.00469384398844,0.009040015277975932,-0.14079008507517948,-0.7865992728815165,0.7895687580626597,0.22189775065155581,0.5894172217649885,0.9844383096755287,0.9844383096755281,0.9858319453304603,0.98583194533046,True
0.0,1.4201789143001,1.0681804153651515,0.3519984989349485,0.3615248743447663,-1.3548996923801502,0.5680808943263992,0.3105793896909095,0.6454209803519267,0.6881793221644986,0.6881793221644985,0.4579453801959783,0.4579453801959785,True
0.0,1.3837388389336727,1.3737340097888209,0.01000482914485179,0.39733652833004857,-2.3305450617262613,0.8038927459875527,0.7551579117140726,0.6875010105582481,0.9877407090370558,0.9877407090370558,0.9851435267291977,0.9851435267291979,True
0.0,2.0236141909249965,1.4060476715430468,0.6175665193819497,1.30056620071521,-2.6513544363062382,0.8273113415468412,0.4129484295722886,0.6875320380199215,0.3691324482437125,0.36913244824371244,0.37208734083761846,0.37208734083761813,True
0.0,2.5724156851590787,1.561584389430765,1.0108312957283137,-0.03171023566523092,0.0998478648902772,0.610648741448873,0.18352202168655823,0.508007910305901,0.1783839149585653,0.17838391495856534,0.1405283176336742,0.14052831763367443,True
0.0,2.7740268050090524,0.9729693543784813,1.8010574506305712,-0.2311683254966302,-0.40118659324074857,0.4698556821483983,0.954442528454236,0.5937429677237396,0.06220765778147147,0.06220765778147148,0.012548843577300194,0.012548843577300923,True
0.0,2.1865117143870103,1.6746489246118013,0.511862789775209,-0.7589186792192991,-0.2603085867807806,1.0262552026336629,0.6697939729595226,0.4904144038491525,0.46145581599718744,0.46145581599718744,0.612476134589906,0.6124761345899051,True
0.0,1.839416844761308,1.2090431394687922,0.6303737052925158,0.06787017639644134,-0.927914529599418,0.5481293126026204,0.922311671326502,0.5417671359729981,0.4487806694181693,0.44878066941816913,0.23381190139437272,0.23381190139437227,True
0.0,1.7772420015463712,1.1332646988157484,0.6439773027306228,-0.28228461288974244,-0.4248966482418728,0.7986899320072908,0.955031154320907,0.5270713292756011,0.4964675313739586,0.49646753137395866,0.43292307300857596,0.4329230730085759,True
0.0,2.1039282581244096,1.351582022046791,0.7523462360776187,1.0743121491796128,-2.325819727144153,0.7711961423838471,0.6111410083283113,0.5952105396139304,0.2979948923104717,0.29799489231047166,0.27447278001718617,0.274472780017186,True
0.0,1.8361880283216452,1.3673299784180788,0.4688580499035664,-0.11053168702825435,-1.3228494568215603,0.7533959752011079,0.10463645942975636,0.5016117689326334,0.5284788099180424,0.5284788099180426,0.4674482926112424,0.46744829261124204,True
0.0,2.411055849366345,1.678064997221194,0.7329908521451509,-2.2252159146892003,-2.007303058530217,1.1211174074002042,0.3345319867923148,0.7082851546572447,0.2862906095285354,0.2862906095285355,0.5134027447787537,0.5134027447787537,True
0.0,2.676721650927482,2.0931191887764213,0.5836024621510605,-0.7415248540530024,1.7185494406418322,1.0069765345383621,0.03290130291003429,0.010460732260569094,0.5413539491018217,0.5413539491018212,0.7773385482155744,0.777338548215571,True
0.0,1.7049651262397738,1.0323267624336907,0.6726383638060831,-1.3780549525327672,-0.7786973329048738,0.7035071793374107,0.9224882012721863,0.7009397662018406,0.585715912426999,0.5857159124269993,0.3855271403510535,0.3855271403510534,True
0.0,2.005650841012037,1.6653095678770091,0.34034127313502793,-0.7576306539168813,-0.8868378039578423,0.8081516586841369,0.06173496540662721,0.4411824721565081,0.6007846976522366,0.6007846976522366,0.6083433172890564,0.6083433172890566,True
0.0,2.3583506395186795,1.6182572211323871,0.7400934183862924,-1.0463949636881127,0.42055831307842206,0.6701297958274618,0.4912905768751709,0.18378055094280515,0.3752596971736364,0.3752596971736364,0.2966088079742234,0.29660880797422473,True
0.0,2.4017376168483997,1.505741628335122,0.8959959885132778,-0.23154719573754498,-1.3742704690028058,0.8293270127897041,0.5062396569067288,0.6616651800906771,0.21513196668255724,0.21513196668255738,0.26055553808223525,0.2605555380822354,True
0.0,1.6630956457561483,1.5572379602062991,0.1058576855498492,-0.2814040746885941,-0.859996667119413,0.876141155975154,0.045159144009221164,0.6222248088474451,0.8706095519855569,0.8706095519855571,0.8750161204050905,0.8750161204050896,True
0.0,2.9855283828963612,1.7268459546547565,1.2586824282416047,-1.7413868513830904,-2.1871188521204004,1.1589710645532698,0.08002991383708064,0.6174118330240733,0.07145309392053417,0.07145309392053403,0.29015805666793226,0.2901580566679317,True
0.0,2.5773648062096775,0.9608020689027484,1.616562737306929,0.12926619212442653,-0.7831430442085254,0.4069389615883105,0.8036394491470147,0.6086180124075167,0.08593932517630919,0.08593932517630928,0.010727316244377673,0.01072731624437768,True
0.0,1.9872226417169379,1.873378322333685,0.11384431938325279,-1.549894257947292,-1.528118170005233,1.073987703720461,0.009411151305585452,0.68485962782932,0.8342763872626077,0.8342763872626081,0.896203866122268,0.8962038661222677,True
0.0,1.7291164335768134,1.5368312368657335,0.1922851967110799,-1.381986651572421,0.4577414176254857,0.7810912383503328,0.592152603438184,0.08140060420782491,0.9016122624631658,0.9016122624631658,0.8217840504833338,0.8217840504833361,True
0.0,1.5095531570790723,1.4705859394262915,0.03896721765278088,-0.9595013473772772,-2.26978925551849,0.9677904797197048,0.9268314896201485,0.7362034567102311,0.9532744135520453,0.9532744135520453,0.9592062015924773,0.9592062015924775,True
0.0,2.7519958883457556,1.104088484842965,1.6479074035027905,-0.08507411681817227,-1.0487239426379924,0.5537891479683466,0.8855225809391798,0.6387147394201376,0.06283069277179176,0.06283069277179185,0.02685501454479748,0.026855014544797245,True
0.0,2.6770603572259604,1.6227162188702426,1.0543441383557177,2.4962543808296367,-3.368385596860829,0.9355088071137606,0.6319098195146654,0.7040152902426756,0.11161556246898892,0.11161556246898897,0.2096495412441673,0.2096495412441673,True
0.0,1.8044701004433912,1.4018832537204957,0.40258684672289546,-0.681662704852031,0.4788736006367431,0.6457079858745463,0.5314305792746118,0.24647000639058247,0.704433046292087,0.704433046292087,0.5188003019246277,0.5188003019246272,True
0.0,2.025779322976842,1.1791304340933655,0.8466488888834767,-0.005935053762972806,-1.1507412460425188,0.5937136693507494,0.47783576489137203,0.6586068374059674,0.31617398426860366,0.31617398426860366,0.1650241898738766,0.16502418987387654,True
0.0,1.595705615140407,1.0543295920458244,0.5413760230945825,-0.8963780664469604,0.11116470698580638,0.5994544460210542,0.41839435208634146,0.06217984681241395,0.7427194029235822,0.7427194029235824,0.4018829294998963,0.40188292949989585,True
0.0,1.5733300560336891,1.391563620714006,0.18176643531968306,2.2133668728676894,-3.3457027178293246,0.9167709819652184,0.572132393352453,0.7121038931061838,0.7694082249952747,0.7694082249952747,0.77664178393583,0.7766417839358297,True
0.0,2.4213564053589027,1.36502170400999,1.0563347013489128,-0.3308786643451006,-0.6281643878977923,0.6578142731455431,0.19272382973797125,0.6267192039903358,0.18886139615406186,0.18886139615406178,0.1404889665572959,0.14048896655729518,True
0.0,1.9921714401888293,1.3181594491490116,0.6740119910398177,-2.1722694820807438,-1.525976723947617,0.9577441951158263,0.16800852330233118,0.26929027232579134,0.4528340818810192,0.4528340818810191,0.5276183920237891,0.5276183920237889,True
0.0,1.9448193812743715,1.180615038319702,0.7642043429546694,-0.5032590453575408,0.029498769058857732,0.6649652517582217,0.5726798119502636,0.28260224335533424,0.4453271735810252,0.4453271735810253,0.2832656645987692,0.28326566459876945,True
0.0,2.1157843634833657,1.183745641385283,0.9320387220980828,-0.5816438519672656,-0.03777556297258833,0.7118813353327266,0.7188384416671849,0.4277277334892914,0.33918365716810794,0.33918365716810794,0.24154473561321568,0.24154473561321546,True
0.0,1.936549665516412,1.537658020866146,0.39889164465026616,0.12928831298106805,-1.1144734272685985,0.6637611723746782,0.8405305957889393,0.6195455566882038,0.5486878365172411,0.5486878365172412,0.46383753458335164,0.46383753458335103,True
0.0,1.6231289262005388,1.6106734676304701,0.01245545857006869,-1.0016750290284007,-2.0162025060950928,0.9432471211465872,0.2594024362057768,0.7122327413555044,0.9834298661258273,0.9834298661258273,0.9856809738900157,0.9856809738900156,True
0.0,1.9623763519700645,1.8368676245338464,0.1255087274362181,-0.3465825875997578,0.6126831638303774,0.7892354659878402,0.5436839030426006,0.47331510992970294,0.8458663751496681,0.8458663751496673,0.8458423563895705,0.8458423563895714,True
0.0,2.8090259466979237,1.9460720989871891,0.8629538477107346,-2.979505816803835,0.22039750211516607,0.8635062551179042,0.8243474042584918,0.0520605361648665,0.2867751978825675,0.2867751978825671,0.4028537866336594,0.4028537866336585,True
0.0,1.3206169379786217,1.1808011376268124,0.1398158003518093,0.043039741972700954,-1.0120332480066239,0.6735069554828403,0.7093507439519049,0.6278863174221794,0.8691999472430365,0.8691999472430367,0.7873446590388302,0.7873446590388306,True
0.0,2.380016303723463,0.8871655749985454,1.4928507287249178,-0.9295254827217075,-0.20185365135783406,0.5188741389470676,0.25103409780113495,0.02660263191073231,0.19997630993856208,0.19997630993856205,0.03914338220585554,0.039143382205856087,True
0.0,2.4112484639719582,1.8201706402212456,0.5910778237507126,-3.2052041663453608,-0.544084575053763,0.9638124396367226,0.36596808239933215,0.6819685592324383,0.4500552739595406,0.4500552739595413,0.6024771365010276,0.602477136501026,True
0.0,2.378903929209568,2.0758114621386823,0.3030924670708859,-1.0101602774402367,-0.8515890166438294,0.897472968306772,0.4921327866551922,0.6338094813826547,0.5619668956453101,0.5619668956453099,0.667529894984904,0.6675298949849056,True
0.0,2.021335062098776,1.8179796985962053,0.20335536350257066,0.24067286275023236,-1.7681985340124258,0.8812913863007661,0.6103967658887512,0.6432560583294181,0.7031436313126984,0.7031436313126984,0.7448239640078108,0.744823964007811,True
0.0,2.2063003318553536,1.4635916120375123,0.7427087198178413,-1.5848677957313617,-0.7980589869426318,0.7832121430624837,0.9278328206974872,0.6820903322393,0.3633533672698127,0.3633533672698129,0.3479326334498062,0.3479326334498061,True
0.0,3.849618562614464,2.0171261478658122,1.8324924147486517,-2.701945877674939,-0.28975869410164723,1.0650300373422124,0.06064107065130092,0.6539655189879208,0.010808497137519536,0.01080849713752036,0.17733973018010044,0.17733973018009916,True
0.0,2.140530994628193,1.3364886884382836,0.8040423061899096,-0.008808421439897672,0.37005271666638495,0.7747771788140868,0.10120227210978322,0.41582173238093073,0.3530914051074596,0.35309140510745973,0.3269101195835347,0.3269101195835344,True
0.0,1.3536741409527084,0.9927384613069385,0.3609356796457699,-0.3381564955204617,-0.14729506655598912,0.5265461457376834,0.42510335618652983,0.5590881991762389,0.7752706711724137,0.7752706711724136,0.4632672751528354,0.46326727515283506,True
0.0,1.7512793184352953,1.0338705351628783,0.717408783272417,0.3696880663517955,-1.4363133023326558,0.5794294094100827,0.8809565840098366,0.6716106234826574,0.41993004328716294,0.41993004328716316,0.20579524377897257,0.2057952437789722,True
0.0,2.4173431127630596,1.7523043926576882,0.6650387201053714,0.4597691480728982,-1.9803287091047044,0.7840160749785388,0.5522306528271839,0.6605650178535971,0.27937907285724267,0.27937907285724256,0.32534749294500154,0.325347492945002,True
0.0,2.712677841551778,2.057362548740476,0.6553152928113017,3.078107729693337,-4.0439312912176435,1.1778646582881749,0.3567921738509473,0.7109932406170658,0.21825479762284128,0.21825479762284178,0.461434990687054,0.46143499068705374,True
0.0,1.1282381743391963,1.0147942486767605,0.11344392566243577,0.006449460673538245,-1.5059345445232584,0.5593600330702742,0.6672447107888396,0.6915717850738806,0.9068864163177961,0.9068864163177961,0.7842969933898369,0.7842969933898369,True
0.0,2.3685200559051363,1.246860396114392,1.1216596597907442,-0.48210910000612234,-1.5205550573847137,0.6992348995095624,0.7828992939580406,0.7089239256200943,0.17513516457527153,0.17513516457527156,0.1346349655409911,0.13463496554099097,True
0.0,1.8555963098410266,1.2277543287411938,0.6278419810998328,-1.3375127231585426,-1.712424581064667,0.8754971872716347,0.8600695318934979,0.7363637081676289,0.4733378513568225,0.47333785135682244,0.4727001780990089,0.4727001780990089,True
0.0,1.515096800483595,1.062030595403862,0.45306620507973294,-0.20349885667948317,-1.505273580876477,0.6290286569840701,0.4361501833449479,0.6995931699337826,0.6222990094110128,0.6222990094110128,0.41857059118112977,0.4185705911811301,True
0.0,1.2856227517082395,1.0676770739633699,0.21794567774486961,1.7850311951751998,-2.8406658862159984,0.7053758348082892,0.6574132353186408,0.7355022658013365,0.7790766874991624,0.7790766874991621,0.6763007406787939,0.6763007406787941,True
0.0,1.9151105017321919,1.7848149022904731,0.13029559944171876,1.4792874828953162,-2.5417880811167564,0.8046780205134477,0.3543841519586173,0.6547500212114615,0.7964406618584656,0.7964406618584654,0.8023980895917149,0.8023980895917154,True
0.0,1.891617859258186,1.6776062272004626,0.21401163205772344,-2.5957084158531325,-1.9257633484542631,1.1547002338930084,0.11896336106766275,0.3416965744842834,0.7489987369951069,0.7489987369951069,0.8616031089187371,0.8616031089187374,True
0.0,1.9284223981246669,1.614873717986886,0.3135486801377809,-0.7447882482486531,-1.5836658055347452,0.7694194321354119,0.10030289539321957,0.6889638989388757,0.6253569327397505,0.6253569327397502,0.6040385887076687,0.604038588707668,True
0.0,1.9966699448486915,1.2564420949144621,0.7402278499342294,1.3262214847841483,-2.645417695639509,0.8075993600501665,0.15033538151487247,0.7197008140574737,0.3217393099715615,0.32173930997156147,0.30053586381698016,0.30053586381698005,True
0.0,1.8105061040281554,1.6443044857457112,0.16620161828244417,-0.6431411627590617,0.11644842519876808,0.8727869973529323,0.9388622020284456,0.562347223602458,0.818775586290889,0.8187755862908885,0.8306362821865173,0.830636282186517,True
0.0,2.5461454623477873,1.440153124155446,1.1059923381923413,-0.676457500513454,-0.1876163589307428,0.6424730753882106,0.21922437082269913,0.35316372461739187,0.17454740066787847,0.17454740066787863,0.1314159092540491,0.13141590925405025,True
0.0,2.1915234033064355,1.2058990524156288,0.9856243508908067,0.14603681931256887,-1.588012443663283,0.6218511647220885,0.16572157978766455,0.6882016604754043,0.22842576690064056,0.22842576690064062,0.13021110311465328,0.1302111031146527,True
0.0,2.963748218739049,2.412650946932022,0.5510972718070271,0.7218325247821747,-1.7899985749642862,1.0084125357503901,0.7460213215093113,0.5809021083270409,0.24863930268278736,0.24863930268278678,0.48378478089044047,0.48378478089044097,True
0.0,2.336549023286541,2.1164720882918515,0.2200769349946894,-4.863899099495388,-2.171684689919109,1.3014390479771172,0.2953197838412129,0.7277501223686313,0.6879365721871888,0.687936572187188,0.9049637802969808,0.9049637802969807,True
0.0,1.8028327833105067,1.5138855792646255,0.28894720404588115,0.21804764361514295,-0.9960432401355038,0.7020904815204536,0.201120979156377,0.575126621283786,0.6623992566120382,0.6623992566120381,0.5957850682211133,0.595785068221114,True
0.0,3.7231324984174523,2.256167641307469,1.4669648571099834,-2.240995759464874,0.1916417614650492,1.1776591481065601,0.6999010506908904,0.22674543331853936,0.025246472699329357,0.025246472699329427,0.32157310068870004,0.3215731006886995,True
0.0,1.294447579999305,1.1779220193802342,0.11652556061907071,-0.4998703443136683,-1.5040323086123473,0.7017181704011529,0.10571096970385824,0.71497793120577,0.8949416605823245,0.8949416605823245,0.8312000273076386,0.8312000273076389,True
0.0,2.2245491008255067,1.2178976236594592,1.0066514771660475,-0.5831962660528558,0.5785706222134133,0.6478579621683189,0.4471966592240692,0.08698969863149775,0.3615388018893125,0.36153880188931214,0.195570508659495,0.19557050865949463,True
0.0,2.104971768418762,1.6795727298701266,0.42539903854863526,0.6905050742774335,-1.8306970892173275,0.8747087348016347,0.5978156151876746,0.6368644262496009,0.4784704396993145,0.4784704396993148,0.5328511190555745,0.5328511190555745,True
0.0,2.2852318773380076,1.9325039407462363,0.35272793659177126,-0.4627859390295374,-1.1417378057008323,0.8454290546778658,0.6240856275327376,0.5926653356447321,0.5219846991613195,0.5219846991613193,0.5942487422139618,0.5942487422139623,True
0.0,1.9095301040581503,1.8574417066228228,0.05208839743532745,-0.2496401487623261,-0.9162083103160851,0.8383538237745608,0.946989892158697,0.5213345580543568,0.9198035287757899,0.9198035287757894,0.9273757094853624,0.9273757094853614,True
0.0,2.3242062406399864,1.3462539236004691,0.9779523170395172,-0.17639740094460926,0.7955548806142663,0.7872261171404179,0.9975774338309784,0.48723463732265343,0.30357605986810715,0.3035760598681073,0.29333107718144064,0.29333107718144047,True
0.0,2.19475689986586,1.5274443926236851,0.6673125072421748,0.4828330372283337,-1.5137517233850606,0.8102769590431181,0.4151000217287866,0.5709245514114208,0.32638592858229976,0.3263859285823,0.34737581098690795,0.3473758109869086,True
0.0,2.2449676234280993,2.049182983509512,0.1957846399185872,-0.3477838756427113,-2.1745816874130597,1.0506590368626127,0.7866602642570437,0.6732289214354275,0.6827605214330923,0.6827605214330924,0.7932424873490449,0.7932424873490449,True
0.0,2.1276054843232695,1.191204700059889,0.9364007842633804,-0.6227196712392687,0.1444919524941346,0.5532916695613219,0.5488305683529163,0.6106971450212388,0.35505795423297365,0.3550579542329736,0.14357205426054304,0.14357205426054281,True
0.0,2.1302052794181767,1.3367246812541642,0.7934805981640125,2.8574437403197144,-3.4657834907446814,0.8557400036295623,0.24705142351302395,0.719820496085487,0.26004952062657744,0.2600495206265776,0.28016543798553595,0.28016543798553567,True
0.0,1.5522545169969795,1.0783402995776457,0.4739142174193338,-0.5092321351886179,-0.9995803153998575,0.6362842332048048,0.1914137559077838,0.6262836833214347,0.6287784754191702,0.6287784754191702,0.42271611707354506,0.4227161170735449,True
0.0,1.7674234683477188,1.030075572146502,0.7373478962012168,-2.0021446995224474,-0.75550500459805,0.739265804028805,0.8192005089239909,0.01702505144123273,0.6452295402494111,0.6452295402494113,0.41989091841143356,0.41989091841143383,False
0.0,1.995562677615128,1.0405038785430856,0.9550587990720425,-1.2219584364121705,-0.42471314013712214,0.6752245213583665,0.34066538683438663,0.6863675883574941,0.41267367298976004,0.4126736729897602,0.22660024318696478,0.22660024318696448,True
0.0,3.551843722097942,2.549996626608893,1.0018470954890493,0.21952318752729005,1.0426015417634247,1.1369613129663205,0.5009797472338591,0.42211319386032425,0.06890169763534838,0.0689016976353465,0.3874446459527301,0.3874446459527301,True
0.0,2.3342108415850156,1.5841006156676272,0.7501102259173884,0.0730143604465672,-1.1041962201179527,0.6788825977140003,0.9189205161368987,0.6219638520151407,0.27413607157201797,0.27413607157201786,0.2444366220534483,0.24443662205344777,True
0.0,1.8908127587170824,1.6471947361815278,0.24361802253555465,-0.01168209008731684,-1.3507432324340027,0.8683258532855607,0.23071417616089113,0.64363093851215,0.6870871211143686,0.6870871211143686,0.7109268433860807,0.7109268433860804,True
0.0,0.571786973571283,0.5689087167064788,0.0028782568648042517,0.022420224208076253,-0.7037589021648876,0.3049173670191393,0.3675092375180724,0.6672683159985726,0.9989888062918965,0.9989888062918961,0.9893973867181786,0.9893973867181791,True
0.0,2.0608706379817883,1.8996800468927977,0.1611905910889906,5.048403180175688,-4.848858336812119,1.2736417639179123,0.263635603816758,0.7147267178905916,0.7271687115725611,0.7271687115725619,0.8438736226100423,0.8438736226100421,True
0.0,2.098580061717403,1.8160497822904391,0.28253027942696374,-3.1394560782393617,-1.768969520836651,1.133087350258226,0.9408036720558854,0.716902471800152,0.658864373547922,0.6588643735479224,0.813816439646338,0.8138164396463384,True
0.0,2.7478362601732713,1.8560946824051945,0.8917415777680768,0.2548819279449823,-2.0790828969888766,1.007631489705216,0.161575736816499,0.6440240937621731,0.14965188276075206,0.14965188276075211,0.3179974558401619,0.3179974558401619,True
0.0,2.5940240656144797,1.0151396274814455,1.5788844381330343,0.20236101860792846,-0.9789844281388926,0.5041827922486366,0.7908252737169823,0.5726303957551969,0.08312204225249069,0.08312204225249077,0.02240609868008818,0.02240609868008772,True
0.0,1.8279941809891906,1.5315038153981815,0.29649036559100916,2.4546814851015366,-3.153320817366841,0.9118886107398256,0.6551662202384012,0.6714813723189273,0.6165712282009949,0.616571228200995,0.64753709627807,0.6475370962780703,True
0.0,1.7935546561701847,1.6180229738392253,0.1755316823309594,-0.11319394456816659,-0.5922248457744042,0.8019226996933942,0.09957561052635722,0.5667871555331722,0.7819847109320601,0.7819847109320602,0.7735735976831913,0.7735735976831921,True
0.0,2.0101769325284597,1.6385939600805386,0.37158297244792116,-1.2770820566335206,-1.0004498515952776,0.9990532652475255,0.46507512082890146,0.6489897515603709,0.5867265396544326,0.5867265396544327,0.6871929938225454,0.6871929938225454,True
0.0,1.793271180720294,1.2735745385487949,0.519696642171499,0.009593463798294639,0.9937328603283335,0.5519680051124686,0.6353173754523048,0.30447747802994274,0.6625624704294236,0.6625624704294233,0.36275951711825755,0.3627595171182566,True
0.0,2.2132146126439607,2.054736957722559,0.15847765492140153,-0.6354882351110919,-1.1901491052719357,0.8531154815533717,0.3360981413599934,0.6383572114004599,0.7445975045211518,0.7445975045211518,0.7935815521915582,0.793581552191557,True
0.0,2.329423582335408,1.3681945143091305,0.9612290680262776,-0.025590397498167147,-1.3645096319591654,0.7632970974469521,0.8880060288828919,0.6498328256467263,0.21019829087771347,0.21019829087771344,0.2053498008400263,0.20534980084002633,True
0.0,1.842967072268416,1.6786859745219351,0.1642810977464808,-0.30018494891823716,-1.5955599587585945,1.1863419725540907,0.021405092684264437,0.6722794710558275,0.7784568253947766,0.7784568253947766,0.8681876793139616,0.8681876793139613,True
0.0,1.5631472911825557,1.198117285118449,0.36503000606410674,-0.1758013425194785,0.10709022612837837,0.564363239002549,0.20214595605419505,0.3819750822331871,0.7149514540358584,0.7149514540358582,0.47591171974506497,0.47591171974506535,True
0.0,2.6547800902741185,0.8475838740969184,1.8071962161772002,-0.1305925836660114,0.05487204652080546,0.4180482819971281,0.5591223599658305,0.5792930795237605,0.08653662445530835,0.08653662445530831,0.008555514094749257,0.008555514094749816,True
0.0,3.0477237556531134,1.0475908488164953,2.000132906836618,0.08216332559236249,0.6907496705994205,0.6012212808925302,0.8497690475196888,0.3415445713917733,0.042560756040329974,0.042560756040329814,0.02646822709520005,0.02646822709519992,True
0.0,2.373439830867584,1.8098239320474514,0.5636158988201325,4.024925700076719,-4.2915100846395084,1.1820185241994117,0.20161211549839436,0.7226683351474193,0.31281457382474986,0.31281457382475003,0.5205248972067887,0.5205248972067887,True
0.0,2.5245336334335162,1.8237577308000972,0.700775902633419,0.20806773954676247,-1.3759186232400271,0.8252654630714692,0.06226417265557166,0.5434930681145936,0.251728818469973,0.2517288184699734,0.33400811505658456,0.3340081150565843,True
0.0,1.430391519232861,1.3703053861850671,0.060086133047793755,-0.7486697677387504,-0.740637914979554,0.8356967538769382,0.14580615358636584,0.6337815773933062,0.9423571051495963,0.942357105149596,0.9324918921495682,0.9324918921495678,True
0.0,1.8839196711848423,1.5951377761301981,0.28878189505464413,-2.2355720829419483,-0.6501693693484577,0.9406103132635577,0.08178954147227735,0.6823950475132881,0.7371074378423097,0.7371074378423096,0.7796423511910078,0.7796423511910092,True
0.0,1.4123282191147157,1.1833017903761114,0.22902642873860435,0.09613883418011845,-0.7986503732968318,0.5287234990097912,0.9127881663084114,0.5915572424009153,0.7885313744476258,0.7885313744476259,0.5821204042619473,0.582120404261948,True
0.0,1.7604624717403545,0.9745338062505172,0.7859286654898373,-0.5842988113180605,0.3712311881692947,0.5484996406361962,0.8434991843249501,0.005648350841452321,0.6137987442742393,0.6137987442742392,0.22004180953712085,0.22004180953712185,True
0.0,1.6853709830501808,0.6738160184873734,1.0115549645628075,-0.042061998207019155,0.5090787279856333,0.38744550801497313,0.33710664461258744,0.17524218986559026,0.5390213765562963,0.5390213765562967,0.05483018757972218,0.05483018757972253,True
0.0,1.5397515110443145,1.1396648055628793,0.4000867054814352,-0.04310421055195312,-0.7912542878795568,0.4870840703366479,0.6591847537571325,0.6292659208920006,0.6551162122092153,0.6551162122092155,0.3564303645350627,0.35643036453506205,True
0.0,1.7730562520787707,1.4859917644975023,0.28706448758126846,0.15654578121624074,-0.8774914564223508,0.7421253812623285,0.13917698590233968,0.5654873736746181,0.6726465339140167,0.6726465339140166,0.6225695783546565,0.622569578354656,True
0.0,1.6341285425881926,1.218369502666362,0.4157590399218307,0.3607106844658382,-1.6307655353625308,0.6501290725724681,0.5892931581287196,0.558649898503415,0.594982346114986,0.594982346114986,0.4428494865021562,0.44284948650215644,True
0.0,1.7487361947912123,1.6670276770150532,0.08170851777615917,0.9024889109342025,-2.065963544949478,0.8079092850075615,0.39547555999145523,0.6485450723521495,0.8794182050313477,0.8794182050313474,0.876152851850494,0.8761528518504939,True
0.0,3.1330364821741497,0.9430461944798071,2.1899902876943425,-0.25009251297754365,-1.299767951449239,0.5240972900093214,0.822740387125201,0.7188404449998902,0.01950166247139223,0.01950166247139222,0.00738379280015508,0.007383792800154916,True
0.0,2.461773050805726,2.005557089208823,0.4562159615969028,-1.5800842611606798,0.7330440052062273,0.77808366674572,0.8607685109883764,0.143047767371435,0.5336169031112197,0.5336169031112203,0.5568532844168982,0.5568532844169012,True
0.0,2.389008562823582,1.8216376545692614,0.5673709082543206,-2.6171354397030924,-0.2976643082586886,0.9730840364082679,0.881870551411247,0.66247530192582,0.4560537479857632,0.45605374798576354,0.6136908184293672,0.6136908184293666,True
0.0,3.2751573182162415,1.9524602080732238,1.3226971101430176,-5.1223201618614445,-1.8965586146300586,1.4373271526251459,0.7084462882231155,0.7279257305133596,0.06069615363596054,0.06069615363595903,0.6521420741835855,0.6521420741835855,True
0.0,1.8600818870537335,1.7069916034178099,0.15309028363592359,-1.8915815554653759,-2.4458331859355136,1.1556955554386648,0.7010238010776499,0.7283204427621912,0.7973809501618933,0.7973809501618934,0.8805115816226743,0.8805115816226741,True
0.0,0.7052091657078339,0.3978338933872851,0.3073752723205488,0.043918019793085225,-0.4858116055435787,0.2623855234876327,0.24314446286348007,0.6572754072897719,0.9055607452263371,0.905560745226337,0.2600376822089046,0.2600376822089045,True
0.0,2.194186584284276,1.5890731795447892,0.6051134047394866,-1.3930416001658694,-2.0177151688135653,1.0387599582870493,0.6801522210038898,0.42143422993812957,0.3785959814379308,0.3785959814379308,0.52815567291494,0.5281556729149395,True
0.0,2.556609351921911,2.531745904668951,0.024863447252959858,0.6187828982670905,-2.4307197029902503,1.0941421863839658,0.7194395515508181,0.6409691617105251,0.9421616986602818,0.9421616986602811,0.9701675968161826,0.9701675968161829,True
0.0,2.4729286545824167,2.1324416370490122,0.3404870175334045,2.931568750914753,-3.9940177430236714,1.267816860686845,0.6333165995642286,0.6962579610419501,0.46647292773149734,0.4664729277314979,0.6952781170079162,0.6952781170079163,True
0.0,2.0479066657312583,1.070893468641364,0.9770131970898943,-0.23342811604922115,-1.0247464810926608,0.6969721511911294,0.15347200357004304,0.5014755908326354,0.2863407865533268,0.28634078655332684,0.1878107732728871,0.18781077327288712,True
0.0,2.118953815894088,1.3071481428632918,0.8118056730307963,-0.07468742380272853,-1.1428044862215805,0.7453067007787167,0.3807583633813699,0.6572548241643648,0.3045537926377962,0.3045537926377962,0.2615896916067361,0.26158969160673606,True
0.0,2.5899193140832173,1.6836120643826165,0.9063072497006008,-1.6977833280761925,-0.7127372347077294,0.9603781824828101,0.19513120030278885,0.3378883717507826,0.21400832591554197,0.21400832591554203,0.3683013013376712,0.36830130133767075,True
0.0,2.591417344637591,1.3838702986791158,1.2075470459584754,-0.4640770840051146,-0.4802122975464863,0.7101197897981688,0.5116799384749932,0.5772504366288878,0.13702694096662624,0.13702694096662632,0.13038825497379267,0.1303882549737924,True
0.0,2.7081580635363545,2.3661207674078737,0.34203729612848077,0.09472557919999199,-2.7716388548965543,1.1958644818940898,0.3274569492615427,0.6531332932320699,0.4426049054338338,0.4426049054338339,0.6897328881110871,0.6897328881110864,True
0.0,3.354282946780246,1.8802514385863256,1.4740315081939206,1.6663811580864083,-4.179783523531437,1.291451982474725,0.7870244227625209,0.7483981894156998,0.02413395322636913,0.024133953226369402,0.21583750786311076,0.21583750786311054,True
0.0,2.1513879545425025,2.0438656515594293,0.10752230298307319,2.1757139312753373,-3.2218433203338845,1.0029676495165192,0.08418352175730587,0.6636402213180134,0.8050207104590638,0.8050207104590642,0.8632717388847396,0.8632717388847394,True
0.0,1.9981835289335552,1.9721294049505182,0.02605412398303697,0.45289984626447133,-2.2755063953839634,1.1070152668341957,0.8085397067698381,0.6684814555205132,0.9535039515124335,0.9535039515124335,0.9715356645205456,0.9715356645205455,True
0.0,2.1526670353836526,1.230356458937324,0.9223105764463286,-0.6023069884781781,0.6679017929842561,0.5988879110093471,0.7119427695178838,0.04560506523479113,0.4344864148820083,0.4344864148820083,0.19412580373710878,0.19412580373711,True
0.0,2.1572553653226256,1.9501977150490684,0.20705765027355727,-0.7415078551465648,-0.7825921729174459,0.9875356837316779,0.49438476375789425,0.5180183304331945,0.6993354357829534,0.6993354357829533,0.78918566625432,0.7891856662543201,True
0.0,1.78107804241987,1.5601610068371479,0.22091703558272213,1.5646504115739361,-2.6313442154928435,0.9648189162590991,0.3430286839892216,0.6733255354203078,0.7050223205301531,0.7050223205301535,0.7474625592386192,0.7474625592386193,True
0.0,2.4151604224267187,1.909325207796445,0.5058352146302736,-0.7485273907460785,-0.25839355221166505,0.8340022139798021,0.9745297588479557,0.5035415887909351,0.4067031353585333,0.4067031353585333,0.49220414009883534,0.49220414009883556,True
0.0,2.810581855545988,1.6015900510815337,1.208991804464454,-1.9073664073169003,-0.19884179000751634,0.9142591778183727,0.8135668625670989,0.20393888658192527,0.13954437601303465,0.13954437601303488,0.2692464281531205,0.2692464281531209,True
0.0,1.9762485153563376,1.8521784083520416,0.12407010700429599,-0.043717490153334204,0.30358704404643744,0.854025167460102,0.2934504852066533,0.5107840527437594,0.830234871580238,0.8302348715802383,0.8523152326869627,0.8523152326869627,True
0.0,1.8442961978449124,1.2707041380617567,0.5735920597831556,0.1685043020717902,-1.6566482337412842,0.6745909990105405,0.6794918860978242,0.6808442783192614,0.45785448683133173,0.45785448683133156,0.33752202992324926,0.33752202992324887,True
0.0,2.3582674406874577,2.336380184581616,0.021887256105841857,2.5121259066857267,-4.23680761143791,1.33840707925062,0.1181636422911772,0.7003101088753904,0.9513953230992612,0.951395323099261,0.9784743091328416,0.9784743091328424,True
0.0,2.016165157283634,1.5117622343387906,0.5044029229448435,0.7037454702757443,1.9033329388907005,0.649833450071415,0.4160698466654699,0.10826809471235577,0.7032110064714364,0.7032110064714376,0.4851939416025314,0.4851939416025327,True
0.0,3.340213693892107,1.0480950076192728,2.2921186862728344,-0.5132217825874148,0.11656042606838746,0.5397548634533086,0.5337648808709543,0.2526969631163199,0.01768481727433669,0.01768481727433664,0.009771425564311084,0.009771425564311213,True
0.0,2.1302040542807266,1.8006640214688605,0.32954003281186606,-0.4909556564121033,-0.31167895644831356,0.8062670254407115,0.4389095923038268,0.5702120667528952,0.5907711377155156,0.5907711377155156,0.6191802771323535,0.6191802771323526,True
0.0,4.566781817448175,0.9134418976147588,3.653339919833416,-0.5839117043056702,-0.6547118387245254,0.6401028766673177,0.16592002969548292,0.5463842484807169,0.00012864122127695287,0.00012864122127692696,0.0021059707651199257,0.0021059707651200008,True
0.0,1.6398458226909414,1.518384434691477,0.12146138799946438,-0.718194316463576,-0.6783122328607885,0.7338808363970467,0.3339333951693916,0.3897513565160536,0.8657308833072264,0.8657308833072268,0.8281490395010411,0.8281490395010421,True
0.0,2.6692754332355584,1.889478067984276,0.7797973652512824,-0.380652813052244,0.020717767835639833,0.7715873425737442,0.5352133132132972,0.5674717944855734,0.22558295718693436,0.22558295718693414,0.3017647559439192,0.3017647559439188,True
0.0,1.5602019259593458,1.3022373520017574,0.25796457395758843,2.3512514780456946,-3.36726691802467,0.8902817163916713,0.28367911306034793,0.7384918779763807,0.696654906389554,0.6966549063895539,0.6908277668817853,0.6908277668817853,True
0.0,3.6623185389212116,2.455002836637302,1.2073157022839096,-1.084429263991556,0.2860638597889278,1.10806209557721,0.41420670647566704,0.3722967515754352,0.03906326458748794,0.03906326458748802,0.3051687556770351,0.30516875567703367,True
0.0,2.9333021278202356,2.23252685148871,0.7007752763315254,-0.7734621257174085,0.428522906668646,0.9128679072907474,0.6708394795828273,0.33583699114721965,0.2227572278207064,0.22275722782070623,0.4263275920925079,0.4263275920925082,True
0.0,1.7337214129534135,1.5910659088873198,0.14265550406609373,-1.792917243764582,-0.16968671959366866,0.8220130011396091,0.1618608814683633,0.6542400869858458,0.8842203225429512,0.8842203225429508,0.859045268105608,0.859045268105607,True
0.0,1.6234150983454498,1.583711621681133,0.03970347666431673,1.04221629368236,-2.4768326507139498,0.8852427864876469,0.4014886180541631,0.6468493828235169,0.9425239575761408,0.9425239575761405,0.9447842526010789,0.9447842526010789,True
0.0,2.463483056390547,1.4862775029136153,0.9772055534769317,-0.14981673922526081,-2.3371736732904744,0.9302592294900788,0.16713188099212767,0.7113549361146256,0.17378843152376836,0.17378843152376833,0.26657728439260464,0.26657728439260486,True
0.0,1.560761686587453,1.4878313555065972,0.07293033108085578,2.885463280530215,-3.4576497320928548,0.9411348107945924,0.08900094424405358,0.6631289695242089,0.8960742225687096,0.8960742225687097,0.904144456337391,0.9041444563373908,True
0.0,1.6011010030317323,1.5537335764178222,0.047367426613910135,0.8282284193525241,-1.8392658703041065,0.7123160336046461,0.8595290621169658,0.6141128338073963,0.9342227670643212,0.9342227670643221,0.9165825457039153,0.9165825457039146,True
0.0,1.2826729292431354,1.051828334494033,0.23084459474910246,-0.08626812376154033,-0.9366564733859213,0.5329025700791448,0.3712639920256155,0.6351475365725611,0.8137038421504701,0.8137038421504699,0.5913401743646614,0.591340174364662,True
0.0,2.200327654939043,1.4673459465527878,0.7329817083862553,-1.4736070124422358,-0.70155424106632,0.8228004840006274,0.4556538346455478,0.29577686333572595,0.3686962503610918,0.3686962503610918,0.38140402070894475,0.3814040207089445,True
0.0,2.8300967800145336,2.10164782207662,0.7284489579379136,-0.548625255092807,-0.2621758474761099,0.9087323439032775,0.2749814005834733,0.4153453097042855,0.21084179779116644,0.21084179779116632,0.384989062070636,0.38498906207063616,True
0.0,2.5019338200186807,2.1731762388685327,0.32875758115014797,0.5242465697725472,1.5368207013428572,0.8719117260279945,0.7441797185674202,0.4015814984936902,0.5629834796177801,0.5629834796177814,0.6825562099486288,0.6825562099486283,True
0.0,3.045103408441546,2.571287679976276,0.47381572846527,-1.2791851116014663,-2.795839926320289,1.2081580165717223,0.4420333341403344,0.691162187677534,0.2887280352604065,0.28872803526040663,0.6059834377759672,0.6059834377759673,True
0.0,3.069984629509392,1.3908327348730667,1.6791518946363253,-1.2003042286322896,0.35104628165108487,0.784566247034196,0.41274344073818603,0.5814849489894978,0.06747301812007875,0.06747301812007868,0.10960770184688282,0.10960770184688257,True
0.0,1.2688856235773758,1.20157319342422,0.0673124301531558,-0.6157450641503941,-0.12142060032710467,0.6272372789404649,0.8133559708039795,0.6232501259300479,0.9558602933631523,0.9558602933631527,0.8963437422826166,0.896343742282617,True
0.0,1.414361405597645,0.8801538097690333,0.5342075958286117,0.03565956358313994,-0.8732866330690134,0.39097503779544845,0.1949558324528734,0.659303516186571,0.6215943183541015,0.6215943183541014,0.17932134892106555,0.17932134892106608,True
0.0,2.5393092861385416,1.6352818766618764,0.9040274094766652,-0.5188071077879687,-0.6299551682651846,0.7839035053819109,0.38681315681513506,0.620221248697244,0.2023423685065036,0.20234236850650358,0.24725317714957631,0.24725317714957729,True
0.0,3.3371631629838197,1.731545167985873,1.6056179949979466,0.2228124959925222,1.6665306121346903,0.8949588090730543,0.6207002123125527,0.16027056107494753,0.05393908931690343,0.05393908931690245,0.19333777640279157,0.19333777640279154,True
0.0,1.0570461890730773,1.0286433398523018,0.028402849220775517,1.1561242741224786,-2.195943834159878,0.6139543470687276,0.3043410913855947,0.6855694481572924,0.9725202107484407,0.972520210748441,0.9445209578765345,0.9445209578765346,True
0.0,1.5335957839269305,0.8411368931794511,0.6924588907474795,-0.3251938995363699,-0.6106199978325143,0.6004725837029907,0.013842556147333207,0.6624293816687665,0.5651851839470134,0.5651851839470134,0.28262042745578997,0.28262042745578964,True
0.0,2.7476925034862427,1.92014612952345,0.8275463739627926,-0.3102798478604171,-2.288284817325254,1.1646792643128565,0.4436720373757417,0.6860317457232783,0.1691899475580901,0.16918994755809005,0.4162859820288179,0.4162859820288179,True
0.0,1.889864958089282,1.737862742318974,0.1520022157703078,0.6728373700455874,1.658603050433198,0.8908685736121101,0.8430227289916745,0.3705395623698887,0.8530049708939227,0.8530049708939245,0.8745183447948417,0.8745183447948424,True
0.0,2.264725090050288,1.6421122689214003,0.6226128211288877,0.008675541212957733,0.4208303340809514,1.020057606370417,0.656476814028776,0.47514362362946294,0.38634452797374025,0.3863445279737404,0.5494429425828874,0.5494429425828876,True
0.0,2.295977495090258,1.4201608248196784,0.8758166702705794,-0.062162097533875665,0.2630839480970246,0.6469315155936368,0.740168638251138,0.4508415161390654,0.28294783177828214,0.28294783177828203,0.2055100490194947,0.20551004901949538,True
0.0,3.2879661220899066,1.9665684449393783,1.3213976771505282,1.028410004680409,-2.9947521920088,1.1351529498153647,0.8016054375940235,0.6728135054626441,0.036540465198864065,0.0365404651988642,0.20947244081364366,0.20947244081364375,True
0.0,1.8658665110698707,1.3438061028409263,0.5220604082289444,0.1312147413600807,1.2769530450176,0.5912528482456506,0.721130906192721,0.17387829946711297,0.6809517343601428,0.6809517343601422,0.404910714527859,0.4049107145278591,True
0.0,2.4955848782246015,1.2485250972716364,1.247059780952965,-0.3940747935860708,0.620397039050272,0.5296585758337438,0.33869977495368647,0.16074514210427976,0.2068084682879353,0.2068084682879352,0.07307739067721768,0.07307739067721745,True
0.0,1.675022387450844,0.574866761778914,1.10015562567193,-0.06323766599677896,-0.28672553972803794,0.3454939092994726,0.20960809742461345,0.48124029919846445,0.4251052831716604,0.42510528317166035,0.02413508691288744,0.0241350869128873,True
0.0,1.6967659796045091,1.436565415343998,0.2602005642605112,0.4090501471709029,-2.6442616146212456,0.9583090062628843,0.05179823015735269,0.6354051732781392,0.6901809854520807,0.6901809854520811,0.7247173974337858,0.7247173974337857,True
0.0,2.259410333361306,2.0003985666542152,0.2590117667070908,-2.898526165186618,-1.2120823918798531,1.0708692047801576,0.5961398299041637,0.6864631670096573,0.6547793862767061,0.6547793862767064,0.7999105517024715,0.7999105517024724,True
0.0,2.0437752065769086,1.632290392162595,0.4114848144143135,-0.2490692395432878,-0.9163272805970238,0.9053897827359552,0.8699109311581128,0.46407950302080203,0.5268578669179091,0.5268578669179094,0.5887835386774481,0.5887835386774484,True
0.0,1.245140222564513,1.2358156644564036,0.009324558108109393,0.7229455700332131,-1.7899310826695434,0.5946883357772138,0.35885159496793895,0.6545886470127518,0.9896869709438132,0.989686970943813,0.9800394890367142,0.9800394890367139,True
0.0,1.1845160617406352,0.9737230012376713,0.21079306050296387,0.003760178417534013,-0.550409403330085,0.442784334257882,0.85623845756439,0.6071561220176719,0.8484426033361916,0.8484426033361916,0.5582688038492415,0.5582688038492408,True
0.0,2.062433473154694,2.048763721762851,0.013669751391843121,1.8626852281430184,-2.830933228565177,0.9909761771841565,0.3869096802544536,0.648961305450681,0.973532902414437,0.9735329024144366,0.9814951701612816,0.9814951701612815,True
0.0,1.8487170398785149,1.5191653741236166,0.32955166575489825,0.27092337252559195,-1.149431193309962,0.7288647869347707,0.521246421049903,0.5792689581297388,0.6168073708534556,0.6168073708534555,0.564818401994831,0.5648184019948307,True
0.0,2.115645888102691,1.924244687618614,0.19140120048407727,-0.8542742021651468,-0.3416575580493887,0.916669037427097,0.5054857873893288,0.6101946990258447,0.7339137293648673,0.7339137293648677,0.794696751642605,0.7946967516426052,True
0.0,2.2490006169774355,1.882792297936924,0.36620831904051143,-2.041823164752782,0.5986788663698093,0.8454008136568284,0.76766709896248,0.06158688571326709,0.7103177455468753,0.7103177455468747,0.7024645269807545,0.7024645269807522,True
0.0,2.6149317636998752,2.019735654331642,0.5951961093682332,0.439293217735995,-2.4614050639466094,1.041598046424871,0.35932323264658195,0.678208786666276,0.27577262913216416,0.275772629132164,0.4722184627743437,0.4722184627743437,True
0.0,2.2729085919541436,2.220402398437762,0.05250619351638175,-0.04782663197523707,0.013592399543823186,1.0825250397442308,0.0668563665887082,0.505283909312765,0.9045289929518083,0.9045289929518082,0.9480361855630812,0.9480361855630813,True
0.0,2.3762882229260045,1.2427736927934414,1.133514530132563,-0.594493787626967,0.47239480903711595,0.6308134536358841,0.05812177277506719,0.2540764329703042,0.2625497536183162,0.2625497536183163,0.14064397131396358,0.14064397131396306,True
0.0,2.1449838392474114,0.8994781575914539,1.2455056816559575,-0.17703456279649943,-0.7378084013128778,0.5089101355026303,0.4568562055168342,0.6691340188315537,0.21856762797268045,0.2185676279726805,0.05133364722469631,0.05133364722469637,True
0.0,3.06573091085063,2.067524453156388,0.9982064576942418,0.2327040885257623,-1.2369520099970805,0.9889594106758678,0.36437247914526355,0.5651229985173271,0.09456112586506753,0.09456112586506772,0.2743660463292753,0.2743660463292756,True
0.0,1.8997538674144576,1.2649030992983077,0.6348507681161499,0.6715801142055903,-2.5967123163723613,0.8584311084908264,0.17793468366843412,0.7005335961241671,0.3970823863587838,0.3970823863587839,0.39618855964720745,0.3961885596472077,True
0.0,2.800386699239873,1.5165019741629502,1.283884725076923,-0.046489234413679026,-1.984069573121987,0.7795132593285836,0.6135030994988635,0.6974960854404075,0.07989928681451013,0.07989928681451018,0.11855185780889577,0.11855185780889561,True
0.0,2.0150543637792278,1.8732654716689412,0.14178889211028656,-0.7820856016289602,-0.5062853643672344,0.8163063993653124,0.9762276427894614,0.6096030472307213,0.8009921441875116,0.8009921441875116,0.8168135566569799,0.816813556656981,True
0.0,2.3741508827074824,1.2359064870141905,1.138244395693292,2.370051887107129,-3.21595781003694,0.8136419772758402,0.6579376974292993,0.7266555805156967,0.13653852574432826,0.1365385257443282,0.1478518729505692,0.1478518729505694,True
0.0,2.004192177495625,1.424265607522959,0.5799265699726661,-0.5024214466276307,-1.826891538054666,0.7478773171749176,0.12185647344158296,0.7037036589348813,0.42516702497969405,0.4251670249796941,0.3779707735579291,0.37797077355792924,True
0.0,3.2382116962048944,2.1624075486322014,1.075804147572693,-0.554539487695193,-0.15760902837227742,0.9005842836242743,0.49897828779078673,0.49764158239066875,0.07724404516025497,0.07724404516025507,0.24115494514307256,0.24115494514307265,True
0.0,1.6654963275824042,1.2158063560167955,0.44968997156560864,-0.7677096190562481,-1.2129259223911204,0.6173119563012607,0.6812234393495524,0.7021407412603651,0.6097933269989453,0.6097933269989453,0.4138057709179105,0.4138057709179104,True
0.0,1.9201208152058027,0.8348526559985757,1.085268159207227,0.19019897362532653,-1.4274833711126935,0.4983637663820796,0.1644548119843987,0.7133914576062015,0.2781470409845102,0.2781470409845102,0.06383218479391299,0.06383218479391321,True
0.0,2.020088061515329,1.6504659439009834,0.3696221176143457,0.20175599840554537,-1.1358469822330965,0.7935825301152576,0.3980468437813048,0.574589761609282,0.5512973634988603,0.5512973634988602,0.5562345050184906,0.5562345050184904,True
0.0,2.244767468337901,1.7895091578465725,0.45525831049132837,1.8545433016356772,-2.8194061224800597,0.978008809479843,0.7400875613700324,0.6648439553385239,0.416209980440726,0.41620998044072616,0.5336670232002113,0.5336670232002111,True
0.0,2.5687211504943877,1.5118984236453687,1.056822726849019,-0.21972111823813578,0.09688981547140707,0.6547201272580861,0.41480477665285787,0.5609716801654381,0.17485964921015512,0.17485964921015532,0.14895644708525002,0.1489564470852496,True
0.0,1.7405897892220872,1.0027025185841187,0.7378872706379684,1.6788994586766464,-2.6192796554545303,0.6774400030971676,0.28853720875275873,0.6790989639839491,0.37916257409709553,0.37916257409709564,0.23733353432302667,0.23733353432302653,True
0.0,1.8863883661528522,1.3325467964847326,0.5538415696681196,-1.6525958212049796,-0.31355331064590863,0.767418164320477,0.3169375305208164,0.1888101532442854,0.6113802136084732,0.6113802136084733,0.5022931693477865,0.5022931693477861,True
0.0,2.5956834541297535,1.6433168521941603,0.9523666019355932,-0.70912808249262,-2.2272760485318037,0.891003294447959,0.05844708161228174,0.7116752435234608,0.16302438177726253,0.1630243817772626,0.2575116986284644,0.2575116986284647,True
0.0,2.355414069942424,1.6320083494442712,0.7234057204981528,-0.8586192320654717,-1.2959063933363413,0.960746363269054,0.2985189866739635,0.6760700527627086,0.29216310894146913,0.2921631089414691,0.41856538319678166,0.4185653831967816,True
0.0,1.7267565085638488,1.1849156420178537,0.5418408665459951,0.5548035231799795,-2.503703377895593,0.8073668107000941,0.571137817625075,0.7426404422974364,0.48807614392703863,0.48807614392703874,0.43665851226025426,0.43665851226025426,True
0.0,2.124675235929103,0.8690278792212769,1.255647356707826,-0.42436726793162477,-0.7318356070351674,0.5010427417197069,0.00015554457544131317,0.689809232862544,0.2350404702829238,0.23504047028292369,0.04945280102756995,0.04945280102756964,True
0.0,3.0368405803301086,1.045083392396692,1.9917571879334166,-1.1590854033298352,-0.0775543054445268,0.5729852304472726,0.21609556494945797,0.01032704695602249,0.05155428256320447,0.051554282563204476,0.02187103533639427,0.021871035336394912,True
0.0,2.376923920066282,1.5785628805179777,0.7983610395483043,3.026315978412978,-3.694160256748135,1.0269746403706232,0.30670686664597213,0.7028962222143854,0.2140126507033096,0.2140126507033099,0.34568268370301086,0.3456826837030109,True
0.0,2.4981435157570933,1.6170538326541803,0.8810896831029129,-0.1339071833947989,-1.1828541375202266,0.7784359657558869,0.6268876147689914,0.5240017045950727,0.20179916028769063,0.20179916028769052,0.2391484177564202,0.23914841775641968,True
0.0,2.260024145677371,1.6089089891530033,0.6511151565243678,-1.8306674305267159,-1.4652917521595497,0.9605539482545559,0.7576858147558476,0.6845900066588675,0.3626860852731969,0.36268608527319685,0.4818582186622138,0.4818582186622143,True
0.0,1.952738286814943,1.7256362235735658,0.22710206324137716,1.8519132207919307,-2.746533219083763,1.0218465315406795,0.9103008515188691,0.6515102337954688,0.6713860871142631,0.6713860871142631,0.7487734606610339,0.748773460661034,True
0.0,2.5481250407011022,1.5429269533281897,1.0051980873729125,1.4435664806576665,-2.4077004146528274,0.7413337992251642,0.0523752999843331,0.6346185316189139,0.14324855831387662,0.14324855831387645,0.159747853224532,0.15974785322453217,True
0.0,2.661310619417164,1.2546710083707093,1.4066396110464547,0.5117001217150884,-2.400868322269463,0.7519890095099244,0.6056751445786532,0.7220091978110252,0.07832640508176437,0.07832640508176442,0.08602182012346687,0.08602182012346678,True
0.0,1.8366932807716922,1.4653916066150239,0.37130167415666837,-1.0255290824360521,-0.8946209617546494,0.7302709171724013,0.316794905077935,0.6710235818484036,0.6278597399862748,0.6278597399862749,0.5548039459221402,0.5548039459221398,True
0.0,2.226869917559573,1.483110400385835,0.7437595171737379,-0.33445508221907727,0.16412706885988837,0.7730661483402681,0.7176786893409761,0.4263686394529547,0.35087117348868274,0.35087117348868274,0.34324542357555193,0.34324542357555193,True
0.0,1.0989377397834414,0.5870666031971178,0.5118711365863237,-0.1498438153304846,-0.853771260192951,0.4010675924536541,0.14369237620770942,0.7291340754037201,0.7513034695367559,0.7513034695367554,0.2268716390108633,0.22687163901086305,True
0.0,2.3531488013517166,2.097316119736084,0.25583268161563266,0.32809467961034566,-1.4607359533482351,0.9242188340969963,0.6886179697391148,0.6060356221337804,0.5948889509626942,0.5948889509626939,0.6991865627004747,0.6991865627004746,True
0.0,2.2594210640189396,1.789713593599162,0.4697074704197777,1.5506797968596513,-2.9703761389227226,0.9765944189788925,0.3989409885800498,0.6804381455155746,0.40484554673771767,0.40484554673771783,0.523982279009785,0.5239822790097848,True
0.0,2.9695481892370754,1.3005479796887147,1.6690002095483607,-1.1962957243730314,-1.5717140086840935,1.002706234334856,0.8078938387571797,0.7239100662797824,0.04599138134871396,0.045991381348713924,0.15271214599414348,0.15271214599414337,True
0.0,2.727230110013493,2.023196123803967,0.704033986209526,-2.7455610171418896,0.08065864029621994,1.1220209457939647,0.7139583781666966,0.1399883277136732,0.3205411841329262,0.32054118413292754,0.6796864132252014,0.6796864132252024,True
0.0,2.44270357748226,1.671192109152689,0.7715114683295712,-0.9197494065751589,-1.7954578553742473,0.8514465226131416,0.995405953177884,0.694444977948681,0.2490139813888251,0.24901398138882516,0.32281154475312757,0.3228115447531278,True
0.0,2.1402192084833778,1.5662797522591674,0.5739394562242104,-2.1733606890166057,-1.3406446692439091,0.9169802679856714,0.6220510631700895,0.7070843225864032,0.44825118805600966,0.4482511880560094,0.5236226931707032,0.5236226931707028,True
0.0,1.9104768461359782,1.3480779515289223,0.5623988946070559,-0.41952880769946244,-1.1726307860639986,0.743025854458748,0.37915427495156573,0.6699896582069423,0.46965144072049936,0.4696514407204995,0.40213659738191293,0.4021365973819129,True
0.0,1.7040935941163589,1.5896224945162158,0.11447109960014301,1.1536259020379935,-3.0713634955354316,0.9453434154169597,0.0333355479299538,0.7167610345912149,0.8375210836353403,0.8375210836353405,0.8578198785463538,0.8578198785463538,True
0.0,2.8687679353406557,1.570163700987944,1.2986042343527116,-0.8809741771115943,-0.7960712323979987,0.7751820628257802,0.3954027249854784,0.5868272627132731,0.08548963574828385,0.0854896357482838,0.13257270277152264,0.13257270277152228,True
0.0,2.782577422844651,1.2684036431085541,1.514173779736097,0.17024812677027232,-1.269787445170655,0.6237578865227712,0.6133826073970621,0.6527747010146674,0.06430695064222175,0.06430695064222161,0.047839658033491765,0.04783965803349183,True
0.0,2.6428933693111905,2.3824951250087767,0.26039824430241376,-0.8690176579469326,-1.0997640585506296,1.2906641674685773,0.8052980245456192,0.5979299944139771,0.557573852163683,0.5575738521636833,0.7992770701688287,0.7992770701688301,True
0.0,2.1486063266424162,1.8584776014807372,0.2901287251616791,2.2659819691367895,-3.6605710064170727,1.0898972475092146,0.0322896198267269,0.6998387708188334,0.5704998115552191,0.5704998115552196,0.7006448903186584,0.7006448903186586,True
0.0,2.205289465603311,1.730258564054379,0.475030901548932,-2.85947908906776,-0.12563434591624356,0.9306886742458563,0.4427130181615372,0.06044512383052136,0.6388697243040871,0.6388697243040874,0.7025176690632181,0.7025176690632179,True
0.0,2.093102266127607,1.9917528569224148,0.10134940920519231,-1.9137506357328358,-1.8869752085855236,1.2585558191484187,0.8785386586023993,0.6711042083664847,0.8399090444088245,0.8399090444088242,0.926678344787251,0.9266783447872513,True
0.0,2.302502406025757,1.6302872496304028,0.6722151563953542,0.3990775423904769,1.2866367784265536,0.7957939988679369,0.8254829806739845,0.37366337886957657,0.4015178371130158,0.4015178371130153,0.4280474608040987,0.42804746080409994,True
0.0,1.9452919710294023,1.3159266235042952,0.6293653475251071,-0.3972300309949951,0.537255704986384,0.7417066700275531,0.07723064623375658,0.2440373056432768,0.5350761691738019,0.535076169173802,0.4326002914366856,0.4326002914366867,True
0.0,2.3869180113162116,2.2134038367797064,0.1735141745365052,-1.4661471104874726,0.06009948330792825,1.0679125387614725,0.2543360536122927,0.42927232496590706,0.7335258769169954,0.7335258769169957,0.8586910415485022,0.8586910415485038,True
0.0,1.8306580007953857,1.5095718053333833,0.32108619546200234,-1.4633133696612362,-2.112856081518854,1.0192638712736808,0.7603761955104287,0.7341801440809903,0.6455588385049359,0.6455588385049359,0.724603515812345,0.7246035158123452,True
0.0,1.5110427386562912,1.2320443636436054,0.2789983750126859,-0.02700164222260209,-1.0150386619860368,0.5550038839575324,0.45264565968468373,0.6440254003882541,0.7331193929457726,0.7331193929457724,0.5314954561301257,0.5314954561301264,True
0.0,3.4100190526605276,2.538033028028346,0.8719860246321818,-3.3123175018665236,-1.4291993915858359,1.2597017313293744,0.2571610753625524,0.6574049737416099,0.09964682541541385,0.0996468254154117,0.47896462046097865,0.47896462046097765,True
0.0,1.8649775210078874,1.725097777116744,0.13987974389114344,0.8744849139421091,-2.4101193300890302,0.8878758992867741,0.1566124907819294,0.6727357387990623,0.7922683178915386,0.792268317891538,0.8145860559753844,0.8145860559753839,True
0.0,2.8195973561879835,2.0211024427778925,0.7984949134100909,-5.010925092203169,-1.039632414895731,1.3565286623290909,0.7641067262761829,0.10770661274444354,0.26905644086174796,0.2690564408617459,1.070795818701415,1.0707958187014146,True
0.0,2.6250523501572376,1.547887668383834,1.0771646817734035,-0.9195445533036647,-1.2858010017740213,1.038270693311896,0.8735632879674564,0.6052223033565532,0.14477756720342033,0.14477756720342033,0.3119406940412391,0.3119406940412387,True
0.0,2.9631040650450777,1.6610917469939368,1.302012318051141,2.613980164488764,-3.435189486544702,0.9569488548855924,0.8773970504498261,0.7038482677304424,0.054131923974969784,0.054131923974969944,0.15078440408316174,0.15078440408316202,True
0.0,2.417849468505659,1.5236291079944864,0.8942203605111727,-3.5553419835482916,-1.291462409489598,1.0539247834068874,0.22151169625651512,0.7302077715052853,0.3158472679223615,0.3158472679223612,0.5472970746073353,0.5472970746073355,True
0.0,2.492843760601401,1.768234000469943,0.7246097601314581,-0.3006740850996449,-2.3835526663409956,0.8993184985579642,0.5792110027461,0.706523677405106,0.2446217001080679,0.2446217001080677,0.3518871844613064,0.35188718446130607,True
0.0,2.5027571348400164,1.5549167033793485,0.9478404314606679,-0.22711872170090316,-0.30201455289411416,0.8831720329429333,0.6690918487700834,0.457718466650674,0.200315388429949,0.20031538842994925,0.28988393640002413,0.2898839364000239,True
0.0,3.0416666192300017,2.3455288943889268,0.696137724841075,-0.0676616687231947,-1.589269276684285,1.2830996870001505,0.001546251850839564,0.6165202916411527,0.1758686961451674,0.17586869614516676,0.5114583505809296,0.5114583505809294,True
0.0,1.3267173297041162,0.908212403376805,0.4185049263273112,-0.04891602515629618,-0.34864594401445403,0.5893716179874282,0.5660001475819181,0.5617167357179264,0.7228354531661444,0.7228354531661445,0.462980099022275,0.4629800990222756,True
0.0,2.718638785177915,2.0630953083755315,0.6555434768023836,0.7390967338169494,1.8034098344912408,0.8497332099987783,0.7863875302934915,0.30440915039177413,0.31871002309415386,0.3187100230941513,0.4659444701631125,0.46594447016311374,True
0.0,1.8880591438048338,1.433924397974363,0.45413474583047075,-1.214957802452212,0.4907032654411454,0.6466314558929978,0.7612776652670479,0.052724449025296605,0.7391305295871882,0.7391305295871883,0.4917878128395805,0.4917878128395799,True
0.0,2.042668605446246,1.7647415223160658,0.2779270831301801,-1.955535808350309,-2.1903702686333153,1.004170470940793,0.3361367142496305,0.7223043212867541,0.6432327445476371,0.6432327445476371,0.7373619668285204,0.7373619668285205,True
0.0,1.8955566263148924,1.0460336427717607,0.8495229835431317,1.193745518175364,-2.5505624299659293,0.6952000430929373,0.708246031784439,0.7400330994095878,0.309980337410808,0.3099803374108081,0.201220174311242,0.20122017431124203,True
0.0,2.329428958610006,1.3133233657516357,1.0161055928583704,-0.2640145593177465,-1.7579490348307738,0.8427135860534548,0.19207370469228963,0.4808407329419534,0.19675478165527843,0.1967547816552785,0.22726108922741955,0.22726108922741953,True
0.0,2.5106322824457976,1.8354961548585886,0.675136127587209,-0.13736116334402237,-1.6378391341552994,1.0368853233965944,0.1421408465408524,0.6287472874073216,0.26598508998301995,0.26598508998302,0.44836272200532273,0.4483627220053224,True
0.0,1.382664457027189,1.015386930906483,0.3672775261207062,-0.33606748118417185,-1.064677504671713,0.5829848374594389,0.1533382242585808,0.6965374899108476,0.7197562947916948,0.7197562947916949,0.47720321195293897,0.47720321195293885,True
0.0,1.4035634465333526,1.088271608031237,0.31529183850211573,-0.9866932050970992,-1.1507390658067589,0.6689187771078523,0.5175119336576381,0.7115415129955598,0.769513020359858,0.7695130203598579,0.6035922215759804,0.6035922215759812,True
0.0,3.038837678147015,2.626865171476063,0.41197250667095187,1.294917142093258,-3.084274762835923,1.1775395306817455,0.7390266209997773,0.6536573711645812,0.32674179855121244,0.3267417985512131,0.6188051352565306,0.6188051352565311,True
0.0,1.2561879436078252,1.0274975215247433,0.22869042208308188,-1.033213536923668,-0.22107166099273146,0.5803656450138189,0.42684740852855335,0.6697405784969537,0.9151688888069681,0.9151688888069683,0.6806303643272003,0.6806303643272001,True
0.0,2.065012118315417,1.3248927504857486,0.7401193678296683,0.13201836910593598,-0.7297976576588976,0.7472557684912152,0.17306229048250704,0.5621343661906103,0.3461397836294487,0.3461397836294487,0.30054310086472075,0.3005431008647208,True
0.0,1.4475037484753497,1.421019335684568,0.02648441279078173,0.6092632606473183,-2.6207250309967263,0.827973787505495,0.8419643092886646,0.7192906756482035,0.9659339092649064,0.9659339092649066,0.9614653428247355,0.9614653428247354,True
0.0,1.0910224638601942,1.0627108790376856,0.028311584822508618,-0.7929110705862563,0.30778726671385837,0.662080941812408,0.5079067683905878,0.008311138574347399,0.9988919589159806,0.9988919589159807,0.9712984054712689,0.9712984054712682,True
0.0,1.6980523442131352,1.2139935756413498,0.4840587685717854,2.0966845384912904,-3.248402292542649,0.8864455106770295,0.24172803723098563,0.7459915177023053,0.5044322294752637,0.5044322294752638,0.49910891961132003,0.49910891961132015,True
0.0,2.4703775675849995,2.386639871953667,0.08373769563133271,-1.2895918065335337,-2.395237991708332,1.1777458962771468,0.31048834362186334,0.686503899280354,0.8311061498793381,0.8311061498793378,0.9175409072560591,0.917540907256059,True
0.0,2.1584504911318816,1.9960802964453008,0.16237019468658076,-1.557690075676748,-3.030709818509413,1.335240502838835,0.707444530672101,0.7265558041058848,0.7399054592146974,0.7399054592146974,0.880980727751761,0.880980727751761,True
0.0,1.0722879424146599,1.032815450040971,0.03947249237368888,0.9078971609357958,-1.993979499927128,0.6221167638572775,0.6410561037452392,0.636615518534172,0.9626250904560062,0.962625090456006,0.9259643501552787,0.9259643501552793,True
0.0,1.725058207725581,1.5055052936890942,0.2195529140364867,-0.24612568569941373,0.46602658916908823,0.6318440522158192,0.4300648783284649,0.5398432671542055,0.7924412894450953,0.7924412894450952,0.6786509371765961,0.6786509371765951,True
0.0,2.0582786169802643,1.4618451527851886,0.5964334641950757,-0.08264591564953062,-1.332762635577564,0.6785829933867621,0.4541533257458779,0.653625499408827,0.4027531257888304,0.40275312578883044,0.3258206692956182,0.3258206692956185,True
0.0,3.3439697071286396,2.125780518956923,1.2181891881717166,-3.4336863929200856,-2.0504636965108656,1.3586615774592796,0.12377771456815528,0.700674808883484,0.052753116940621625,0.05275311694062085,0.4140246656504869,0.4140246656504877,True
0.0,2.742979712147101,1.1369445403041996,1.6060351718429013,-0.40332086475258644,-0.34793740198289913,0.7376881598980943,0.35013218252417466,0.6128724747688314,0.07881107711143578,0.07881107711143583,0.08118998597966227,0.08118998597966205,True
0.0,1.5724012579204192,1.4557887095755595,0.11661254834485968,-2.1701326846723568,-0.8670875562863922,0.8271330333237419,0.7656257880669965,0.69103685547098,0.9103891177120886,0.9103891177120883,0.885018389437103,0.8850183894371031,True
0.0,2.427224400488639,1.1534458165891823,1.2737785838994566,-0.6137852873181175,0.5851125468400808,0.6704482605759886,0.8569387486859992,0.021017190312171363,0.2525257749513649,0.25252577495136486,0.141381320368314,0.14138132036831388,True
0.0,1.2743300695823627,0.45484000984440487,0.8194900597379579,0.10518078147464703,-0.715912151018527,0.2747676229989126,0.9103417327950345,0.6794493976051135,0.5955072182703408,0.5955072182703407,0.027262681585236693,0.02726268158523635,True
0.0,1.7193205310395019,1.6801890941151758,0.03913143692432608,0.9673606865833553,-2.758428107697205,0.9966729741671712,0.1535584838616929,0.7022675535678162,0.9398525530455194,0.9398525530455187,0.9524345223518996,0.9524345223518995,True
0.0,1.976902015885251,1.1109671493131237,0.8659348665721274,-0.7454280568966043,0.05255770414672023,0.5596098144654152,0.44858043575917284,0.16601417875356556,0.43898933348089214,0.4389893334808922,0.17381132974654176,0.17381132974654184,True
0.0,2.3345096404798755,2.1873104834322916,0.1471991570475839,0.8073411948585688,1.8988285312376654,1.0577417192793648,0.7800715258714476,0.31991678086492104,0.7971563546567547,0.7971563546567524,0.9010613799391177,0.9010613799391209,True
0.0,2.049366526702588,1.921175697965733,0.12819082873685472,0.9194573463033885,-2.819013301954114,0.94087268497046,0.4588115055652864,0.694305673043355,0.7877019455258829,0.7877019455258828,0.834449637203532,0.8344496372035322,True
0.0,2.4145083904603983,1.6959721849007183,0.71853620555968,4.935844491782827,-4.707181933616571,1.1855764919924072,0.18453775227360042,0.7399716134913368,0.22994981093204614,0.22994981093204617,0.43338847203682146,0.43338847203682135,True
0.0,2.6778744117138724,2.395589380269544,0.28228503144432837,1.6230749630374104,-3.1849692801490024,1.409872022672436,0.03290091553348368,0.5942960336889757,0.5035514773464896,0.5035514773464899,0.7707102188625476,0.7707102188625481,True
0.0,2.6058416497462282,2.0254015482048864,0.5804401015413418,-1.2979331638687326,1.098335615372211,0.7967217775101175,0.898033644013512,0.09456542092048292,0.45659749956231316,0.45659749956231344,0.501535637416504,0.501535637416505,True
0.0,1.3725421679212988,1.266285231081059,0.10625693684023974,-2.178172006839653,-0.7454902772997781,0.80855319439198,0.9612623700445802,0.085804414371703,0.9596503106015348,0.9596503106015345,0.9145828283465316,0.9145828283465331,True
0.0,2.363454127585488,1.0429057072727888,1.3205484203126991,0.537205209298741,-1.979532578204608,0.6839526074728707,0.25211505626175046,0.7204024553617809,0.12929705164915148,0.12929705164915148,0.0829964831716301,0.08299648317163001,True
0.0,2.2998982858782044,1.9834353230536785,0.3164629628245259,1.2250445581349432,-2.451293695967753,0.9889490804292339,0.25619415380082344,0.6447875601188686,0.528095782229658,0.5280957822296584,0.6521930627392458,0.6521930627392454,True
0.0,2.55016681681977,1.3110189395655796,1.2391478772541904,0.392926648541863,-1.4679153948739603,0.6122974386133984,0.8370135972501127,0.6100186495335428,0.11559850395059346,0.1155985039505934,0.07534708353327131,0.07534708353327116,True
0.0,1.6890013426141905,1.4975416441965945,0.19145969841759602,-0.4886161845575763,-0.9479341149537557,0.7473031250437706,0.06739059614034976,0.6508499248174058,0.7835558907592712,0.7835558907592715,0.7396854072597895,0.7396854072597899,True
0.0,3.22129000002249,2.0300217642710807,1.1912682357514095,-0.2071521027814958,1.4548411647505293,0.9439284609493317,0.034416234519383915,0.44537701720636086,0.09645445982917066,0.09645445982917115,0.3079092418391052,0.307909241839105,True
0.0,1.794442830853585,1.4731996948225987,0.3212431360309862,-0.5643432277485874,-0.14107590206179,0.6847235294917483,0.4931887610210597,0.4099383920585523,0.685628303672951,0.685628303672951,0.5860633187041002,0.5860633187041004,True
0.0,1.9997152734358787,1.1584601632322074,0.8412551102036714,0.634904362862774,-1.896893207301292,0.6784139576426906,0.11543301453232085,0.6921762961807225,0.30036249043989044,0.30036249043989033,0.19986303063298094,0.1998630306329809,True
0.0,1.2853918862137717,1.2220947255892798,0.06329716062449187,-0.4148185024272756,-0.9444442085873519,0.6497976969218873,0.1269833133693299,0.5569577217626539,0.9432418802307234,0.9432418802307232,0.8957420449471264,0.8957420449471265,True
0.0,2.367594684002711,1.4642628962539759,0.903331787748735,-1.0281510638962699,-0.6264443770182543,0.7252154985527864,0.6083137490305555,0.32881830537885304,0.2546149566389473,0.2546149566389473,0.2304315578017016,0.23043155780170207,True
0.0,2.5418856226613142,1.0965449851041487,1.4453406375571656,0.42028820420157453,-1.7279115996308585,0.5732657406522024,0.4264388305114706,0.6835561399516933,0.09264412653583808,0.09264412653583805,0.04022501481186036,0.040225014811859916,True
0.0,2.1863083226838302,1.6896751917036574,0.4966331309801728,-0.43168394390396164,0.3406268137849806,1.0861093232868158,0.03938997223121993,0.47731089913302177,0.4880789284171094,0.48807892841710926,0.674446451994079,0.6744464519940789,True
0.0,1.6449088489471806,1.4888469251241856,0.156061923822995,-0.31484917199954254,0.041815983956373204,0.704226526033493,0.19241170480745767,0.5051879888054944,0.8408916609751046,0.8408916609751045,0.782632262966442,0.7826322629664435,True
0.0,2.5848597379848326,1.4361281249714224,1.1487316130134102,-1.3287314181672747,-0.981940595559897,0.8000763666999079,0.38632428224472326,0.6353891910429104,0.15285900427492688,0.15285900427492694,0.18728605089460826,0.18728605089460856,True
0.0,1.8624986721963768,1.203207311562787,0.6592913606335897,-0.6651836991808996,-0.2833006665711356,0.6058301534252208,0.7283855663021779,0.602855418885683,0.49578036610493986,0.49578036610494014,0.2836081002540338,0.28360810025403355,True
0.0,1.6989809094445254,1.2768902567830758,0.42209065266144963,-1.252912470248368,-0.5270192121346385,0.6430685675598229,0.747627979008512,0.6772408841909855,0.67725538220436,0.6772553822043599,0.4827249752628217,0.48272497526282127,True
0.0,2.329183495689151,1.299079142729415,1.030104352959736,0.46080657126352437,-2.1504540633097458,0.7242628062729428,0.019611934620811677,0.7062069902781195,0.18146812014012986,0.1814681201401299,0.15502417466213145,0.1550241746621314,True
0.0,2.9569477032461005,1.3207228710883485,1.636224832157752,-1.092364147047295,0.1926965119740005,0.7279618393622014,0.3301931750127848,0.3547951358071111,0.07678205402409562,0.07678205402409564,0.08849126638872068,0.08849126638872107,True
0.0,1.293695034891809,1.1606486802805234,0.13304635461128567,0.5219932045493206,-1.5303986551580433,0.6742554458431178,0.03941950702871688,0.621892142155848,0.8672008881120108,0.8672008881120108,0.7881172684117578,0.7881172684117578,True
0.0,3.0379064746655984,2.129019808065697,0.9088866665999014,-1.0820268270673439,-0.9123424724854847,1.041916436051352,0.3069747845697093,0.6197897551864207,0.12468310759820357,0.12468310759820375,0.35456359067975873,0.35456359067975796,True
0.0,1.8794616355507028,1.813262517441349,0.06619911810935375,2.0284688025665365,-3.4627460032787436,1.113633927889217,0.24144427503667926,0.6320927396799569,0.8890903457919845,0.889090345791985,0.9266066619073962,0.9266066619073965,True
0.0,1.471783040634945,0.9556142407826027,0.5161687998523423,-0.03744289492149125,-0.016205933610972334,0.42518403350533246,0.005192545871851251,0.539706897116133,0.6576049604266347,0.6576049604266349,0.2334587188200877,0.23345871882008826,True
0.0,2.210602870934566,1.3292931832301527,0.8813096877044133,0.21594505012992102,-1.368217688864445,0.6937043250072121,0.6921624620984251,0.6186437696129862,0.25241976603672717,0.2524197660367272,0.19705090727516078,0.1970509072751607,True
0.0,2.3076106233273395,1.3608510226381954,0.9467596006891441,-2.649124182208813,-0.665093293309678,0.9030370573629796,0.7438672894588827,0.6832058389716761,0.3694052712816736,0.36940527128167366,0.4250967148236487,0.4250967148236482,True
0.0,1.5935715336356766,0.816412007824186,0.7771595258114906,0.25508810792278663,-1.563754605136448,0.5094783968396368,0.5621044348829413,0.721333245504306,0.4503457134616165,0.4503457134616165,0.14533421373884928,0.14533421373884914,True
0.0,2.9351440128594435,1.5284938951367084,1.406650117722735,-0.6192752429751044,0.10089138803656938,0.6908650269316456,0.6513649063648577,0.4124051726904798,0.07885353858914577,0.07885353858914577,0.09576053705160961,0.09576053705160976,True
0.0,2.3926782741732677,1.735398398076687,0.6572798760965808,-0.661263287217416,-0.4530072843454497,0.8272970077202009,0.8754147097052256,0.5600621208828794,0.3259311935043495,0.3259311935043493,0.39238699500955854,0.39238699500955887,True
0.0,3.013376938439913,2.0612735882263267,0.9521033502135863,-1.4726037193759238,-2.850243667480003,1.415279972190862,0.4823049557390752,0.5183681984841255,0.10829152727760445,0.10829152727760458,0.4668736485649967,0.4668736485649968,True
0.0,1.6777772767179,0.8657245648807205,0.8120527118371795,-0.5299020153902345,-0.5029640684384142,0.5190042695292825,0.31946511677681766,0.6305756075865709,0.5037828263698969,0.5037828263698971,0.1627378938496558,0.1627378938496563,True
0.0,2.2716518754731707,1.3172556755138323,0.9543961999593384,-0.026972533555163512,-0.05205818975216947,0.6058418580498295,0.41574296495483876,0.5331509175950392,0.25399649552748144,0.2539964955274815,0.15149378212148973,0.15149378212149062,True
0.0,1.8271809604977591,1.2047176176363443,0.6224633428614148,-0.6863927461701413,-1.4289837182533316,0.7767645779398095,0.002952878113074653,0.6993686577141892,0.46905034226935677,0.4690503422693569,0.3998803424831353,0.3998803424831351,True
0.0,2.1694378874259757,1.2611281916856643,0.9083096957403114,1.0692477711760076,-2.7054021815311113,0.8276351329212057,0.4365311384975433,0.7341241161035063,0.23250160350368945,0.23250160350368945,0.2378637127770875,0.23786371277708737,True
0.0,1.458299591423156,1.3701870299479912,0.08811256147516477,-0.6734449613922437,-0.5683806976542829,0.6829338738744632,0.5804726407608087,0.6424496121902473,0.9166759841784131,0.9166759841784131,0.8666113682746769,0.8666113682746777,True
0.0,1.8292605484462365,0.9800324666809671,0.8492280817652694,-0.8136535914467605,-1.5190293767130987,0.6737966239675486,0.16049611556213245,0.7482023116586054,0.396995819132433,0.39699581913243304,0.23133270011515666,0.2313327001151568,True
0.0,2.0058076022829376,1.3818080209790535,0.6239995813038841,0.6864835976921646,-1.9562842080792917,0.7126845134465966,0.6702569248842585,0.6714534129625679,0.3814854762419677,0.38148547624196777,0.31600714155419296,0.3160071415541927,True
0.0,1.7315364584789974,1.07438495650695,0.6571515019720473,-0.3230733442143745,-1.6374405016315268,0.6860832217857021,0.6196046994737725,0.7252622537376239,0.46701826399558816,0.4670182639955881,0.3160957635375563,0.31609576353755653,True
0.0,2.743033302763838,1.8199142031956255,0.9231190995682126,-2.016362916539328,-0.6603344473981435,0.8682954895097525,0.06395469598176817,0.6606764060662162,0.18483825996595318,0.18483825996595277,0.30349595401385704,0.3034959540138568,True
0.0,2.337937835192734,2.174753757384255,0.163184077808479,-3.2579267969127232,-0.6242061552825005,1.2579333637927106,0.11419837803698046,0.6648495701808199,0.7690056856423795,0.7690056856423789,0.9381266702002895,0.9381266702002902,True
0.0,2.0047710265945264,1.1233236104351454,0.881447416159381,-0.8324078695670085,-0.389256398769646,0.6273628779750315,0.9079482347492114,0.25699270665461105,0.38426835068594134,0.3842683506859414,0.20145652104810222,0.20145652104810238,True
0.0,1.7542717749395895,1.6946092349111008,0.0596625400284887,0.10172525392289503,-2.846263543372155,1.0621122243731915,0.9354524301481836,0.722074877215807,0.9106238915778333,0.9106238915778335,0.9362448030208237,0.9362448030208235,True
0.0,1.4496540234635453,1.1577263408828813,0.29192768258066404,-0.09764503304880753,-0.6708124736236242,0.6755362904582823,0.8779321100482566,0.4721409834528186,0.7473415810118081,0.7473415810118081,0.6137710840724753,0.6137710840724757,True
0.0,1.2282287362842816,1.1916870405543518,0.036541695729929824,0.6142804440469106,-1.7981350835503311,0.6889382935388118,0.13871447335131726,0.6789182073644043,0.9615064978269018,0.9615064978269018,0.9379840768169004,0.937984076816901,True
0.0,2.6398968086485444,1.3337049443079048,1.3061918643406396,-0.6968593503689857,-0.9261672679672525,0.6876559305103311,0.8883673121849893,0.6723850852505433,0.1127567499902426,0.11275674999024253,0.09901209570710003,0.09901209570710007,True
0.0,2.0267958039707836,1.5850198864268747,0.4417759175439089,-0.2296303328762058,-0.5131642336444493,0.7447416281476982,0.13462043056294787,0.4902612203428557,0.5193080735276444,0.5193080735276441,0.4894232474873115,0.4894232474873107,True
0.0,1.9902655377593883,1.8611786203074336,0.12908691745195466,-0.735133557358621,-1.5999616478785557,0.9670865329212777,0.7210960497365886,0.6401991404196539,0.8068004798907878,0.8068004798907877,0.8547495453116944,0.8547495453116942,True
0.0,3.2068396947767734,1.6231910591866874,1.583648635590086,-0.41361669991818,-0.9836963069682632,0.7058191574620473,0.2023476296249086,0.6422762418893746,0.03288309649377986,0.03288309649377987,0.06433416918671249,0.06433416918671188,True
0.0,1.435685297132935,1.2518284009237537,0.18385689620918133,-0.1041553340066369,-0.1720049841245379,0.5078266544964624,0.010712522929997026,0.5356463088259784,0.8380560479024398,0.83805604790244,0.6457944940372768,0.6457944940372758,True
0.0,1.4131743020506373,1.4081859362374558,0.004988365813181517,-0.3648738205887363,0.91437432396767,0.66133184897706,0.9768972337944037,0.17939460971694166,0.9980044494857461,0.998004449485746,0.9933882301228772,0.9933882301228794,True
0.0,1.2413345498429464,0.7293184919145176,0.5120160579284289,0.3857691630625195,-1.3143270800619713,0.3976223459863956,0.6516503674653766,0.6758271252134602,0.6547387939613365,0.6547387939613364,0.19309490258492784,0.19309490258492748,True
0.0,2.89801176136764,1.082584613687426,1.815427147680214,0.36295617154339727,-1.350097167863204,0.5932261797722876,0.9138444680868938,0.6032888139781367,0.038332019439911505,0.03833201943991144,0.02245048481109729,0.02245048481109742,True
0.0,1.7164480386795549,1.4328131380660196,0.28363490061353525,0.5371012555603443,-2.7458999507109123,0.8533373283203262,0.3785252021312342,0.7345330163735305,0.6641527012408666,0.6641527012408664,0.6582461023183681,0.6582461023183681,True
0.0,2.90340936617959,2.210465720975474,0.692943645204116,-4.1710832569860505,-1.8155739931680435,1.3312215127738638,0.7649914912827324,0.7013575206829274,0.22724660867375207,0.22724660867375307,0.6559478945204343,0.6559478945204347,True
0.0,2.6528413599222413,2.4182593449891225,0.2345820149331188,-3.6548716055705017,0.162960705417053,1.232664151648912,0.8831851612215964,0.19013436033974518,0.6819111803104958,0.6819111803105008,0.9741945232604107,0.9741945232604127,True
0.0,1.0801098494380181,0.9004003721282401,0.17970947730977804,1.2011005006546844,-2.3437830335506122,0.6169574085883474,0.6488452525891422,0.7306845873435321,0.844369959963506,0.8443699599635055,0.7030500378085696,0.7030500378085697,True
0.0,2.4598124946623194,0.5664748436734282,1.8933376509888913,-0.03248930100995094,-0.5774089426790343,0.31224703310314855,0.497735235765888,0.6783936841089376,0.09856464965382292,0.09856464965382297,0.0015611694000258543,0.001561169400025921,True
0.0,2.2654296887329886,1.8506397885969796,0.4147899001360089,-1.1534475270960218,-0.45504375012341614,0.9392495998045809,0.4064814116488509,0.5366877478720404,0.5066525493900847,0.5066525493900846,0.6205195742991558,0.6205195742991566,True
0.0,1.5241447057241937,1.352614906035737,0.1715297996884566,-1.9190688253638042,-0.658368278022426,0.7522610723340678,0.11900130490284427,0.6965649127177818,0.8899122218564536,0.8899122218564544,0.8128470053414851,0.8128470053414844,True
0.0,2.491089359644235,1.5052035776737038,0.9858857819705311,0.783214547288183,-2.0858209222478648,0.8324534406480174,0.6502585752042189,0.6585337472962945,0.1611704020226433,0.16117040202264318,0.20987550355385468,0.20987550355385445,True
0.0,2.576098482574076,1.114391191298758,1.4617072912753177,0.37035783799438365,-1.3256159972833839,0.5442699651677514,0.6051298587772136,0.6334495836857735,0.08970561663642353,0.08970561663642344,0.03497636244268562,0.034976362442685406,True
0.0,3.054875530892883,2.7052629657262446,0.3496125651666384,-1.4427035263188817,-1.822622314281069,1.140038133419612,0.8143373200988779,0.6536338349005276,0.3956932274233717,0.39569322742337165,0.6819559998652371,0.6819559998652368,True
0.0,2.1098052655795803,1.8782023718181489,0.2316028937614314,-0.2962059592328723,-1.0116969114194978,0.8372452781900864,0.022665246936368344,0.4717105260008573,0.6706621821416089,0.6706621821416087,0.7103756634380348,0.7103756634380338,True
0.0,2.0959381840543654,1.8174095008184277,0.2785286832359377,-1.639069117659815,-1.944120031264652,0.9795430115321796,0.3098413750658036,0.7069073593011936,0.6311793443606106,0.6311793443606106,0.7232009819919631,0.7232009819919627,True
0.0,1.243301435305004,1.1143603913932276,0.1289410439117764,-0.21916000731470198,-1.4706200476224405,0.7662146575388598,0.6994047175819398,0.7058020208492564,0.8867938555589596,0.8867938555589595,0.8387592672342906,0.8387592672342903,True
0.0,2.7667598169922916,1.796983229778601,0.9697765872136905,-0.4096065792405611,-1.8398799311095375,0.8701930102485285,0.02553763638303075,0.6772541896063702,0.13439747566467022,0.13439747566467017,0.23901204138987192,0.2390120413898722,True
0.0,3.4779963985343723,2.0163918824398643,1.461604516094508,-0.5421352920761208,0.7321659794586111,0.9740377630493349,0.3418924963000085,0.29488652214655925,0.03505543823262051,0.035055438232620514,0.20383593805848854,0.20383593805848846,True
0.0,3.307599064770613,2.804572476641213,0.5030265881294,-0.29592240534651654,-3.5601655490890813,1.3852019765090906,0.7248871646983512,0.69645137984112,0.23039571954692856,0.23039571954692817,0.6191683921962874,0.6191683921962876,True
0.0,2.139945406478584,2.106760970428904,0.033184436049680244,3.3333345293145493,-3.8209833827103457,1.13525282777404,0.6091977074919299,0.6688069622193652,0.9334620725539048,0.9334620725539051,0.9606259819184694,0.9606259819184696,True
0.0,2.4462045606560743,1.1179774514519687,1.3282271092041056,-0.4527922773537577,-0.6508115766022942,0.6410804745045869,0.7092500113283585,0.42592509772416254,0.14662888972592963,0.14662888972592963,0.08379290359271611,0.08379290359271668,True
0.0,3.8237337390188313,2.894688017068708,0.9290457219501231,1.1841972132633372,2.7096626078095167,1.1983500564227672,0.2911026654219088,0.21746913412099095,0.08372380047248856,0.08372380047250287,0.600176351415548,0.6001763514155435,True
0.0,1.3700040762263268,1.2647649055913137,0.10523917063501309,1.2599653145100318,-2.4236485070421185,0.7414190950169878,0.9979181385934335,0.622650507262681,0.878034822812598,0.8780348228125979,0.835553360810895,0.8355533608108953,True
0.0,2.3336174444244957,2.2565328610081785,0.07708458341631719,-0.21932954680950664,-0.6931044907979755,0.8979494450151123,0.6991986899633906,0.5498126166297357,0.8557136910275104,0.85571369102751,0.8992679619870737,0.8992679619870735,True
0.0,1.9850136776289706,1.614890742402268,0.3701229352267026,-1.3319560329932394,-0.6787458822876852,0.8013399489800038,0.6065385867761304,0.3175241830789767,0.6082607946943077,0.6082607946943076,0.5993460610639063,0.5993460610639064,True
0.0,1.8042856521542774,1.2646703993078967,0.5396152528463807,-0.027030392161646644,0.17051096989410053,0.6298360646095217,0.42905576353486535,0.4440023956100776,0.5486591233398282,0.548659123339828,0.37439355411802167,0.37439355411802216,True
0.0,1.4342457326030533,1.0201592551122824,0.4140864774907709,0.4828628547267723,-1.9313288592630409,0.6298257816054521,0.8491069536776061,0.718651246223007,0.6384173245943674,0.6384173245943673,0.440435591542103,0.44043559154210354,True
0.0,0.9765061415060918,0.6093069394275005,0.36719920207859136,-0.013289549587814607,0.49102142261403436,0.2870315153619886,0.9591735842078243,0.1336811845610777,0.9207927701736431,0.9207927701736432,0.23280513623993757,0.23280513623993712,True
0.0,0.9207037284502428,0.6111793336911457,0.3095243947590971,-0.15420251200347806,-0.5136025029073672,0.34602641505016873,0.7448591715398898,0.6683301933459975,0.8743717005923791,0.8743717005923787,0.35142210617006797,0.35142210617006786,True
0.0,4.381652371537716,0.9899610225962379,3.391691348941478,-0.18877081511148666,0.7671801686970117,0.6256619529991752,0.3584512146299885,0.04173618620864222,0.0005536253235603184,0.0005536253235605323,0.004266917911856813,0.004266917911856343,True
0.0,1.8912414243027793,1.7945671488632615,0.09667427543951779,-0.3136525742433859,-0.17143997420167445,0.7512239829653654,0.5580789049857431,0.5175199500762786,0.8680300070995877,0.8680300070995877,0.859660086792178,0.8596600867921803,True
0.0,1.6656899282417539,1.3233109816275184,0.3423789466142355,-0.5268680706475056,-0.5469738186034814,0.6544835866796982,0.21740246262274332,0.5550357694578079,0.6852563458455124,0.6852563458455124,0.5434106835783352,0.5434106835783349,True
0.0,2.044390072733583,1.5997894912922666,0.44460058144131653,0.23891843778825322,-1.9162183520697171,0.8497645005707664,0.04224908713521697,0.6769845803169663,0.48209385920603426,0.4820938592060342,0.513288383062611,0.5132883830626107,True
0.0,2.3447473241524115,2.1699197059637503,0.17482761818866122,-1.0305846945175325,-1.0489589864232256,1.029473675396909,0.09925112898209582,0.4570545518506873,0.7108101045380697,0.7108101045380695,0.8209997815579705,0.8209997815579702,True
0.0,1.78417904456773,1.5165303936361576,0.2676486509315723,1.24748647279223,-2.3653743911602945,0.8127569955298011,0.3894834794817971,0.665794472636605,0.6615854713465978,0.6615854713465978,0.64849846327429,0.6484984632742898,True
0.0,1.4005874717231594,1.1131983802865075,0.2873890914366519,-1.026924488635583,-0.22099341314510723,0.5469001923874615,0.17337733564377938,0.15735296445802005,0.8499544839083814,0.8499544839083815,0.5645605445308133,0.5645605445308137,True
0.0,1.700907941460304,1.3913194543607608,0.30958848709954334,0.07921199554616762,-1.1985616782502382,0.7201562719823758,0.4339512461959188,0.6361383395726142,0.6657593204618646,0.6657593204618644,0.588750566253469,0.5887505662534687,True
0.0,2.739378543243799,1.9611779510608036,0.7782005921829955,-3.7668227483064896,-0.021922589152759464,1.058133219503995,0.7161379116796616,0.02332375719115365,0.3716250657901557,0.37162506579015403,0.7168720818937407,0.716872081893743,True
0.0,1.964542686808373,1.632894274199187,0.3316484126091861,1.0569736437209938,-2.7179900706261026,1.0753586814627927,0.8551781595706172,0.6954346332810338,0.572088449505716,0.572088449505716,0.6837115397081335,0.6837115397081336,True
0.0,3.8783163305777957,1.9809899098618862,1.8973264207159095,-0.06294601957802652,-0.37369581368490623,0.8134211589062236,0.7448439617953021,0.5318397614572217,0.006274031559958795,0.006274031559958801,0.0617931669745013,0.06179316697450114,True
0.0,2.67924358455135,2.638149406226358,0.04109417832499185,1.5568225748146938,-2.9824060496169214,1.2583550302686655,0.5624190840225849,0.6454078436837374,0.900666256186193,0.9006662561861916,0.9567871157243021,0.9567871157243023,True
0.0,2.1852797489460642,0.8646714270626736,1.3206083218833906,0.08765734099898313,0.97642606307021,0.4767183966596589,0.8617895633669411,0.005190715918870881,0.33345576500293084,0.33345576500293117,0.05222672513985425,0.052226725139854976,False
0.0,1.6849619798714062,1.024402487696522,0.6605594921748841,-0.2267073631208404,-0.1935598669010994,0.5370078573991544,0.3132807594463186,0.5171630741080482,0.5343819361648452,0.5343819361648451,0.23590718335524208,0.23590718335524177,True
0.0,2.2160114566662656,2.044637699999981,0.17137375666628474,-2.202154286029615,-3.0767339068022173,1.31068721655951,0.5847737581339884,0.7284952400063878,0.7243330549453224,0.7243330549453221,0.8740176167965413,0.8740176167965412,True
0.0,1.050814334561171,0.7459176576033874,0.30489667695778355,-0.09562675332912804,-0.1739946964902349,0.4685928144298146,0.05273626405931242,0.48203779354493126,0.8554164491891482,0.855416449189148,0.4998886317554198,0.49988863175542,True
0.0,2.282121496585393,1.5525123183457916,0.7296091782396013,0.9159543869044428,-2.3642881619032305,0.8427147966803142,0.5631279170694287,0.6051756628452534,0.2718182720274846,0.2718182720274846,0.31695392335158673,0.31695392335158656,True
0.0,1.9829165860624798,1.53659446319248,0.44632212286999984,-0.43189931463584474,0.4032795551540802,0.8261863681778902,0.54426210837889,0.5566330006299164,0.5838332722951844,0.5838332722951846,0.5834797018001112,0.5834797018001102,True
0.0,3.2147006101294155,2.1256118957722614,1.0890887143571542,-1.3571007296990165,0.992224181496749,0.8224224968765877,0.5611538158042526,0.1588886633048841,0.11691976555200083,0.11691976555200126,0.2612601706370043,0.2612601706370029,True
0.0,2.119287373682306,1.7434175820832272,0.37586979159907874,-0.2744240426955644,-2.0480918550792824,1.0143003417800043,0.8618430899923529,0.6679726727835784,0.5226268198457668,0.5226268198457665,0.6397694214102273,0.6397694214102276,True
0.0,1.8026434148034065,1.0127866461877835,0.789856768615623,0.7530730867224208,-1.7448795317468377,0.5828598551363028,0.9520578999066338,0.6394637758609856,0.36647883801244824,0.36647883801244835,0.1712126258165067,0.17121262581650695,True
0.0,2.0514081985826187,1.5822414109663423,0.4691667876162764,0.04941237408768293,0.9624539564719541,0.6551158426053606,0.6156065400013296,0.3594613938763228,0.5684913389750291,0.5684913389750288,0.4581835726052455,0.45818357260524323,True
0.0,2.242291472282496,2.0926581054261524,0.14963336685634365,2.463837977530993,-3.342562204868867,1.0629620346503397,0.3435514390234482,0.6532239775498665,0.7311115875664758,0.7311115875664757,0.824148307777302,0.8241483077773024,True
0.0,1.6378306293210732,0.9869149980088262,0.650915631312247,-0.0914093753711863,-0.3995383144906772,0.42958468265701266,0.09166650636259349,0.5973031344188868,0.5312033770800797,0.5312033770800796,0.15673146979929858,0.1567314697992995,True
0.0,2.06887601662935,0.9771361797434415,1.0917398368859084,-0.4438590905151222,-0.5175759365587443,0.5452018624121789,0.12858524945438993,0.3575058084034004,0.2863881177014097,0.2863881177014097,0.09210775397433313,0.09210775397433266,True
0.0,2.6604255565883888,1.878011757225289,0.7824137993630997,0.7418055405610692,-1.9789572608337154,0.8562686938002393,0.4017889578076633,0.6410829567332152,0.19138439733684146,0.1913843973368414,0.2964301756418021,0.296430175641802,True
0.0,1.8333788203925354,1.3342436951252246,0.49913512526731085,-1.4292333098086927,-0.8888974409332706,0.7486790411622646,0.5752226480306133,0.2739353247262827,0.5781623781007632,0.5781623781007632,0.4859957753491488,0.4859957753491496,True
0.0,2.6812929163926187,1.7388771885905712,0.9424157278020475,1.3187656465932858,2.3264038533883387,0.7847287401324475,0.19807496983617967,0.2008305918311593,0.2851902180823418,0.28519021808234213,0.3414098005678982,0.3414098005678949,True
0.0,1.9794015191323258,1.0936195231249273,0.8857819960073985,-0.7830475057728244,-1.5744650923583792,0.750266233678797,0.2594660737348129,0.7022039226662334,0.3334377156401299,0.3334377156401299,0.25385016824852896,0.25385016824852863,True
0.0,1.3419656633658053,1.0060786250221374,0.33588703834366784,-0.13959518859013528,0.11097786190671344,0.5169272007221563,0.27246088820441106,0.5110850630893191,0.7898144526755801,0.7898144526755806,0.4835912899197025,0.48359128991970174,True
0.0,3.4857371304849583,1.492056164608808,1.9936809658761503,1.1976560528821873,2.221256211821557,0.6190485941275288,0.965478262332439,0.11603804993705319,0.03174750985130454,0.031747509851305686,0.04291307045730569,0.042913070457302235,True
0.0,2.8258565571731773,2.4966532087575275,0.3292033484156498,-3.3488750430867373,0.9076729412180269,1.1807325582669181,0.021036739226538204,0.07984989960815847,0.6421389832491154,0.6421389832491218,1.0849469145802968,1.084946914580301,True
0.0,1.7302741940425281,1.4087783461896832,0.3214958478528449,-0.11104056211571169,-0.9089806642381197,0.6253241354942197,0.40016843024524884,0.6197178688542303,0.6599043272209703,0.6599043272209707,0.5258832626110646,0.5258832626110642,True
0.0,1.5224848965131397,0.881704386040772,0.6407805104723677,0.3871298693288355,-1.6967176010730927,0.5187420365953085,0.4722564268543678,0.7118612099077427,0.5124788728445089,0.512478872844509,0.20580371852350157,0.2058037185235012,True
0.0,2.14019544445129,1.151354441032054,0.9888410034192359,-0.5739675357843619,-0.12623525601299135,0.5623095309512665,0.8143259393231814,0.5041244309845114,0.3116313658084706,0.31163136580847056,0.1279721113573112,0.12797211135731118,True
0.0,2.9764794585923258,1.4990286168908413,1.4774508417014844,0.8964989457862417,-2.1695476922945875,0.7366631448148862,0.6382200368971545,0.6728625423231875,0.04517750085370797,0.04517750085370783,0.07155207854949054,0.07155207854949035,True
0.0,2.4258323615241735,2.2324171710025706,0.19341519052160283,-1.19663104271963,0.3211501542646593,1.1645981398031522,0.3387572824305676,0.30668000598657996,0.7061676250157827,0.7061676250157828,0.8709991043002172,0.8709991043002179,True
0.0,2.339459376104405,2.0976452936368686,0.24181408246753655,1.7495389631379565,-4.0492304047482905,1.2422565792133642,0.6147541380298087,0.723650255827376,0.5969748778024222,0.5969748778024214,0.7743286518951952,0.7743286518951951,True
0.0,2.3222388993743586,1.6619618862233922,0.6602770131509663,-0.4790984353463636,0.8471330413444265,0.6257980981975678,0.9676997124470912,0.2059347861557428,0.4208287996192064,0.42082879961920666,0.3133851450505337,0.3133851450505338,True
0.0,2.584243548619215,1.9074495143629413,0.6767940342562735,0.639274884950566,-2.03384221020268,1.0320765168793418,0.058937975540730936,0.5477393465742174,0.2434584181251551,0.24345841812515495,0.426679557457287,0.4266795574572869,True
0.0,2.189945788466992,2.150609971211563,0.039335817255429006,-1.0010070128564335,-2.1760243824095986,1.2920308872628352,0.45552633259601116,0.5301459906775858,0.9265223860637412,0.9265223860637412,0.9673868710558639,0.9673868710558639,True
0.0,3.1839748184898893,1.628834165749044,1.5551406527408453,-0.46727706523746937,-0.7191990673897722,0.7804988985584792,0.6358680635251366,0.5073690490027171,0.03686999413604626,0.0368699941360463,0.0884265477526674,0.08842654775266767,True
0.0,2.4425841068661653,1.7367048402091383,0.705879266657027,-0.5929055740416492,-1.254729830010595,0.9699077352059144,0.3056681254048669,0.5874803398183971,0.2764290168661765,0.2764290168661763,0.4202088157019994,0.42020881570199947,True
0.0,2.865374533214059,2.196674839509996,0.6686996937040632,-0.7469936469388544,-0.46469697793837805,1.1271810808564118,0.8421329157142194,0.5969656563910624,0.22736570993760352,0.22736570993760338,0.5114183518294836,0.5114183518294839,True
0.0,1.5582759679250255,1.544537143460277,0.0137388244647485,0.6508652185848957,-2.057436728909135,0.8188743715114789,0.5456073672259514,0.6381436244535484,0.9808539693907279,0.9808539693907281,0.9791631818513291,0.9791631818513283,True
0.0,1.2540226709110653,1.0280189714875634,0.22600369942350196,-0.10525368547415098,-1.6519807622218488,0.5875538912423344,0.4076998428423248,0.7271310303350005,0.8116838326043446,0.8116838326043448,0.6292572278111925,0.6292572278111928,True
0.0,1.497538142251425,1.3967196682793763,0.10081847397204857,-0.08841733894639645,-1.985859835923098,0.7533483397354543,0.8933744517479495,0.7085194198626666,0.881895645303918,0.8818956453039178,0.849435974567942,0.8494359745679418,True
0.0,1.485868673255613,0.9872327453497977,0.49863592790581535,0.15656909719247708,-1.0352277037682378,0.5255733792943302,0.6631579921632883,0.625098103018829,0.604783133030211,0.604783133030211,0.3060997145705993,0.30609971457059976,True
0.0,1.7503469383892454,1.6634008639442774,0.08694607444496794,0.27284928278435044,-1.5696345532424267,0.8247538068863582,0.016137132017777944,0.5948792377474739,0.8767720665023856,0.8767720665023854,0.8763938161020461,0.8763938161020469,True
0.0,2.0222550949148097,1.290727471003471,0.7315276239113386,-0.6209755917583253,-0.061178630166921044,0.6637167883994305,0.2923452844884451,0.30706082920774963,0.4258772603792633,0.42587726037926343,0.28783323327407284,0.2878332332740735,True
0.0,2.7563870092365277,1.3012854980161292,1.4551015112203984,-0.050365145993791556,-1.4955811173450766,0.6711351808405494,0.14657265563620864,0.6825144403687957,0.07149390430431,0.07149390430430995,0.06444286766857031,0.06444286766857074,True
0.0,3.0526762908396625,2.079753870965996,0.9729224198736666,-0.06488055292284846,-3.3868555024553575,1.248640871867108,0.7023479417005465,0.7249972814270235,0.0946165285241636,0.09461652852416351,0.3657120800031428,0.3657120800031426,True
0.0,1.882479762299655,1.4739345401435533,0.4085452221561017,-1.3096750356595241,-1.6352961393025884,0.8873817116354195,0.997271850824184,0.685926141127794,0.5778948535637699,0.5778948535637701,0.6026498547283189,0.6026498547283189,True
0.0,1.9530513575220718,1.209146220185146,0.7439051373369259,0.07920678451154882,-1.1584454942381315,0.6651546139796459,0.04291039213888498,0.5498091414185255,0.3669832316091574,0.3669832316091575,0.24717161162852141,0.24717161162852178,True
0.0,3.175713895917977,2.219975586746512,0.9557383091714651,-1.290000234055011,-1.4684694393352045,1.0040000554361321,0.24771013260137936,0.6588363959752779,0.09678848244860036,0.0967884824486004,0.3074705458259945,0.3074705458259939,True
0.0,1.2919182363164836,0.8378771873008147,0.4540410490156689,-0.25918508190140704,-0.9276118498007866,0.4549205762048146,0.28139463414578514,0.7037459973292461,0.7089462283294333,0.7089462283294334,0.2973800590160664,0.2973800590160663,True
0.0,2.427057862607084,1.5738112927679848,0.8532465698390992,0.355386655137626,-1.3846343175537985,0.9184082429714168,0.6910858932676315,0.624327623578948,0.2147626439792543,0.21476264397925443,0.31209415682901825,0.31209415682901837,True
0.0,1.8108521447298744,1.7966496498694904,0.014202494860384052,2.6559560011976804,-3.455903890713952,1.060809438399701,0.9952046652071943,0.6498087068122035,0.9753893050229067,0.9753893050229065,0.9825483122286968,0.9825483122286968,True
0.0,2.711355003111617,1.2404360848474862,1.4709189182641307,-0.6947136304727937,0.33589173310079223,0.7303912688359873,0.33136220655449244,0.3046355062260184,0.12515247872995702,0.12515247872995697,0.116918846466768,0.11691884646676728,True
0.0,1.5382422768989081,1.35430079794099,0.18394147895791813,-0.5913411040216903,-1.9442830284782775,0.9513419304692661,0.8167022702602857,0.7245437342169916,0.8025613143393221,0.8025613143393221,0.8186812567897285,0.8186812567897281,True
0.0,2.260379629321626,2.0876496866002454,0.17272994272138043,-0.8576321371709499,-2.7207340017765014,1.176776343380489,0.8229190477741211,0.6813412731382071,0.7108290486699742,0.7108290486699741,0.8396881036197898,0.83968810361979,True
0.0,2.18644413751801,2.183103417277649,0.00334072024036125,0.5766397260166957,-2.2912255447105094,1.1657519991382552,0.012655094978785586,0.5348925856692984,0.9932358995345473,0.9932358995345472,0.9964106243536518,0.9964106243536527,True
0.0,2.703491185286353,1.6402074219150586,1.0632837633712944,2.8767686828720582,-3.5327297715990382,1.1088808744425027,0.08334286762053034,0.6921354915052917,0.10592792771208286,0.10592792771208256,0.27086776885172126,0.27086776885172115,True
0.0,2.3884328728242386,1.9553436268741577,0.4330892459500808,-0.18721565210730556,-0.9092697832465896,0.9551337135571637,0.04928400139413658,0.5852493808554062,0.43697994163928217,0.4369799416392821,0.575530407312501,0.5755304073125013,True
0.0,2.1177196270979293,1.8847808007034024,0.2329388263945269,0.49592074860050933,-1.7933105936193596,0.9137782477265629,0.5664795852004599,0.5451783239763616,0.6531688962324962,0.6531688962324962,0.719645236155461,0.7196452361554617,True
0.0,2.5995182724912995,0.9535996708198081,1.6459186016714913,0.8530312005310144,-1.924528707436141,0.5460176389929793,0.36708331685491413,0.6865835203140611,0.06721920255251931,0.06721920255251926,0.02145648863375114,0.021456488633750742,True
0.0,2.348213069104637,1.61662253271035,0.731590536394287,3.2011482164436216,-3.7432922106693702,1.0531505125649279,0.9997125751646778,0.6503612615541371,0.24193058852162383,0.2419305885216238,0.38735244444233474,0.38735244444233474,True
0.0,2.334952936394893,2.2100596523314255,0.12489328406346756,-0.13434134968846015,-1.1180823341259851,0.9249024419205364,0.6050814548800393,0.6013784908313543,0.7756286432352455,0.7756286432352455,0.8435738499820353,0.8435738499820339,True
0.0,1.7754803942850588,1.291554999648057,0.4839253946370017,0.7132847687281506,-2.5435378561373643,0.8362742829815487,0.8165215346120913,0.7113494114337485,0.505791739908769,0.505791739908769,0.48416682857616594,0.48416682857616583,True
0.0,0.9876055361454018,0.969316129027185,0.018289407118216805,-0.0172145332559546,-0.7440599420993081,0.4770697662211123,0.7290178899774891,0.5519590140679915,0.9872317106994853,0.9872317106994852,0.9558745269076245,0.9558745269076252,True
0.0,1.7138837326159626,0.6634459326720605,1.050437799943902,-0.08147151971507785,-0.10434174426785747,0.3090060660253782,0.9889809775777094,0.5756138391493488,0.4319268647617771,0.43192686476177716,0.020304005733441398,0.020304005733441377,True
0.0,1.5404556437762529,1.3982463827586087,0.1422092610176442,-0.423323495087607,1.0281769665250637,0.7290397102897819,0.7120987240222486,0.06354432008835842,0.9581381667215438,0.9581381667215434,0.8632783713358898,0.8632783713358897,True
0.0,3.407273574229539,1.5712688845046308,1.8360046897249083,0.5575791135360688,1.8729355432101933,0.6189991742432663,0.7127558802305867,0.042892315489062915,0.04250696830808297,0.042506968308081476,0.05145433614110463,0.051454336141105735,True
0.0,1.6861945320845946,1.647105585349821,0.03908894673477348,1.7293196602934453,-3.3892858468442126,1.0911180360667088,0.8364319952674053,0.7268576144228078,0.9395556610291158,0.9395556610291155,0.9569609832857687,0.9569609832857691,True
0.0,2.3170628008861844,1.9282112183975169,0.3888515824886676,0.5715702232509132,-3.429383343749885,1.1061115286690049,0.638090464317025,0.7287050889569892,0.45982740399211675,0.45982740399211725,0.6344565221869237,0.6344565221869239,True
0.0,2.28466491483323,1.344897565811625,0.939767349021605,-0.6214383886973042,-1.0596682675099927,0.72123873391667,0.13275941677157693,0.46534974818089603,0.24246500407879387,0.24246500407879387,0.20435000592920108,0.20435000592920108,True
0.0,2.1336502724092967,0.9415082430732915,1.1921420293360052,0.07530190421481348,-0.6460130116004359,0.4808832677839186,0.8544874471295807,0.5390080879706075,0.22185842071644582,0.22185842071644593,0.048578157641215904,0.04857815764121589,True
0.0,1.9903945602510567,1.9406821184118763,0.04971244183918033,-0.32606835923702115,1.1424537074882988,0.8670344250447322,0.006898112756646757,0.22613399240312804,0.9438309176322209,0.9438309176322204,0.9514332173770942,0.9514332173770932,True
0.0,1.6580289023776014,1.4552081202111118,0.20282078216648958,-0.9120139527578044,-2.242085021967074,0.9707445186125127,0.8356533797237908,0.6997581910993192,0.7680240199529779,0.7680240199529776,0.8003198981269778,0.8003198981269775,True
0.0,3.766035981257364,1.592459309749622,2.1735766715077416,-0.7406817551449375,-0.1507585254561592,0.920223045654297,0.6678810215717313,0.3626737056213003,0.006290324863353182,0.006290324863353218,0.06830152125074095,0.06830152125074054,True
0.0,2.9180067956052365,1.9991721687991635,0.918834626806073,-1.2852813810968418,-0.26126038658316675,1.0904279303973894,0.8037611755003726,0.5566640352681312,0.15082148707776882,0.15082148707776905,0.414097963839545,0.41409796383954506,True
0.0,1.5871380500268166,1.462679245122091,0.12445880490472572,0.014857656162884538,-0.5437145976919895,0.8457758844239905,0.16148062078115927,0.5053053638974142,0.8585475499407773,0.8585475499407765,0.851681923565212,0.8516819235652112,True
0.0,2.605315619868844,1.6640972977487576,0.9412183221200863,0.004700349865657393,0.23045550040584528,0.7808429160691174,0.007049673134465306,0.4958905821379307,0.19021303276120569,0.19021303276120594,0.24416817789786552,0.24416817789786477,True
0.0,1.768914107601336,1.630932759141599,0.13798134845973697,0.9090853726332094,-2.0963126730982142,0.8858863261212859,0.6685395908384383,0.6446857380966255,0.8056460330607617,0.8056460330607618,0.8200557358009042,0.8200557358009045,True
0.0,1.7055097381076325,1.6249513703847347,0.08055836772289782,1.5249276312843885,-3.523100240030927,1.0529109049481113,0.7681657201897998,0.7385997900851471,0.8799363082680843,0.8799363082680843,0.9094792686719332,0.9094792686719326,True
0.0,2.274133036051987,2.2324032603143276,0.04172977573765957,0.14546191907747327,-0.8168085890702493,0.9092273718372511,0.7486492983550223,0.5278960307703151,0.9194727532651044,0.9194727532651041,0.9439494886032153,0.9439494886032155,True
0.0,3.0280775215290356,1.3257998040408785,1.7022777174881571,-0.7060059984407293,0.5120662291722593,0.6428048662251399,0.12693377451601912,0.12624002572077764,0.06548491754959959,0.0654849175495996,0.055585745398749296,0.0555857453987501,True
0.0,2.0333481035622234,1.6704376881784935,0.3629104153837299,0.5961689755361673,1.5474662637686278,0.8228486589911567,0.32001235817746077,0.35550039764897634,0.6609739055123518,0.6609739055123521,0.67161319704541,0.6716131970454093,True
0.0,1.6031431733512802,0.8847063231417643,0.7184368502095159,-0.1492379491031187,-0.9447366891754402,0.5318026866487082,0.1745095793898197,0.46995230970850066,0.5011355656036461,0.5011355656036461,0.19456334900879038,0.19456334900879055,True
0.0,2.7298970476034086,1.866988654306696,0.8629083932967125,0.2451418187503337,2.0122435400831318,0.8663343405158116,0.9527395972009697,0.010445164214477443,0.3817282330870743,0.38172823308707604,0.4720838036718781,0.47208380367187824,False
0.0,1.9367996431972538,1.6440093172021726,0.29279032599508126,3.2937290149943688,-3.690689417787458,1.0560373261237421,0.30443364397922734,0.6988078511053863,0.5970750155077794,0.597075015507779,0.6909741181254305,0.6909741181254306,True
0.0,1.4907678558684978,1.3104401265893078,0.18032772927919005,-0.11297582160063516,-0.7845898946564209,0.6552178902561814,0.6974630021566709,0.4781503459323908,0.819071822271063,0.8190718222710632,0.7205023322409532,0.7205023322409534,True
0.0,2.644581465815511,1.2723241065422264,1.3722573592732847,1.5284503406842633,-2.810498781432688,0.7982553390480197,0.007157998173205338,0.7198316199847332,0.07766048777485961,0.07766048777485961,0.09884358621666445,0.0988435862166644,True
0.0,1.7984168352715033,0.632913583180859,1.1655032520906443,-0.20798015170269282,0.19104800579907022,0.34205525908864437,0.492139702443368,0.3161761669187633,0.44154692346289387,0.44154692346289404,0.021631576186930967,0.021631576186930738,True
0.0,1.775339919077582,1.6582941931825554,0.1170457258950266,0.7431942065234904,-2.270457288715467,0.8204522632522426,0.6904228422295179,0.6770357636484254,0.831307338268715,0.831307338268715,0.8302353526401928,0.8302353526401928,True
0.0,3.3434245146453874,1.5148122577512186,1.8286122568941687,-0.9660645323527367,-0.9993030306288369,0.7829309887593637,0.8381928199759511,0.37745134260891533,0.02024066048006038,0.020240660480060412,0.05996784013344311,0.05996784013344335,True
0.0,2.9202724739948507,1.7847019915040057,1.135570482490845,0.4742197185628749,2.034118422732916,0.7380040744712162,0.6568148190948121,0.012414201442931316,0.21863080741986854,0.21863080741986973,0.23703592523989805,0.2370359252398995,True
0.0,2.069953308232175,1.5125817271021824,0.5573715811299924,-1.3009298882519107,-2.197981206160173,0.9920266218027437,0.2378664324613758,0.7318773365827143,0.42941048160251327,0.4294104816025133,0.5356631238582347,0.5356631238582343,True
0.0,3.424550412725641,2.288652986767694,1.135897425957947,0.014239503366579082,1.0282403628014856,1.0029392745044092,0.09971437984109427,0.4983694845332134,0.06327325437996059,0.06327325437996012,0.29558692465238284,0.295586924652383,True
0.0,2.3087829092296746,1.9326413249602445,0.37614158426943,-0.9424357314338805,-0.026258015674451296,0.9463435787155349,0.6805014178918459,0.5996102013241372,0.5350472096846275,0.5350472096846273,0.6580865416323975,0.6580865416323987,True
0.0,2.143288355312097,1.3399605762035112,0.803327779108586,0.017781445933557117,-0.28451434028889633,0.6443277002534377,0.5267543612971524,0.5175606654238688,0.31967249465371667,0.31967249465371655,0.22012197186179108,0.22012197186179064,True
0.0,2.481698234912653,1.8982828853149056,0.5834153495977474,0.1101242838193669,-0.9556733847000694,0.8600217433847817,0.6705204160452487,0.5214556855325961,0.3198072506288835,0.3198072506288833,0.42427555035787984,0.42427555035788034,True
0.0,2.537613661908457,1.3993839692979557,1.138229692610501,-0.2688516289834996,0.8274941514993819,0.670448927397883,0.8270927683306246,0.27573018325868714,0.2164579991265466,0.2164579991265465,0.1605227211118019,0.16052272111180102,True
0.0,2.306349968914506,1.5021677489494936,0.8041822199650124,-0.2136690365394905,-1.6460122567150643,0.8924700164411382,0.031876028440432136,0.5065531243126395,0.25859423484750876,0.2585942348475089,0.3301638752082023,0.3301638752082024,True
0.0,2.0557977023969096,1.0995609714238244,0.9562367309730853,-0.02317292950977206,-1.1918224443798844,0.5741861675793519,0.7952445910311678,0.658928963068925,0.2784998971328497,0.2784998971328496,0.12254517905736004,0.12254517905736013,True
0.0,1.4519634297648847,1.1117502805663455,0.3402131491985392,-0.43662026295100514,-1.543366303708766,0.7003358813022005,0.39039846856577176,0.7097564975340568,0.7086004329705081,0.7086004329705082,0.5745232477239915,0.5745232477239917,True
0.0,2.4527362415742573,1.6735232888405598,0.7792129527336975,0.6190717186966508,-2.341389810050846,0.8853158499543733,0.09630692338142849,0.6702478321694281,0.22487594604456881,0.22487594604456873,0.31248183216759623,0.3124818321675962,True
0.0,2.2957396782460524,1.100143622948358,1.1955960552976943,-0.4499208978231708,-0.582146400451124,0.6275819210425747,0.731457769105616,0.6509625082212585,0.2001843347770801,0.20018433477708011,0.10329566822313514,0.10329566822313523,True
0.0,1.5957910399199466,1.4901090899479996,0.10568194997194702,-0.5498089901679755,-1.3111180546838153,0.9596921958739357,0.2723186424663514,0.5660048677644941,0.8762092762234608,0.8762092762234607,0.8928036228386673,0.8928036228386673,True
0.0,1.6185993644913204,1.5168986924017323,0.1017006720895881,-0.24941573974499998,-2.8489793227764912,1.1152553989082914,0.14077699899142004,0.5921243151723766,0.8679312619629946,0.8679312619629951,0.9082345026648361,0.9082345026648362,True
0.0,2.322912705970748,1.6156894090996017,0.7072232968711465,2.5418594826728733,-3.282209024464265,0.9153696014583751,0.9681426595850622,0.6918962957381448,0.2596034280516268,0.2596034280516267,0.3440062597842749,0.3440062597842752,True
0.0,2.938435882488153,1.9168538073165664,1.0215820751715865,-3.536051855713572,-0.8904238143761993,1.1189452751180229,0.5089561851288797,0.186597274947074,0.14948132222653143,0.14948132222653046,0.4689192264891528,0.4689192264891508,True
0.0,2.4035268717036393,1.7452845604126357,0.6582423112910036,-0.14462689712119822,-1.1735308610957635,0.8080394840416257,0.8957872704036947,0.5626796252178253,0.2993678042642032,0.2993678042642033,0.35702113651824285,0.35702113651824324,True
0.0,1.652061444801824,0.9788053479415202,0.6732560968603039,-0.23619817795150475,-0.2948216887325885,0.4629110646585336,0.9450742901743524,0.582889467525089,0.5366521547611356,0.5366521547611357,0.1733781961479588,0.17337819614795916,True
0.0,1.8645001252279174,1.50773502158866,0.3567651036392574,-0.45413212630215993,0.13272970190257327,0.6771948973640187,0.6973530274021407,0.5842173702735335,0.6533286441049964,0.6533286441049966,0.5510671637572793,0.5510671637572794,True
0.0,2.3592979820963937,1.2590795571184124,1.1002184249779814,0.30859813846014283,-1.1524217733878095,0.5920668496735491,0.045069497220031896,0.5928740517378641,0.1725462878595764,0.17254628785957637,0.09460901666346115,0.09460901666346166,True
0.0,2.456131579418512,1.424289285606912,1.0318422938115999,-0.6113636969206417,0.5563459028677746,0.681308414859909,0.9162667771941655,0.21851990299643026,0.25617737722096284,0.2561773772209628,0.1930018913077172,0.1930018913077166,True
0.0,2.559284786562366,1.3000946298973115,1.2591901566650543,-0.5409126756396557,-0.716674734018179,0.8264307100270876,0.8792712439915018,0.6181438998972638,0.13290413674844284,0.13290413674844284,0.17062722737670205,0.1706272273767021,True
0.0,3.7151536037140906,1.2782492151411537,2.4369043885729367,0.030022363335611753,0.8237604268535186,0.5941633579732157,0.13788909184891346,0.29423690730682217,0.006889990711944004,0.006889990711944137,0.012988647746348041,0.012988647746347195,True
0.0,2.43140830357136,2.262413591097598,0.16899471247376185,-3.528431225724275,-0.14003284085303902,1.3339832658255883,0.9175063675062873,0.650006010368183,0.7771175336483362,0.7771175336483356,1.018795289549363,1.0187952895493626,True
0.0,2.327226818335172,1.3997269431699222,0.9274998751652499,-0.0703467993362146,-0.6338722183482982,0.7024873806040799,0.282084410312183,0.6024281374682847,0.23183966368900338,0.23183966368900344,0.19715475983896985,0.1971547598389705,True
0.0,1.5167002429800713,0.9109379824783114,0.60576226050176,-0.23542677342775678,-1.0057027699530716,0.5563133731655274,0.20390449895253948,0.5865917263108631,0.5719160533973405,0.5719160533973408,0.2730863962641265,0.2730863962641265,True
0.0,1.8973571294288967,0.6758479395457571,1.2215091898831396,-0.24034541352463645,-0.26430210524617404,0.4050346630816947,0.8003359938037374,0.6373680422951338,0.3370405469742084,0.33704054697420827,0.029907869692575605,0.029907869692575414,True
0.0,1.6475491013137367,1.5403322675318911,0.10721683378184554,-1.9521515068932935,0.17194593919408319,0.7558528474583064,0.590199343691652,0.045654269725222574,0.96538907753876,0.965389077538761,0.8937845261439397,0.8937845261439386,True
0.0,2.143629381623839,1.1525972949257213,0.9910320866981177,-0.2560931546428692,-1.454415993783492,0.6485048903591198,0.6971208948492017,0.7031694882394472,0.2487389795173993,0.24873897951739926,0.14693784105092478,0.1469378410509243,True
0.0,2.246172688456551,1.9881009955783526,0.2580716928781983,-0.44141770389762314,-1.804230437172325,0.9849190940592624,0.8358977935226286,0.6325147737326005,0.6131206422281494,0.6131206422281492,0.7224870965085447,0.7224870965085444,True
0.0,3.666073404890418,1.3157834820319043,2.3502899228585137,0.44389428293457855,-1.4106123109315325,0.6404188298139731,0.07089503573927708,0.6309313906917396,0.004416126220078684,0.004416126220078588,0.012009870763189675,0.012009870763189772,True
0.0,1.2889289752417263,1.0692145300663525,0.21971444517537386,0.2491270732575398,-1.2014104173605866,0.4658679095286207,0.43680977265104526,0.648700182888535,0.8067838892728282,0.8067838892728278,0.5456777832667348,0.5456777832667347,True
0.0,1.805210708453343,1.7209611507193805,0.08424955773396259,0.26205806609588556,-1.9728238302305834,0.7578584907835806,0.2777818585876947,0.6700722624255453,0.874936016143027,0.8749360161430265,0.8649711340348389,0.8649711340348387,True
0.0,1.3602386063988199,1.1855419500547586,0.17469665634406129,-0.005136010931063755,-1.5841852670625935,0.7140689925553539,0.44530716961841,0.6280045065451688,0.8309489987772073,0.8309489987772074,0.7523479574437284,0.7523479574437281,True
0.0,3.092220895042613,1.5033089818412537,1.5889119132013594,-0.3920197773140314,-2.152174220380749,0.9447356308623179,0.3160552492800325,0.7172575805488823,0.03549456160464904,0.03549456160464909,0.11922774401886813,0.11922774401886795,True
0.0,3.5553112741903443,2.6268108479293684,0.928500426260976,0.3862445091638678,1.3057882202608493,1.1724745171618822,0.689717850444535,0.44622471981500444,0.08266718463760452,0.08266718463760454,0.4405404214437131,0.44054042144371336,True
0.0,1.783448128133987,1.6991392961006828,0.08430883203330408,-0.803067796574255,-0.8330385154849793,0.7695380033580825,0.7812723236542143,0.6269887038904823,0.8901575297649539,0.8901575297649541,0.8793891312537456,0.8793891312537442,True
0.0,1.325640699131578,1.0138411339855178,0.3117995651460601,-0.07000484878867937,-0.7989931297381025,0.49675981174007117,0.16236706758564434,0.5974681863716819,0.7591343900717841,0.7591343900717841,0.463071553170332,0.46307155317033216,True
0.0,2.5906468706937242,1.8346031458203707,0.7560437248733536,-1.9009833134685676,-0.2367530491179468,1.1594689952900514,0.6265930263512972,0.2454768176608414,0.28348111036494633,0.28348111036494644,0.5998698099516429,0.5998698099516427,True
0.0,3.40534262421001,1.923191376252113,1.482151247957897,-0.3932507235997741,-0.6237032435297679,0.914109864256653,0.32827350264593896,0.5602826944549565,0.028775412486555484,0.028775412486555473,0.13829596051142645,0.13829596051142595,True
0.0,1.5123618804283232,1.3685637501394927,0.14379813028883048,0.11232610447341526,-0.6839452095307682,0.7455424147897985,0.7595451542813609,0.5496438461532424,0.8452415376871432,0.8452415376871432,0.8007281166043122,0.8007281166043119,True
0.0,2.5739886049828202,1.3439406699474161,1.230047935035404,-0.19412042846904534,0.22645333572980308,0.5785175191854066,0.6419013676383258,0.530190356585711,0.15093225124140006,0.1509322512414001,0.08481766525179629,0.08481766525179688,True
0.0,3.432636696484467,1.655159476426337,1.77747722005813,-1.9017640046858606,-2.089541984893627,0.9983258954302504,0.8071185063705295,0.7278515657793393,0.01733537826905104,0.01733537826905097,0.11667288459901484,0.11667288459901405,True
0.0,1.8084707421256512,1.3012848084258868,0.5071859336997644,0.8279798827650954,-2.0686113078141712,0.8589015998960972,0.011870389491235811,0.5999772744083968,0.48590013468580895,0.4859001346858087,0.4814232325276021,0.48142323252760216,True
0.0,1.3507022015607306,0.9158838630486372,0.4348183385120934,0.4645935884872132,-1.738826140274612,0.5784084585661904,0.18126370544584303,0.6080501050379666,0.6507318423524783,0.6507318423524782,0.39411688419283303,0.39411688419283325,True
0.0,2.6772036951004647,1.6460994919478418,1.031104203152623,2.058397090999399,-3.685960062604917,1.060572905534767,0.9168019630776627,0.7330350022296245,0.11671326182211901,0.11671326182211919,0.26797845931871467,0.267978459318715,True
0.0,1.7852511496100194,1.5592769750634974,0.22597417454652202,0.3286943392364851,-1.3481147134392981,0.7295534076658804,0.881233660611322,0.5967352172789965,0.7171796377897128,0.7171796377897128,0.6735787405080215,0.6735787405080211,True
0.0,2.428463182916098,2.304368530197398,0.1240946527186999,-0.16731429786237098,1.0572800180168072,1.1495984604297766,0.05194987915519339,0.5017836323963105,0.7986459075745983,0.7986459075745971,0.9138437821063081,0.9138437821063092,True
0.0,2.2422385138227257,1.534651574157018,0.7075869396657077,-0.12435982012777418,-0.12525968546470634,0.8143632087689607,0.7837372960038421,0.5486087706037388,0.33786224145523513,0.3378622414552351,0.3672742884021663,0.3672742884021668,True
0.0,2.2561922275242003,1.3546122343225067,0.9015799932016937,-0.4821097315045669,-1.1564318342530815,0.7220233262916074,0.11776715851223568,0.5594331027164559,0.25364476099255634,0.25364476099255645,0.21472069097034532,0.21472069097034557,True
0.0,3.011017571560182,2.345673209737718,0.6653443618224641,0.25034960444343324,-1.8205010145340101,1.04189334115453,0.6604686482493729,0.5178429226790151,0.18933067300961332,0.18933067300961345,0.4327705353089887,0.4327705353089883,True
0.0,1.5121110312487644,1.4808539945605708,0.031257036688193685,-0.357697947414614,0.37128618395482893,0.7212635323950187,0.32131244814762716,0.5351073008512948,0.9719517753735049,0.9719517753735053,0.957526390395352,0.9575263903953511,True
0.0,2.130706576375495,1.8885995896907446,0.24210698668475028,1.0710143047113552,2.4510714621142937,0.7966237786302217,0.9245336474301633,0.012085778601723052,0.9039142302744553,0.9039142302744564,0.8142982326751449,0.8142982326751464,True
0.0,2.1965772061538993,1.5307778964223262,0.6657993097315731,-0.9922611545950561,-0.37182730907935,0.9682899276824706,0.8425680988782863,0.3580652723767133,0.38997963770162425,0.3899796377016244,0.5086858957482545,0.5086858957482538,True
0.0,1.8991625929238438,1.726286484613993,0.1728761083098509,-1.2944782805414166,-0.9129317618710863,0.9396336765134519,0.9182642280869515,0.6306633349422335,0.7841662058024562,0.7841662058024559,0.8256490978827195,0.8256490978827205,True
0.0,1.4675376551706896,1.4500080188182096,0.01752963635247995,-0.3103275228469326,-0.3789455002667528,0.7378172472458957,0.5134223866961994,0.45450395640085806,0.9812891932837594,0.9812891932837593,0.9743174052071042,0.9743174052071045,True
0.0,1.6836314116587332,0.8350395352979413,0.8485918763607919,-0.581729234699562,0.13223084597961465,0.5231869524114853,0.26805402281606805,0.009815304089387411,0.5997625995179313,0.5997625995179314,0.17737431547256877,0.17737431547256902,True
0.0,2.098747331355867,1.7287149117420544,0.3700324196138127,1.7929928282348946,-2.711668534276912,0.9797765659787441,0.7838955566199459,0.6270114985402975,0.5094310422991531,0.5094310422991531,0.6054008100734308,0.605400810073431,True
0.0,1.5863946028307143,1.2798881055341238,0.3065064972965905,-1.5032392375877242,-1.2456048416943843,0.8342195677679934,0.5828738998938873,0.7113506772885548,0.7433849222651929,0.7433849222651928,0.7023222982844827,0.702322298284483,True
0.0,2.0006328551171015,1.5440848218597039,0.4565480332573977,1.5338504822111265,-2.6448307940982163,0.857299236730209,0.8062536636198435,0.6111801999008569,0.4649087495803145,0.46490874958031453,0.49115194405936874,0.4911519440593686,True
0.0,2.2426354905677104,1.6123183247758277,0.6303171657918827,0.10667983338616928,-0.9834424501775312,0.7295719077299517,0.791250361175228,0.5824581177342737,0.345287647008862,0.3452876470088621,0.3343610468771857,0.3343610468771852,True
0.0,2.63196833904532,1.6371300541275686,0.9948382849177513,-2.7052709045415995,-0.6532535815521958,0.9847163154382866,0.8407109502508043,0.6708075617504679,0.22152250048049568,0.22152250048049596,0.4056981615491406,0.4056981615491412,True
0.0,1.7995894666728551,1.412293369614499,0.3872960970583561,-0.31781352116629635,0.17608012305123588,0.670719993704568,0.4025029956349553,0.5376886488388414,0.6481099969233114,0.6481099969233114,0.5240310698994763,0.5240310698994766,True
0.0,2.37793349111352,1.4620016723532119,0.9159318187603083,-0.1990813826719279,0.5156738306034714,0.6447088419991348,0.9676957676203559,0.382043021766824,0.272048340424545,0.272048340424545,0.19856014721574625,0.19856014721574478,True
0.0,2.6027514215422207,1.8481617754790833,0.7545896460631374,2.438557061486008,-3.3732510716467243,1.045713051182067,0.37997055100088745,0.6147237108827637,0.1974917572371806,0.19749175723718046,0.3699198227810844,0.36991982278108404,True
0.0,2.2856150433294182,1.6898020522183175,0.5958129911111008,0.7591493390522309,-2.3132153105454885,0.8689244153981602,0.6022438684554109,0.6465944231926147,0.3330149373375167,0.33301493733751664,0.4031327293495298,0.40313272934953,True
0.0,2.47346601908855,2.2750141686201792,0.19845185046837077,-1.0721289845308226,0.9728929725012838,1.0761567742362639,0.1572861601751971,0.5612884377967604,0.7223347492177731,0.7223347492177729,0.8743090615171666,0.8743090615171696,True
0.0,1.7275658493024733,1.38647354081946,0.3410923084830133,1.0200022108189206,-2.5535760417854583,0.765209846843597,0.20869000917446606,0.7019742498034954,0.6103018493704003,0.6103018493704004,0.5574728632500494,0.5574728632500496,True
0.0,2.82066097639785,1.1702151716136215,1.6504458047842283,-0.8550868314132399,-0.32058104699339063,0.6443473178134068,0.010543789851874152,0.4869278801285759,0.07500754739502208,0.0750075473950221,0.05228126069310176,0.05228126069310142,True
0.0,2.038149220914053,1.844517657907334,0.19363156300671913,-0.11213547671624209,-0.10173570580165603,1.146622929619539,0.2614460659323211,0.5290899105091762,0.7351539203330936,0.735153920333094,0.8482316406251782,0.8482316406251781,True
0.0,1.9315220711733332,1.1021052043507114,0.8294168668226218,-0.4090188482495782,-1.2641238709005391,0.642883588000653,0.3889505826258137,0.7021230399566546,0.35877098442144373,0.35877098442144373,0.20635606326800077,0.20635606326800127,True
0.0,1.673556672101191,1.043447086650669,0.6301095854505219,-1.5202699186938835,-0.5065139226913092,0.6989831517614832,0.19255245887460914,0.03652421147965279,0.6743546739116052,0.674354673911605,0.43225662787857577,0.43225662787857594,True
0.0,1.2851939372404437,0.940376009068781,0.3448179281716627,-0.7546621675112665,-0.28551131316810374,0.522029167299951,0.3595362934957794,0.6524869042104344,0.8371503384541474,0.8371503384541475,0.4916481630185544,0.49164816301855424,True
0.0,2.077981420505209,1.8987753094048891,0.17920611110032003,-1.2031858779925872,-0.8366747465098878,0.9913098245885477,0.6468644438388444,0.6476115139523634,0.7491870046544868,0.749187004654487,0.8241560570780835,0.8241560570780826,True
0.0,2.208627711024336,1.7646938273454424,0.44393388367889375,3.9409245583006363,-3.9835310423765202,1.04213720414104,0.08583766776424384,0.6813956109951598,0.4188228359088129,0.41882283590881264,0.5524224884541677,0.5524224884541673,True
0.0,1.8306274446923003,1.3949941110503856,0.4356333336419147,0.6906588037886973,-2.0733044442348865,0.700189586553665,0.19997278877766522,0.686203465601122,0.5271541895949238,0.5271541895949239,0.44054855844084234,0.44054855844084234,True
0.0,1.6638968149383495,1.2979687607633625,0.36592805417498697,-1.0562934266171353,-1.228447113129559,0.6779715989078013,0.02599758266334895,0.705155873547341,0.6680608548284421,0.6680608548284421,0.532107107337806,0.5321071073378059,True
0.0,2.1389336411206923,1.4282443647272787,0.7106892763934136,-1.0756281592450203,-1.0868024662110176,0.8549372058844615,0.5034283172885452,0.5905996070039746,0.36349140106855,0.3634914010685501,0.39360871954994925,0.3936087195499489,True
0.0,1.2990534178476245,1.227134116811563,0.07191930103606148,0.7218911092628189,-2.1338068790074676,0.7435585822445698,0.3462692629578312,0.694643859011178,0.921104821801493,0.9211048218014929,0.8896757950182766,0.8896757950182765,True
0.0,1.7198540911139195,1.2416460761374084,0.4782080149765111,-1.7525885617154533,-0.8235203736812434,0.8224126926077325,0.028909951258071498,0.6786183746471521,0.6624690423738908,0.6624690423738909,0.5943488006525328,0.5943488006525336,True
0.0,2.8041715339322844,2.6793823230728253,0.12478921085945904,-2.2784376481028175,-0.3297516706369108,1.2724492513503176,0.3984873157708323,0.5408910496130879,0.7489465825912004,0.7489465825912011,0.9145911443475936,0.9145911443475937,True
0.0,1.3275975122331083,1.0864968493998204,0.2411006628332879,-0.32440474755763027,-0.3271058571835199,0.5496053554697771,0.7727189263599993,0.5253760917317605,0.8265188763113818,0.8265188763113817,0.6059225321655443,0.605922532165544,True
0.0,2.4244134016451113,2.016643811845498,0.4077695897996132,0.10709495526626953,0.6572673748912314,0.9478228154685339,0.22882489055665878,0.45196022899666355,0.48113296339224737,0.48113296339224737,0.6286522951743152,0.6286522951743151,True
0.0,2.157997550495324,1.639363521507811,0.5186340289875129,0.08056600763791787,0.6681078746036646,0.7969926902275696,0.10185991299164354,0.4655232152663757,0.47924569826080987,0.47924569826081037,0.4955318054750951,0.4955318054750955,True
0.0,3.073777090774352,1.4747464016630738,1.599030689111278,-0.032902735795922,-1.1361652059129512,0.799565325079637,0.004867958899272662,0.634189829510561,0.03803636229730508,0.038036362297305074,0.0819351867152424,0.0819351867152426,True
0.0,3.2834186242193084,3.014713112484078,0.2687055117352304,-0.035719965132754675,-1.0956281257468417,1.208188135701372,0.20073083570128936,0.5404846761486776,0.4532236454456102,0.45322364544560634,0.7534147280376733,0.7534147280376741,True
0.0,1.7989315685865304,1.5244237954400837,0.2745077731464467,0.26797968859921983,-1.469038454301464,0.7896948497496442,0.1581858034283103,0.5330329429567996,0.6693572942692916,0.6693572942692915,0.6473524349894276,0.6473524349894277,True
0.0,1.672560113676728,1.0339633314236805,0.6385967822530476,-0.3784728027771312,-0.4141643355940632,0.5773047311821896,0.5457451140240269,0.406759743107901,0.5436047958317992,0.5436047958317994,0.27679020784758324,0.2767902078475836,True
0.0,2.624348625778625,2.5423665014319474,0.0819821243466774,-1.165450718735807,-0.5234193410113264,1.2927028527263351,0.8054823415156911,0.45152226074240176,0.831585427808516,0.8315854278085153,0.9368887459250881,0.9368887459250884,True
0.0,1.717730560579474,1.03024415175536,0.6874864088241139,-0.6774051502396707,-0.08753731660069786,0.6033553496775256,0.38867150601387584,0.6309862986528114,0.5738837302299351,0.573883730229935,0.2923239736454806,0.29232397364548096,True
0.0,2.0990006207837753,1.3042933910362178,0.7947072297475575,-0.8016537046156065,0.35606489226590043,0.6901383341527974,0.2791094264859133,0.18896712768903612,0.4449256888751689,0.4449256888751687,0.30161026422576787,0.30161026422576764,True
0.0,2.1870123444983074,1.9164325090234735,0.2705798354748339,-0.9702577852534813,-1.275116202042631,1.0170408789600063,0.5688077068033675,0.4324791054053133,0.6222300713223493,0.6222300713223494,0.7384442441891124,0.7384442441891121,True
0.0,2.534053042292388,1.8639587015794086,0.6700943407129794,-4.241906847012457,-1.0348140217027306,1.1165343138082713,0.5229642290088496,0.1215278973609964,0.3817742657379803,0.38177426573798,0.7055013727858146,0.7055013727858122,True
0.0,2.1539840173910454,2.117220473331451,0.036763544059594366,-0.6209453617488218,-0.2984775719709135,0.9239161036220317,0.6004961791536632,0.5792172013109971,0.9370015950571127,0.9370015950571128,0.955587510179897,0.9555875101798972,True
0.0,2.3474639676146807,1.663856848085962,0.6836071195287188,-1.2565487913216031,-2.1597263632903987,1.0140660272340913,0.20290582412228836,0.7000182865795695,0.3026353712347112,0.3026353712347114,0.4553307806097292,0.45533078060972915,True
0.0,2.8395836852315344,1.8677983105573197,0.9717853746742147,-0.08382742583821311,0.7218551232328678,0.8748076161099463,0.7193650483395946,0.3608436889725425,0.1576866213878219,0.15768662138782158,0.29564223484421964,0.2956422348442203,True
0.0,1.7785473313971512,1.6702341126516482,0.10831321874550293,1.3757645152986326,-3.1956765722130047,0.9255487081764577,0.5510782781585271,0.7225858469451011,0.8378016930912521,0.8378016930912521,0.8581318292349494,0.858131829234949,True
0.0,2.223628698229888,1.9562011846475587,0.2674275135823292,0.9228252695759549,-2.121608519437785,0.8709202121559474,0.6327380060445024,0.6391772673206897,0.5941391954500906,0.5941391954500909,0.6631230632144375,0.6631230632144375,True
0.0,3.0093255209249925,1.8033019909838228,1.2060235299411697,-2.538032652057188,-0.2617911086980569,1.0564614733217605,0.5691832488948131,0.1636881717269827,0.1127040675254702,0.11270406752547013,0.3712625692049828,0.371262569204982,True
0.0,2.703004616851916,2.2252215049335673,0.4777831119183489,-1.955614746209658,-1.3849196617850703,1.1809942047665938,0.9255433374253761,0.38139980880845886,0.3586548956554424,0.35865489565544206,0.6434750968778709,0.6434750968778707,True
0.0,2.164468913346748,1.6706630773806472,0.4938058359661006,-0.3013752086966708,-0.5760594140771371,0.8088234791041838,0.7765221548848114,0.4564831469335328,0.45345297468037465,0.4534529746803749,0.481355848765714,0.48135584876571386,True
0.0,1.4644384595355633,1.3216386230424895,0.14279983649307382,1.3491305846259225,-2.7479558110316673,0.8003305700938231,0.6452879238694137,0.71845843972914,0.8287650633000252,0.8287650633000253,0.7976313021783143,0.7976313021783142,True
0.0,1.5208468707080227,1.4157788375469533,0.10506803316106939,0.08615015783635403,-1.0209018314805336,0.9252980424397322,0.937484659954174,0.5911038385893174,0.8793523703040738,0.8793523703040733,0.8864203616756531,0.8864203616756531,True
0.0,2.024626335718865,1.5387786061459228,0.4858477295729424,-0.14317539593555706,-0.6220440929700641,0.7218682361550594,0.32732917688173147,0.599369636947189,0.48710052947304644,0.48710052947304633,0.439255876229137,0.439255876229136,True
0.0,1.7109998932975574,1.2008460959392442,0.5101537973583132,0.8427117533868769,-2.178019026113989,0.6255627349842906,0.10288905859761244,0.7021600169415888,0.5064501238324152,0.5064501238324153,0.33935683059125976,0.3393568305912597,True
0.0,2.477476288643694,1.7668384914172246,0.7106377972264695,0.5827536083675341,-1.6323837889728114,0.7829458369598536,0.30856307234051983,0.5850558887525591,0.25057572821935664,0.25057572821935636,0.30307005825667943,0.3030700582566793,True
0.0,2.193944613566511,1.9644609596146916,0.22948365395181947,-3.657472880340084,-0.9146252414370113,1.1237983523583268,0.7241043043000952,0.19080530982776306,0.7345904032895674,0.734590403289569,0.8885585181555433,0.8885585181555417,True
0.0,2.0604742289989986,1.150856715332853,0.9096175136661455,0.23282867932664592,-1.3918109640259133,0.5208893460087793,0.045815283188539946,0.6612457014558866,0.279306263195528,0.2793062631955281,0.10729108614937236,0.10729108614937223,True
0.0,2.635320221316366,2.4640955700475082,0.17122465126885755,2.7285650373570203,-3.6032498713428844,1.269340259421683,0.4267581797986673,0.5991567165415833,0.6550034504029136,0.6550034504029142,0.8302024582938091,0.8302024582938093,True
0.0,1.617763012879782,1.1844360401995142,0.43332697268026776,-0.3742905486331312,-1.2796086999164076,0.6533266402145544,0.7481167445678611,0.6808369613421235,0.6152938255998098,0.6152938255998098,0.44931664043380226,0.4493166404338022,True
0.0,2.1670195523289952,1.5487745058625866,0.6182450464664087,-0.4487804492295682,-0.3250967796865587,0.7185735284332164,0.5170688083824397,0.5157078138604339,0.3993415564218001,0.39934155642179997,0.35952776030220057,0.3595277603022005,True
0.0,1.848225168257147,1.0906298342734515,0.7575953339836956,0.12216472475538664,-1.4952620534621528,0.5492468420783511,0.32895344093320544,0.6918975180586093,0.38409644611667154,0.38409644611667154,0.1700000744115531,0.17000007441155288,True
0.0,1.3646415175057791,1.312269749779264,0.052371767726515195,0.24959710207102226,-1.857358053147826,0.6787972806725896,0.03977917647700796,0.6883413526850517,0.9408578985031849,0.9408578985031847,0.9084848172888884,0.9084848172888879,True
0.0,2.797690981978703,1.2848499931852717,1.5128409887934313,-0.5600323555797755,0.09270260309147527,0.7174404580664692,0.13737389192882649,0.6063266990353577,0.08998084353614155,0.08998084353614154,0.09294517543766967,0.09294517543767049,True
0.0,1.999043877280129,1.676352168863066,0.32269170841706285,-2.434319073499112,-0.385863476762038,0.8462280621056474,0.9764085377006646,0.15934986825274927,0.7151003557067332,0.7151003557067337,0.7082996487085812,0.7082996487085816,True
0.0,2.610750261892847,1.808572545932888,0.8021777159599588,-0.29465311667837335,-0.45755330764739655,0.8521256692334277,0.7742193298233642,0.4949229305195961,0.2174339538803651,0.217433953880365,0.3205129585564997,0.3205129585564999,True
0.0,1.7077326548415919,1.6972428587531243,0.010489796088467562,0.752969496096083,-1.88608298965298,0.8318019917877795,0.7928607786107282,0.5799644222220034,0.9838396068428095,0.9838396068428094,0.9839342424579791,0.9839342424579793,True
0.0,2.4758183033726695,2.0880097832933813,0.38780852007928823,1.0333648400365034,-2.049867175595211,0.8874470620969295,0.32622347234074994,0.6057117743286273,0.43636306681103604,0.4363630668110359,0.5555319724331601,0.5555319724331607,True
0.0,1.4617546284753378,1.3227681751409328,0.13898645333440496,0.31860819175099914,-1.8422671282692296,0.7563503457812021,0.5683716214554105,0.6321159838151067,0.8438734906141506,0.8438734906141506,0.7999579381538843,0.7999579381538844,True
0.0,3.498927055815493,1.5238773740380187,1.975049681777474,-0.4133963789035914,-0.978177420201696,0.7637259398661578,0.3777905736861385,0.4416821523757036,0.011597323279940796,0.011597323279940858,0.04295136445630146,0.042951364456301794,True
0.0,1.555493379929239,1.209740021144239,0.3457533587849999,0.18873330477286462,-1.126962122039453,0.6053296299178067,0.04047982463920269,0.59926128693116,0.6696363514828817,0.6696363514828816,0.48878753056418794,0.4887875305641885,True
0.0,2.4336274261505055,1.9320440360028552,0.5015833901476503,0.5443864851141974,-1.9312514634854174,0.9779113846824922,0.7705269368617582,0.549451224532709,0.3636031632487926,0.3636031632487926,0.5131527543091908,0.5131527543091904,True
0.0,2.4170980234855577,0.856428509318716,1.5606695141668419,-0.18799782980646537,-1.1814183152153694,0.5500255007029625,0.9103352595169522,0.6901911797329163,0.11583904590546504,0.11583904590546505,0.03129601825951115,0.03129601825951131,True
0.0,2.3625080286008275,2.113406161458795,0.24910186714203242,-1.243296938116316,-1.512389038673044,1.131600455510359,0.5018602019925403,0.6656860754139018,0.6144149197738559,0.6144149197738558,0.780186156466076,0.7801861564660764,True
0.0,2.233112067405739,2.036477171972527,0.196634895433212,1.7203931506324017,-2.6719099113143927,0.9213718224393883,0.2326803846184598,0.6400070025308295,0.6706638841052782,0.6706638841052782,0.7464511904578811,0.7464511904578816,True
0.0,1.8360384773632183,1.6228805139634257,0.21315796339979265,0.5515331877779871,-3.073610498007326,1.1422188556795563,0.48183233973426637,0.7119450869799062,0.7107032521085546,0.7107032521085543,0.8051815055210322,0.805181505521032,True
0.0,1.5018249475191883,1.2321481471248061,0.26967680039438213,-1.1752501029512568,0.011988184307088812,0.6509329770391474,0.7530029718623725,0.10771952076993929,0.8658982960112077,0.8658982960112074,0.6705855362023386,0.6705855362023396,True
0.0,1.8194630945109092,1.4999195843339492,0.3195435101769599,0.016527803710757242,-1.1671589021865714,0.7705211720828634,0.4300938421778553,0.6330725544709115,0.635279463103568,0.6352794631035682,0.6008934617418747,0.6008934617418749,True
0.0,1.5747796444395012,1.3138915144652394,0.2608881299742618,0.6527647367850351,-2.014661080571602,0.6968878120001804,0.6406354657053728,0.6788388591704383,0.7116292361159513,0.7116292361159516,0.6176901146909988,0.6176901146909984,True
0.0,2.1758739308148023,1.5917407605429392,0.5841331702718631,-0.3427241048531969,-0.17807339737531913,0.8486633447839836,0.32187845083024735,0.5881078812297333,0.41499733799500366,0.4149973379950037,0.46136170546971034,0.4613617054697105,True
0.0,2.9413402183503248,1.4351739889489379,1.506166229401387,-0.39670194602286163,0.9190654063693247,0.6624449694302967,0.8795298896945498,0.13436885135419346,0.09782222624323755,0.09782222624323737,0.0881768587410945,0.0881768587410943,True
0.0,1.9033174101994919,1.143211905031839,0.7601055051676529,-1.0531742934450283,-0.4858448221401108,0.6823405806212458,0.7594937559864394,0.24193624265375424,0.4655273915796609,0.46552739157966094,0.2982876917445661,0.29828769174456615,True
0.0,2.486174396355289,1.7212736235265085,0.7649007728287807,1.0937548906157377,2.259955866195844,0.8188375426223627,0.07443957203431323,0.20187054945486188,0.4368039265765102,0.4368039265765115,0.47120077968613816,0.47120077968613777,True
0.0,1.2840295026147925,0.8651511917394372,0.4188783108753553,-0.039678932349102226,-0.7835458775257793,0.4894160349061042,0.7899102097489873,0.6622048052341043,0.7165802948295289,0.7165802948295286,0.35878798696354525,0.35878798696354497,True
0.0,1.6912718730521885,1.551362145358209,0.13990972769397958,1.8430252281925885,-3.329865049640494,1.029387554550686,0.8824952264543154,0.6798078108433088,0.8043501237125343,0.8043501237125337,0.844006045522644,0.8440060455226438,True
0.0,1.960274283522426,1.5518384509508802,0.4084358325715458,-0.3644828443265435,1.0798562761865038,0.7488725017925977,0.6797172014709194,0.5397852447788883,0.7096695499762741,0.7096695499762748,0.6094818912774215,0.6094818912774217,True
0.0,2.245748684706249,1.62745677684284,0.6182919078634088,-0.5798717540362219,-1.4670698948755825,0.9100034767051,0.9260761627007665,0.5096281062795469,0.3546216376829565,0.35462163768295646,0.4417966259723869,0.44179662597238684,True
0.0,1.2378595389638687,0.8561621457016367,0.38169739326223195,-0.21085909968295385,-0.47889133051130095,0.39375507417364525,0.1196386372248211,0.64705110583791,0.7702540634209681,0.7702540634209682,0.3065046338852387,0.3065046338852382,True
0.0,2.1721842172759556,1.6874606239921621,0.48472359328379344,-0.27872792358104215,-0.8460883015933007,0.7232396240192506,0.8958010709389013,0.5953811422230002,0.4506098236412866,0.4506098236412864,0.43338994502275197,0.4333899450227512,True
0.0,2.651735634027999,1.311565430743606,1.340170203284393,-0.06906266992561995,0.30371631817478173,0.6319375961456912,0.6591934283543694,0.3969939165655041,0.12216769036752208,0.12216769036752213,0.08616585377511317,0.08616585377511399,True
0.0,3.212173616847388,1.662642346119791,1.5495312707275968,-0.8015880782451652,-1.1985303867690853,0.8776651870710325,0.7145782274212505,0.6495657971662024,0.03459579459900208,0.0345957945990021,0.11447587854730638,0.11447587854730615,True
0.0,2.9638377928170625,1.7602082069004719,1.2036295859165906,-1.2204367997209868,-1.867209992704018,0.9749640393184226,0.3598185191220428,0.6701865808438829,0.07870113594180995,0.07870113594180995,0.2191555455364386,0.21915554553643862,True
0.0,2.511269457094845,1.899053737742376,0.6122157193524691,1.2557151450043353,-2.7838342767278967,0.9310180656743255,0.05479713143941173,0.6664258945647598,0.2784720095812893,0.27847200958128904,0.4091264653321197,0.4091264653321198,True
0.0,2.507383258991755,1.3086325586730967,1.1987507003186584,-1.0691915612556873,0.28028158496536104,0.6780633935961137,0.42883326452449955,0.5957331462017843,0.22606462245584982,0.22606462245584982,0.14998367146022923,0.14998367146022992,True
0.0,1.4470195237990149,0.8748260264745593,0.5721934973244556,-0.2344247408071795,-1.3141194467493178,0.6039367182764073,0.9671861353348234,0.7242474961510519,0.5976305028714451,0.5976305028714453,0.3344387090943831,0.334438709094383,True
0.0,1.7808491734202296,1.555358816706972,0.22549035671325757,1.887065188422807,-2.807242644723483,0.8686727359120325,0.7195727432326133,0.6694082783565064,0.6977971134319835,0.6977971134319833,0.708247577108578,0.7082475771085778,True
0.0,2.4152252135582666,1.237828113676575,1.1773970998816916,0.29088343830461594,-1.4473102935613749,0.564017175611322,0.036521972795883706,0.662181990974217,0.1467940239078056,0.1467940239078057,0.0705638375718324,0.0705638375718327,True
0.0,3.3111347408152025,2.1608730965908722,1.1502616442243303,1.284354109861877,-3.821084681300084,1.2807660092830586,0.24555435866844033,0.7007253429563433,0.048475449423773825,0.04847544942377419,0.2969512060659603,0.2969512060659604,True
0.0,2.2385610677467302,1.3455924842506244,0.8929685834961059,3.30617520773278,-3.782144572056814,0.9597004363264222,0.12609055653018947,0.6963132161838329,0.20659631790975466,0.20659631790975458,0.2822185783798819,0.28221857837988185,True
0.0,2.596068566432991,2.487785521020819,0.10828304541217193,-0.7035598153919425,-0.5803101939111133,1.4020211898160724,0.6963719416106045,0.55506673447361,0.7844380126408235,0.7844380126408238,0.9244131987315564,0.9244131987315559,True
0.0,2.181502571417214,1.6267664314275463,0.5547361399896678,-0.8644030178764496,0.9868911831405764,0.8252206645963877,0.604261201099946,0.060795750938807236,0.6146594595543032,0.6146594595543035,0.5770649049570274,0.5770649049570258,True
0.0,2.3621137952572973,2.2671545077496225,0.0949592875076748,0.1609297879387959,-1.2437824441451375,1.2363655044431354,0.553407873234323,0.5927460972124232,0.8190868956446437,0.8190868956446439,0.9132468352395071,0.913246835239508,True
0.0,2.6099581742307665,1.8609561864441544,0.7490019877866121,-1.261042266590829,-0.01664769641731001,0.9505897741806912,0.8869691730904179,0.6159161916568826,0.2699570039588054,0.26995700395880534,0.44098576682368595,0.44098576682368595,True
0.0,2.9262568998125795,1.024777650750616,1.9014792490619634,-0.33176101287241044,-0.5202083779985136,0.5154284908432836,0.8587902418779333,0.41898572519962546,0.04318237594529103,0.043182375945291125,0.014137507577811905,0.01413750757781204,True
0.0,1.8784189371547488,1.5272886271746478,0.3511303099801011,-0.07806792020689154,1.427094858268675,0.7763415051754549,0.5917532321992771,0.5071225061556895,0.8278419812560909,0.8278419812560912,0.7093120475175799,0.7093120475175804,True
0.0,1.6715603647039043,1.3833961337041045,0.2881642309997998,-0.044572480431529254,0.16351121238931388,0.7493706602295644,0.31020157320341357,0.46946052702276353,0.727983212797371,0.7279832127973713,0.6637476308698832,0.6637476308698836,True
0.0,2.422325747036655,1.4254321872905584,0.9968935597460966,-0.46417209397320297,-1.060126775373535,0.7787065715090357,0.8451267234075719,0.5372902674038469,0.19493946904410958,0.19493946904410972,0.20914538555708098,0.20914538555708065,True
0.0,1.875742843791324,1.5986317437349484,0.2771111000563755,-1.3228935647714266,0.7379643872479933,0.8191886945464474,0.9555889104310148,0.014854380260797218,0.8771309458756433,0.8771309458756439,0.7866829691505269,0.786682969150527,True
0.0,1.6835605919291083,0.9352755463475276,0.7482850455815807,-0.32979018018922873,-0.38679791744529846,0.5692263312796424,0.02366904055272634,0.38006286917143783,0.5049197011192491,0.5049197011192491,0.22150733175898063,0.22150733175898107,True
0.0,1.9575016373903529,1.1308513722233755,0.8266502651669774,0.6915324337432197,-2.0947102061242067,0.6395605611494493,0.6313345135444632,0.7068300889817272,0.31263813236868637,0.31263813236868637,0.18305517396603097,0.18305517396603108,True
0.0,3.3951426059665457,1.5811503417025694,1.8139922642639763,0.43024338365340253,1.5064255860418294,0.7405713699333067,0.3787908268264761,0.3909063692836888,0.031756215363781023,0.03175621536378031,0.0790821234124193,0.07908212341241909,True
0.0,2.2788540426689643,1.2634728721840927,1.0153811704848716,-0.8718401430889883,0.5749974407444896,0.6260734449051761,0.6959613009148332,0.009775383571631047,0.380756127873695,0.3807561278736951,0.18144720653131327,0.181447206531313,False
0.0,2.547768175277139,2.545747329547595,0.002020845729544085,0.5015858563199322,-2.0540902693548024,1.1645072435138821,0.9546225885038659,0.6287640617228791,0.9951934617674669,0.9951934617674671,0.9977445432964787,0.9977445432964784,True
0.0,1.8567684380255676,1.1240241411386023,0.7327442968869653,-0.4212462179640091,-0.11001404580150842,0.547129131399861,0.10618919032804558,0.3294239854014833,0.4693422693040366,0.46934226930403666,0.20790278340225318,0.2079027834022531,True
0.0,1.7401846268249412,1.370338406037906,0.3698462207870352,0.5962568114141404,-1.8392598314285404,0.7327622492815231,0.30086606596466625,0.6691451001027127,0.5958364151891917,0.595836415189192,0.5229506111866493,0.5229506111866491,True
0.0,1.5581093431313953,1.3538080417060134,0.20430130142538183,0.09905698395559247,1.0483532374980715,0.627266262995644,0.21261189740410663,0.39308036237089555,0.8663373613723286,0.8663373613723288,0.7241874682054315,0.7241874682054312,True
0.0,1.4113308836023983,1.0716083829531595,0.3397225006492388,0.06535591544227998,-0.6572027109384779,0.44630285212586596,0.29317040193390687,0.5995439991778767,0.7209669692624013,0.7209669692624009,0.38496296073908703,0.3849629607390872,True
0.0,1.5276387687442323,1.0578718642819427,0.46976690446228964,-0.5287290219966605,-0.4819526118661658,0.4807549722715613,0.36080569184729583,0.6598196252392707,0.6662715798976087,0.6662715798976088,0.30790039868354113,0.30790039868353997,True
0.0,2.5990038827247255,1.750286030418442,0.8487178523062835,-1.7594940766370455,0.17266313421381585,0.9279978917254286,0.38966195804933695,0.23214948283593023,0.27917651047584424,0.2791765104758445,0.4293703688343329,0.42937036883433294,True
0.0,1.4384215220699739,1.1314658688113814,0.3069556532585924,0.24957344818815133,-1.5317164508381802,0.6788688369632937,0.6457099462088407,0.6855861084786569,0.7140522565245365,0.7140522565245365,0.5796290092089352,0.5796290092089352,True
0.0,1.965435780773265,1.9108222286912036,0.05461355208206142,3.9847213607167977,-4.420369840574452,1.190334254166321,0.7383489149266371,0.7142132324679048,0.9006132560654972,0.9006132560654976,0.9404742487990699,0.9404742487990703,True
0.0,2.01268159841976,1.5390752307590165,0.4736063676607436,-0.15646041106241756,0.827547618365801,0.8741076811885164,0.603148026770476,0.5222818194608523,0.582511555757545,0.5825115557575449,0.6152314558348816,0.6152314558348813,True
0.0,2.162278212230934,1.662584759700582,0.4996934525303518,1.55782943319158,-2.9614500118271843,0.8733974664651801,0.41356103052372845,0.689803169073692,0.4032716638930214,0.4032716638930212,0.4600325994099392,0.46003259940993935,True
0.0,1.6370879040989854,1.5813390804464507,0.05574882365253475,-1.2756235217255927,-0.6564444901949642,0.7706555585659958,0.42402833369924586,0.6398098346750685,0.9398493945154862,0.9398493945154862,0.9256747829900581,0.9256747829900586,True
0.0,1.7181444033133313,1.6374009027633767,0.0807435005499546,0.6719516946326279,-2.1443069976253093,0.8555381723738525,0.0025096421549217762,0.5545446192258399,0.8835794907578991,0.883579490757899,0.8867541979320097,0.88675419793201,True
0.0,1.8339597067116775,1.6872517032639114,0.14670800344776613,-1.0209832366401912,-0.9292257696195316,0.8721910509649452,0.8295303496188215,0.6273294147356607,0.8160105311437366,0.8160105311437366,0.8307274184851972,0.8307274184851974,True
0.0,2.9187681475469947,2.607612715068833,0.3111554324781616,-0.569486670321421,0.8087065800956177,1.013463421124552,0.5221602970197635,0.3504152113076383,0.4880561033156333,0.48805610331563426,0.7226503809500459,0.7226503809500444,True
0.0,3.231516400956937,1.829873248897666,1.4016431520592711,2.0235705397452075,-3.0539197810173295,1.009755061669768,0.28182437887240874,0.6111466378282638,0.03298671134623729,0.032986711346237284,0.14827777987657886,0.14827777987657914,True
0.0,1.5523057600766923,1.3590869230792622,0.19321883699743014,-0.15068375372679071,0.9103379762282358,0.5988307118197558,0.3623999884644771,0.18403161373781574,0.8823954305026919,0.8823954305026922,0.7197138409304898,0.7197138409304905,True
0.0,1.5206367951966728,1.2525282547565504,0.26810854044012244,0.4857172083814489,-1.416695922333276,0.5861734282798169,0.034036681411787395,0.5961892812197125,0.7226038096817997,0.7226038096818002,0.5537730724973073,0.5537730724973076,True
0.0,1.8281852811888912,1.0323053511245823,0.7958799300643089,-0.06771088561872947,-0.7318661541637095,0.47494382690896864,0.09853407978603407,0.6406932348939618,0.4035802134584453,0.40358021345844536,0.12512797788186997,0.12512797788186938,True
0.0,2.2542091264323036,1.5969050429007585,0.6573040835315451,-2.172549428910661,-0.7638585676407208,0.925334590788947,0.8473930796379798,0.3157885559682612,0.40660719329310113,0.40660719329310097,0.5035851804501978,0.5035851804501976,True
0.0,3.6533343562162215,1.493376651469431,2.15995770474679,-1.1640958434865514,0.706637169136896,0.6876663266601319,0.4698277837913327,0.010524378987829874,0.01595450694884273,0.01595450694884278,0.03809595165849589,0.03809595165849541,True
0.0,2.322492324760747,1.8882788039444862,0.43421352081626097,1.4447069649981548,-3.5513482647316854,1.2142531631782203,0.25655123509863054,0.7224435015169837,0.4179428744625851,0.4179428744625849,0.632293953585217,0.6322939535852169,True
0.0,2.533706769645005,1.6594168742592024,0.8742898953858027,-1.0353030101298064,-1.6895225930022508,1.0365076230314003,0.03855931914137456,0.6960097720330641,0.20212121227026894,0.20212121227026883,0.3766585627915492,0.3766585627915488,True
0.0,2.796838558279704,2.1380863869666933,0.6587521713130107,0.3721675475338728,-2.396518217895957,0.9640605927896699,0.19687100084704318,0.6709197542523598,0.21820737776775126,0.21820737776775131,0.40197539002227395,0.40197539002227417,True
0.0,2.2188935383500668,2.0891145589725446,0.12977897937752214,-0.28260472487567534,0.013383549391037697,0.8960017723150352,0.19200506439833093,0.485756927199699,0.7933425714521539,0.7933425714521533,0.8466659675759377,0.8466659675759394,True
0.0,2.2931360219362182,2.023032208515588,0.27010381342063017,0.2742186183573698,-1.5737749597597857,0.9099831175361656,0.9111086589870535,0.626247956931187,0.588193178015925,0.5881931780159245,0.6814114096754005,0.6814114096754013,True
0.0,1.6591883866279176,1.0542346765130004,0.6049537101149172,-0.16172458729555098,-1.4652866799164301,0.6005945030763766,0.1150711936682427,0.7037106677097652,0.5084932566820366,0.5084932566820367,0.28632383061692024,0.2863238306169199,True
0.0,2.0985049298724134,1.8463064724528917,0.25219845741952174,-1.1744685889195599,-0.9923620245665359,1.06260833341277,0.7065857529818675,0.6565730665464705,0.6651930722737218,0.6651930722737218,0.7823026186093288,0.7823026186093286,True
0.0,2.3378673859395462,1.4330483894759423,0.904818996463604,-0.5778412814887574,-2.6065252679862736,1.01370115601809,0.6526131617390285,0.7413711846336427,0.2172915975446881,0.217291597544688,0.34584568342983035,0.3458456834298303,True
0.0,1.2650168797923569,0.9486952797439316,0.31632160004842524,0.4998526548643177,-1.558451076965786,0.5075286759326514,0.67480808468454,0.6730222825363048,0.7380797685001113,0.7380797685001114,0.4516382199337553,0.4516382199337552,True
0.0,2.7252593779120864,1.728659755814413,0.9965996220976734,2.2984628704847685,-3.095248567809949,0.9558032753623132,0.6868157093784926,0.6601124350456682,0.11790328578536398,0.11790328578536415,0.2367088381779514,0.23670883817795144,True
0.0,1.944240958631919,1.6026335571952512,0.3416074014366677,-0.6050604138195316,-1.299649170799167,0.9041436996847584,0.1576250526286035,0.4467279052266949,0.6014119331590033,0.6014119331590035,0.6470655699427066,0.6470655699427067,True
0.0,1.9159327752851385,1.6017083145017512,0.3142244607833873,1.3828954917060365,-2.711888851295429,0.8185610262171333,0.3118478187828024,0.6820817828902056,0.5936872625429795,0.5936872625429798,0.5968709056496506,0.5968709056496508,True
0.0,2.572878278249265,1.4059264504657087,1.1669518277835564,-0.11218471784124945,-0.13075172921769906,0.7404048187867298,0.588528742191158,0.5511043043686427,0.14667486782918354,0.14667486782918365,0.15491889135256384,0.15491889135256423,True
0.0,2.54505722219393,1.4387270199177034,1.1063302022762265,-0.2575210308923893,-1.569845434268105,0.7428530425605648,0.10654338020911575,0.6435958985029325,0.14193753666663217,0.14193753666663217,0.15049452602505237,0.15049452602505287,True
0.0,2.5001450000069925,1.98685438449918,0.5132906155078125,0.883356121332576,-2.561002563333544,0.953118757724772,0.17454558518928787,0.6711039643322518,0.3387907637734068,0.3387907637734067,0.48499684183394604,0.48499684183394604,True
0.0,1.7019279122742197,1.327949712360091,0.37397819991412873,1.181908528805541,-2.5141025088153532,0.826000752967061,0.8503074758835645,0.685170704486271,0.5888587920535185,0.5888587920535184,0.5612746530684801,0.56127465306848,True
0.0,3.2623378789149116,2.1854547572152545,1.076883121699657,0.16932379583658397,-0.9694920320254791,0.8889910328956101,0.27406015382894816,0.5715561657014394,0.06716973436316241,0.06716973436316231,0.21519319177596846,0.21519319177596816,True
0.0,2.115429929296439,1.8875519792850535,0.22787795001138567,-0.27508620476162704,-1.6055618305779893,1.05976983134074,0.39584494742580323,0.5725076253397983,0.6673187509061395,0.6673187509061392,0.7762392804759182,0.7762392804759185,True
0.0,2.137907586621316,1.6406905836088301,0.49721700301248606,-0.6473882392479926,1.160436621711069,0.7796786861598568,0.5333832284753324,0.09146173801929597,0.6711915420552836,0.6711915420552838,0.5796003631106829,0.5796003631106832,True
0.0,1.697547051928188,1.387602638122548,0.3099444138056402,-1.1991229899381668,-0.455181720794109,0.6892474478888941,0.9688259829365298,0.2730202924567291,0.7355608252691193,0.7355608252691193,0.6126668615701891,0.6126668615701881,True
0.0,2.4659260065622735,1.7709405021629363,0.6949855043993372,-3.4913041842599615,-1.4859600559227482,1.1355934026891354,0.4988677207921818,0.24348913507727488,0.3326517886930824,0.3326517886930823,0.6147871463609752,0.6147871463609752,True
0.0,1.4404892012803157,1.3192922236989102,0.12119697758140546,1.3433628670972424,-2.385860454731051,0.84387715696047,0.5635846260741044,0.6628302289294923,0.8545085158417782,0.8545085158417786,0.8382367554296434,0.8382367554296436,True
0.0,2.8544954776669362,1.8877565673217367,0.9667389103451995,-0.46741588051604427,-1.4607669865263964,0.9188441262085513,0.22625750321663562,0.4698075186588998,0.1264678271657155,0.12646782716571536,0.2648928755635268,0.2648928755635272,True
0.0,2.904878585123926,1.4840820803454917,1.420796504778434,-0.24665037506461387,-0.995783208497058,0.7193161414049057,0.6103842458811695,0.4743198366657996,0.06374952664621786,0.06374952664621777,0.08619784793574567,0.08619784793574556,True
0.0,1.8814933014539537,1.3884307282538861,0.4930625732000675,-1.4742814863315077,-0.4267755982802265,0.7510113449931192,0.09389340503570148,0.2552367069231351,0.6016914307258131,0.6016914307258133,0.5076579856009094,0.5076579856009091,True
0.0,1.3333732760986068,1.2272915969477234,0.1060816791508834,1.9333402083690503,-3.014345186572143,0.809836427662023,0.5749720123276841,0.729659202073672,0.8762264008970857,0.8762264008970854,0.8490343369407093,0.8490343369407093,True
0.0,2.4239186966946242,2.1836088515976693,0.24030984509695497,-1.0929139804784016,-0.8205832503241939,1.0216612139643013,0.13861628933627224,0.42829787290588556,0.6219772067448357,0.6219772067448358,0.7632669276025903,0.7632669276025897,True
0.0,2.0821091921762007,1.6680190704183422,0.41409012175785853,1.3630164172550858,-2.3691024827358618,0.9536682837314918,0.26466772995152227,0.6374455493207032,0.4818776708669172,0.4818776708669171,0.5668371557042378,0.566837155704238,True
0.0,2.1435243354864837,2.028283927208892,0.11524040827759174,6.428510504818325,-5.326686503895308,1.3737349973549466,0.8664666228380945,0.7303172494471636,0.7854349619832517,0.7854349619832525,0.8923835996762091,0.8923835996762088,True
0.0,3.349173664245218,2.595876210419837,0.7532974538253807,-0.033829336335324894,-0.5737976260237101,0.987634869574251,0.30364624409416885,0.553368185949086,0.12750799897673257,0.1275079989767328,0.38624053917573603,0.38624053917573653,True
0.0,2.5754260583261006,1.995938876269497,0.5794871820566037,-1.6410909570443024,-1.8336241193267915,1.0239141726627834,0.4019620553357304,0.6874335173891051,0.3128779063218082,0.3128779063218084,0.5101493712609081,0.5101493712609079,True
0.0,2.0972896717410756,1.3472487124193973,0.7500409593216784,1.9731844402746068,-2.961632355139487,0.8230592378140895,0.1734946860168627,0.7095661493741049,0.2893712297636311,0.28937122976363094,0.2919515138810004,0.29195151388100044,True
0.0,1.892100478559398,1.16163524570762,0.730465232851778,-0.060006348768433304,0.014725278800133523,0.5773396440900223,0.569824622451947,0.47669823102438147,0.4378419494024139,0.43784194940241405,0.22534128520929225,0.2253412852092915,True
0.0,2.2215540278415227,1.5373065457652366,0.684247482076286,-1.1404659502920493,-0.8796548630643943,0.8386526455455037,0.8351990471389776,0.5169797069082949,0.35895713107022914,0.35895713107022914,0.3954525946116784,0.39545259461167814,True
0.0,1.700705301531266,1.6110494649649474,0.0896558365663187,-0.6890376649394072,-1.676031635242051,0.7983931216696531,0.3625620208646283,0.6915011572926546,0.88309830546346,0.8830983054634596,0.8734801510459638,0.8734801510459643,True
0.0,1.860893470012985,0.9944396839351044,0.8664537860778807,-0.18524934768739104,-0.852586633309155,0.5913391651860365,0.9822198447398349,0.6284038565693342,0.37462875600998885,0.3746287560099888,0.1698416288404708,0.16984162884047116,True
0.0,1.546726633019056,1.050274640710471,0.49645199230858506,-0.7793419121397106,-0.3842628390087568,0.6027675621942897,0.7142842423483631,0.6592562068979054,0.680435168753954,0.6804351687539543,0.40819674153367347,0.40819674153367363,True
0.0,2.441851215589102,1.5349848570086289,0.906866358580473,-0.021962070880333043,-0.993348536397314,0.6094857644905556,0.1469656457203457,0.6209015862899137,0.20632907132346576,0.20632907132346565,0.15493227721727879,0.15493227721727906,True
0.0,2.5540087309242825,2.0401636718883935,0.513845059035889,2.9311572928207235,-3.6894029283474836,1.2149471764596622,0.6347380239025209,0.6442449327826179,0.3176312815061197,0.31763128150612036,0.5616541840275563,0.5616541840275564,True
0.0,2.067542705841541,1.7998849737686118,0.2676577320729294,-0.5899603944767438,-0.6618353857307806,0.7864095406857111,0.6555701126441164,0.6223270328739543,0.6521243346229527,0.6521243346229525,0.6641223673872465,0.6641223673872468,True
0.0,1.1569000741449493,0.8535631632169897,0.30333691092795967,0.4879794986628474,-1.5383397787473678,0.5611759554940736,0.44187729588661123,0.6931204995244524,0.7688249002943668,0.768824900294367,0.5248433299513907,0.5248433299513904,True
0.0,1.6012229766261843,1.3961301704136235,0.20509280621256076,1.376119743078447,-3.011188023039249,0.9293570272469549,0.09120629239528633,0.7299217850002603,0.7475970418957694,0.7475970418957691,0.7613994664636068,0.7613994664636066,True
0.0,2.765321642445083,2.1121152192333623,0.6532064232117207,-1.224701704105935,-1.475343855960631,1.309316432951695,0.9042610726599467,0.43992161752986014,0.242321651808362,0.24232165180836215,0.5831686110380052,0.583168611038005,True
0.0,2.1180534921680754,1.7160036519323467,0.40204984023572865,0.12336908142375708,-0.8930377117878984,0.8904589320252222,0.32954947963792014,0.5867227522561702,0.510813963587065,0.5108139635870649,0.577514260861279,0.5775142608612793,True
0.0,2.18613317506403,1.8775373953388983,0.3085957797251315,1.8720095093040217,2.8159434061785165,0.772564835944985,0.9343633308790718,0.06970756942909229,0.8127979485140839,0.8127979485140752,0.7479205517048421,0.7479205517048447,True
0.0,2.4160814635906895,1.4518950408995621,0.9641864226911274,-0.06112460596091806,-1.4770410252663186,0.7861203886579937,0.018504102106102926,0.6651032326569396,0.19165628720766906,0.191656287207669,0.2116591596428512,0.21165915964285104,True
0.0,1.6553385697409366,0.9433046562879417,0.7120339134529949,-0.9639803805554888,-0.6948049749610337,0.6321629103181897,0.5340903346490521,0.700028599177981,0.5646181839083381,0.5646181839083381,0.30071861242220055,0.30071861242220077,True
0.0,2.569514113501351,1.905366876796753,0.6641472367045977,-0.3563046463220739,-0.0098580162282218,0.8143884259586165,0.9310515773804882,0.4873516422904407,0.2887155559879833,0.28871555598798315,0.3818070223515704,0.38180702235156944,True
0.0,1.5395697627742986,1.4404179048402126,0.09915185793408599,-0.7498412777208557,-2.376366535767381,0.9923393365253379,0.8720612027842723,0.7397062569305717,0.883081348922131,0.883081348922131,0.9012766800289431,0.9012766800289425,True
0.0,3.6701306493885513,2.448236579855416,1.221894069533135,1.075039716397891,-2.5139961081197484,1.0487667034014936,0.8810158323376565,0.6423405452207506,0.027989898603072903,0.027989898603073424,0.20821025581061908,0.20821025581061953,True
0.0,2.0493041122804807,1.4261605747482817,0.623143537532199,-0.5114142523555901,-0.16524300865628028,0.6498386499252315,0.9588326161104166,0.3959091643910681,0.44191898380229633,0.44191898380229616,0.32341128744737474,0.32341128744737385,True
0.0,1.5876853195530032,1.0434937160882767,0.5441916034647265,-0.4401987868451237,-1.1555319980891117,0.6687224467165881,0.03348089601223614,0.7055887879610665,0.5772749037157273,0.5772749037157273,0.3936976857020033,0.3936976857020034,True
0.0,1.9678325069633045,1.5807498256466772,0.38708268131662726,-0.003445148490019354,0.36200821281875095,0.9451670685247056,0.13163913889962114,0.436886447580318,0.5958082032422579,0.5958082032422578,0.6692119414343274,0.6692119414343268,True
0.0,2.7090559395013174,1.5607033587033174,1.148352580798,-1.3025404734752037,-0.5768584727147137,0.9323685550490546,0.5459640631796103,0.37673443172834375,0.13822437251005532,0.13822437251005537,0.26283516399035517,0.26283516399035556,True
0.0,2.614577653925538,1.5083182835240199,1.106259370401518,-2.87707102220245,-1.6048199226021156,1.0094705545658624,0.3563287110149932,0.7289507248278153,0.17026834232175758,0.17026834232175794,0.34122754440687497,0.3412275444068752,True
0.0,2.6524213699102015,1.9263888205419213,0.7260325493682802,-1.2320627138318796,-0.2828022160690392,0.9071960934950437,0.7173562850661941,0.43217652818146723,0.25704566350870384,0.257045663508704,0.40725998532229496,0.4072599853222951,True
0.0,2.571711867923333,0.9016029848480546,1.6701088830752782,-0.2503149154440096,-0.7550476741980008,0.4834520133705711,0.9140624140317744,0.6788580208675707,0.09069933460454728,0.09069933460454732,0.016897311826722744,0.016897311826722574,True
0.0,1.7003308826434993,1.473939052924019,0.22639182971948024,-1.5112543736301547,-0.2245174220513806,0.864599796655356,0.45977484099341936,0.4311912889823835,0.8205156791023798,0.8205156791023802,0.8050194337230208,0.8050194337230201,True
0.0,1.3265295187608583,1.1638927616598465,0.1626367571010119,0.6582645592857765,-1.904634993759586,0.611253571051941,0.5612463595347102,0.6919163735075649,0.8342478180980163,0.8342478180980165,0.7117483882253961,0.7117483882253957,True
0.0,1.703023541400964,1.408995647915105,0.2940278934858591,-1.9314513408852096,-1.2527722227099178,0.9431004883455235,0.6011940951949657,0.709388651178955,0.7363737870210401,0.7363737870210404,0.7642014343697853,0.7642014343697856,True
0.0,2.1022727629881817,1.6851114429352152,0.41716132005296647,0.42982777712563974,-2.00289238602808,0.8717267578890879,0.5161545841995944,0.5875611819389577,0.48664956330272774,0.48664956330272785,0.5390566912753922,0.5390566912753925,True
0.0,2.25729346275617,1.3871954484556768,0.8700980143004933,0.5154530262713518,-1.9946420964940432,0.7567961216872467,0.8318575409243709,0.6274751735990906,0.23554310231539063,0.23554310231539072,0.22241695324232005,0.22241695324232,True
0.0,3.3513092477482584,2.1452179244303817,1.2060913233178767,0.1958064625310306,1.850288553007395,1.112754525416781,0.3364604568752192,0.3961859324355343,0.08617124281053862,0.0861712428105366,0.45495369472162356,0.45495369472162484,True
0.0,1.8188335371240925,1.0618631920011756,0.7569703451229168,-0.144213020124841,-0.9343923587594734,0.5516927536766505,0.024159984284703173,0.579307397441188,0.4155441793036149,0.4155441793036151,0.18210895084541223,0.18210895084541173,True
0.0,2.537194263783368,2.2625050819903336,0.27468918179303436,-0.05777127361939424,1.099592357340546,1.062406548200286,0.23054789530740172,0.3910557850314867,0.5997868985301531,0.5997868985301529,0.7862277564978414,0.7862277564978404,True
0.0,1.9246080910348031,1.163680387622732,0.7609277034120712,-1.0218450800400767,0.24738065738501924,0.5938307615075007,0.22850520974662042,0.018407858019384826,0.5702929497160052,0.5702929497160052,0.2559089653566465,0.2559089653566457,True
0.0,1.1193556158650881,1.035558853689854,0.08379676217523424,-0.7457950518197378,-1.3330177088955881,0.6507360538468081,0.6381114990466797,0.7295139486198804,0.9414339622490279,0.9414339622490278,0.8754709086372104,0.87547090863721,True
0.0,2.268049026191918,2.2517932219416577,0.016255804250260297,-1.2587177129297225,-0.8688803377301622,0.9331885493355568,0.9370640387518567,0.6319947876858206,0.9692943664807986,0.969294366480799,0.9797318059013838,0.9797318059013841,True
0.0,1.9858495788870951,1.5490480953482753,0.43680148353881987,-0.02947392011118245,-0.4966160120872162,0.6812071896359633,0.701836040552604,0.5020416213372105,0.5272920891862367,0.5272920891862367,0.45410240461059814,0.4541024046105981,True
0.0,1.9771537323160002,1.3864077984411785,0.5907459338748218,1.0489408454346152,-2.313120701350153,0.77152297010322,0.3027660112051273,0.5945233775602674,0.3971771728975865,0.3971771728975865,0.36354441852688024,0.36354441852688024,True
0.0,2.243931437639857,1.0472839354580032,1.196647502181854,-0.8467081472068342,-1.68249941529005,0.7823422062761638,0.9159252170213307,0.7495988773491766,0.19670650970710826,0.1967065097071083,0.16892114921781484,0.16892114921781487,True
0.0,2.009799751460401,1.43804293945909,0.5717568120013112,-2.643437627264089,-1.6501938829388925,1.055095055269876,0.4007652309862365,0.7179946059676358,0.4999679597389738,0.4999679597389737,0.6478374757378257,0.6478374757378254,True
0.0,1.6725934936025553,1.328233277567015,0.34436021603554035,-0.9096593816027486,-0.7786862605845855,0.7360022026867391,0.5086638200563108,0.34104418235602096,0.6897591261248371,0.6897591261248374,0.5981735375363513,0.5981735375363509,True
0.0,2.1173549160944534,1.2327114048808003,0.884643511213653,3.038116941207432,-3.647689122556088,0.9195017064925578,0.9351634856707076,0.7414374778087557,0.23222852407257874,0.23222852407257888,0.27512540083395115,0.27512540083395115,True
0.0,1.976460802097355,1.1556803678736067,0.8207804342237484,-0.5176479193039192,0.4264260034076013,0.610678552114753,0.24573269715618418,0.49131827701210634,0.4751916255599121,0.4751916255599121,0.2361786570398636,0.23617865703986296,True
0.0,1.7976126946158693,1.5285099180703658,0.2691027765455034,-0.11671806509866982,-1.324632583215159,0.8856422897817888,0.6816125512807159,0.6564013042538002,0.6820641976338794,0.6820641976338792,0.7014616360240312,0.7014616360240312,True
0.0,3.165065022221261,1.6575207829592173,1.5075442392620437,0.18494250991571898,-1.458740750293816,0.8695028907900247,0.348245191077015,0.6339690591334082,0.035543457039363596,0.03554345703936369,0.10880993712403338,0.10880993712403311,True
0.0,2.4556066882318124,2.051911980886391,0.40369470734542157,0.3483073317952915,-1.548543365153483,0.9379644817382935,0.6290877885849673,0.5632783146072905,0.434639785506765,0.4346397855067646,0.5725109458355068,0.5725109458355071,True
0.0,3.2475512372458275,1.6481460062698408,1.5994052309759867,1.2909327431553297,-2.6300880329260483,0.9180136957368341,0.7355525267673606,0.6874609636098151,0.024165846653369686,0.024165846653369898,0.09611644709097514,0.09611644709097539,True
0.0,2.666720261847114,2.0840823202238346,0.5826379416232794,-0.2375879125372995,-1.3929007783070448,1.2035965988099726,0.7673083724450077,0.6122805940754046,0.2854601900869147,0.28546019008691487,0.563014970733113,0.5630149707331128,True
0.0,2.0465142648213686,1.592928984943917,0.45358527987745156,0.48379183515754764,-1.6256884847570632,0.7004941085055624,0.5089899048678111,0.6131711166376147,0.47493956907676055,0.4749395690767603,0.42739333318407446,0.4273933331840741,True
0.0,1.6673234100165217,1.4597071749095862,0.2076162351069355,-1.7264735061718417,-0.8434377551892585,0.9480869263669477,0.27230280841003307,0.6779195273421448,0.8131392621374961,0.8131392621374958,0.8362630630433708,0.8362630630433707,True
0.0,2.294123497903436,2.2852014618878607,0.008922036015575507,-0.14569683302619696,0.287740544136426,0.8875845975962081,0.9226386838986308,0.5269413620016904,0.9831242882927459,0.9831242882927455,0.9884829594277411,0.9884829594277413,True
0.0,1.2936220582654245,0.9229551958878487,0.37066686237757585,-0.025624229969425854,-1.1913333225586915,0.5579457158683467,0.011548847090892267,0.5934268171591341,0.7244334257669698,0.7244334257669697,0.45435348178211227,0.45435348178211227,True
0.0,2.2737189882985933,1.2180777620377787,1.0556412262608146,-1.3832466216010624,-0.7192412818476046,0.7594475565498375,0.6487890823132847,0.3853089820057408,0.2632336971265014,0.2632336971265013,0.21968988386354824,0.21968988386354912,True
0.0,1.5834438096294048,1.3143033958913548,0.26914041373805,0.04883945686736884,-1.7424884773384388,0.7243201176370543,0.746162784749974,0.6835545240538654,0.7146994436396273,0.7146994436396276,0.6326902381271016,0.6326902381271016,True
0.0,3.1439274819169962,2.5403122328479815,0.6036152490690148,-0.7230117370699232,-1.8935316690534791,1.2295106837160503,0.645659888426053,0.4659352132331096,0.20320075939062154,0.2032007593906215,0.5398494734476202,0.5398494734476199,True
0.0,2.1663655203245353,2.1501959862116027,0.01616953411293265,-1.8809317256454834,-0.13658810425678136,1.0754595419789823,0.6243714191691987,0.6141894427590688,0.9747776923884824,0.9747776923884823,0.9874195692276939,0.9874195692276968,True
0.0,2.0670722164196604,1.9968399016350624,0.07023231478459802,-0.3314701111467915,-1.099996129358986,1.0496855982539823,0.4069334742218755,0.62594208476385,0.8831733594413895,0.8831733594413894,0.9257920087680465,0.9257920087680472,True
0.0,2.3570654961973863,1.9306932379947557,0.4263722582026306,-0.2941828621676026,-0.10006242347871819,0.9196262004462494,0.9079887949726273,0.433078646598952,0.46663726382923304,0.4666372638292328,0.5878283326196314,0.5878283326196316,True
0.0,2.531699151758499,1.5438164000292758,0.987882751729223,-0.35633410864672316,-2.3619340875752672,0.9534362596248709,0.16084132626294095,0.709541970780746,0.16160630698671105,0.16160630698671122,0.27288287744913037,0.2728828774491307,True
0.0,1.839913981291644,1.679125507122626,0.16078847416901798,0.6560763810419079,-2.0148172119029732,0.891634257380185,0.7285278777379484,0.5551321174936026,0.772265612523258,0.7722656125232579,0.7952666305410632,0.795266630541063,True
0.0,1.895960112514099,1.8370924953785344,0.058867617135564654,-0.1983127147967478,1.1105122223672623,1.0290704460379485,0.3256805220847724,0.5177317886660557,0.9377884959378231,0.9377884959378227,0.9638780359189912,0.9638780359189912,True
0.0,2.6034044363925424,1.8629283470370597,0.7404760893554827,1.6633656909813836,-3.158672074575501,1.0724392771947946,0.697647532250056,0.7003355217780823,0.20588629531193292,0.20588629531193253,0.3941144260396293,0.3941144260396296,True
0.0,3.1797817845517526,2.573984246164105,0.6057975383876477,-1.5007891625634016,0.8627022979614842,1.2843242954054934,0.029830229891066873,0.5644348622112676,0.247171111510193,0.2471711115101926,0.72521634428274,0.7252163442827413,True
0.0,1.9453502830508602,1.258271338915811,0.6870789441350491,0.012773137293613573,-0.49596222241683097,0.6057978997643033,0.9905660662172651,0.5248361500182279,0.40941309757816186,0.4094130975781618,0.24833883234183113,0.24833883234183063,True
0.0,2.2522742931002595,2.00837772326223,0.24389656983802954,-1.3563900760984715,-0.13811201243865412,0.8982768548300971,0.12293300609787261,0.31414048326601746,0.6711565741924305,0.6711565741924307,0.7485899618408964,0.7485899618408958,True
0.0,2.121397599252082,1.399396234863677,0.7220013643884051,-0.7525497943130995,0.6928680880624214,0.7227218515602976,0.8987564680227729,0.09196223457519381,0.5104005023612875,0.5104005023612872,0.37869664102006306,0.37869664102006456,True
0.0,1.2145003918765542,0.9259752858070384,0.28852510606951587,-0.34283429515261327,-0.7414893583941026,0.6623560881578074,0.1231091360065788,0.6819611570383177,0.8131209946335455,0.8131209946335454,0.6487197134366969,0.6487197134366969,True
0.0,1.4131327416462507,1.2091340598307394,0.20399868181551128,-0.34302842720083176,-1.036430972542785,0.6260512022904341,0.5730292618596527,0.6748209209256303,0.8143346983045672,0.8143346983045674,0.6796406306866175,0.6796406306866178,True
0.0,3.1535561255895677,1.5709489753135217,1.582607150276046,-1.0172720046227215,0.9891711743839124,0.7591915385890845,0.09516254189451351,0.012774355569995233,0.08962818685197566,0.08962818685197566,0.128372244868073,0.1283722448680724,False
0.0,1.696871228836985,1.6780381183781872,0.018833110458797764,-3.1179324825527455,-0.6578572145971167,0.9620652922120904,0.3227412359344424,0.11881800118036712,0.9882387570330868,0.9882387570330853,0.9901243009522794,0.9901243009522798,True
0.0,1.4236572070947788,1.3698001379484608,0.05385706914631805,3.3189931296100164,-3.6662485545025745,0.9220026944816218,0.0945970616524674,0.700185118899426,0.9271266768106147,0.9271266768106152,0.9277778833731898,0.9277778833731901,True
0.0,1.7883110981968096,1.2229449900515652,0.5653661081452444,-0.145374326141647,-1.2080675989941378,0.7531811656878141,0.5156293888999229,0.47911118522378776,0.49318337394783957,0.4931833739478395,0.4119632251172774,0.4119632251172777,True
0.0,3.2839636334786215,1.9672152122356443,1.3167484212429772,-1.593572082349401,-1.578648431267293,1.1723119615941273,0.2888979658762827,0.6799285972354994,0.044942657857376896,0.04494265785737694,0.27238402555230923,0.2723840255523093,True
0.0,1.8309932389810812,1.2668278690185604,0.5641653699625209,-1.9781712617407594,-0.28007133260595474,0.7574630533308648,0.18332135425074864,0.01250595393919729,0.7076919357185691,0.7076919357185691,0.5249619250063784,0.5249619250063787,False
0.0,2.61571577250369,2.46459228831819,0.15112348418550026,-0.5474475217265131,-0.44608515446797947,1.041369433414222,0.6225674464622649,0.45727336595755,0.7130241921749464,0.7130241921749462,0.8420796309641446,0.8420796309641462,True
0.0,1.786126089222303,1.3766925344669052,0.4094335547553978,-1.8473489071318852,-1.003926532642158,0.8116275701083109,0.22753878207491535,0.7070227559249745,0.6552650793128638,0.6552650793128636,0.6058001583033096,0.6058001583033092,True
0.0,2.2762399787911325,1.300884512977081,0.9753554658140515,-0.5725040652895567,-0.5936956376465102,0.6696483385906146,0.1721179886498576,0.6477358221726381,0.24812718203804948,0.24812718203804943,0.17458636487326307,0.17458636487326337,True
0.0,1.9768530059591662,1.6013102715543224,0.37554273440484387,-1.326920899217098,-0.7532939842588945,0.8437179690355537,0.19638480579601886,0.6075290102214242,0.6034381865249162,0.6034381865249159,0.617844975769911,0.6178449757699112,True
0.0,2.750043413619513,0.9977295184740915,1.7523138951454216,-0.22370247444418798,0.05117907969182256,0.48979439119247875,0.7002655747114116,0.5547326432965612,0.076036745660861,0.07603674566086091,0.01765787413147615,0.01765787413147615,True
0.0,2.4775442316541487,1.9657367530127385,0.5118074786414102,0.012855561075051857,-2.1453131580436016,1.1419211784103165,0.4378178695214119,0.5123101457144268,0.3518935288456353,0.35189352884563546,0.5749212010115363,0.5749212010115363,True
0.0,1.3936161821349946,0.8703163869663851,0.5232997951686095,1.6468275317416317,-2.6078369872922265,0.6436743345816339,0.0884891511950826,0.7260671313705438,0.5627650910673112,0.5627650910673111,0.3557821454523572,0.35578214545235703,True
0.0,1.0883923242208575,1.0614843786326063,0.02690794558825127,-0.49928574132962855,-0.14795661275074135,0.5997811330300529,0.08744181796214673,0.41918978292210396,0.9858446052219213,0.9858446052219214,0.9575091317932832,0.9575091317932835,True
0.0,2.340713786507979,1.1453821562969608,1.195331630211018,-0.39137650007885305,-0.5413126381378236,0.511951774865711,0.8834490854083445,0.6440886833661249,0.18815924808562967,0.1881592480856296,0.060767742684033524,0.0607677426840332,True
0.0,2.378929595432164,1.4966929987040478,0.882236596728116,-1.4318703924605864,-0.9696624529889026,0.8885064955643112,0.33858522300618654,0.33553251872737566,0.25724908856440665,0.2572490885644068,0.33524283616504363,0.3352428361650431,True
0.0,2.488897578923346,1.974702907816782,0.5141946711065639,0.14682961716659687,-1.4940401333251836,0.9463857057560721,0.6566199532405677,0.5406854101564619,0.3522279952918644,0.35222799529186455,0.49896707219510866,0.49896707219510883,True
0.0,2.323190064858295,1.7895529560676102,0.5336371087906848,1.1201730493432265,-2.5577922194765437,0.9551958036371725,0.9637438846607255,0.5805818083137178,0.3564203589504537,0.35642035895045365,0.4755327464060077,0.47553274640600796,True
0.0,2.434563598049737,1.4915341451531818,0.9430294528965553,0.06931371324090115,1.4749950708100719,0.7341893578804011,0.4547647006062135,0.26202183522508155,0.3708955331285234,0.37089553312852297,0.29982546318597997,0.29982546318597997,True
0.0,1.9634951208782025,1.9091444108409865,0.05435071003721603,0.7106269931569722,-3.087780547816242,1.2669779875793978,0.9246217823680756,0.6204051195324982,0.906232668637975,0.9062326686379749,0.9507991199064096,0.9507991199064096,True
0.0,1.4167167487154328,0.9516009708915272,0.4651157778239057,0.3064946006189899,-1.1971136965936964,0.43663448613771877,0.38138366123288875,0.6458708905617958,0.6308822573035423,0.6308822573035422,0.2542099696194813,0.2542099696194808,True
0.0,2.5716195416827685,1.5350945120629134,1.0365250296198552,-0.03918370367871854,-0.05007400176726051,0.7285447768684369,0.17689868715001378,0.5277710197141451,0.1696217453364186,0.16962174533641847,0.18278290321128543,0.182782903211286,True
0.0,1.5114817634822402,1.1867210595142996,0.32476070396794054,-0.7282342075252866,0.45416516363433557,0.5178759922829863,0.676816297230663,0.06600160661395776,0.8631551097091609,0.8631551097091609,0.5085233400746016,0.5085233400746021,True
0.0,1.3919231323295074,1.3251111133143947,0.06681201901511269,-0.05306517150750061,0.8247733592617328,0.6701800883274059,0.6032525728403286,0.32045308395720984,0.9583069104690168,0.9583069104690175,0.9120810277888797,0.9120810277888801,True
0.0,2.0641674028755315,1.6811711993769172,0.3829962034986143,0.07918380228282311,-0.959759346573283,0.7308677759969486,0.9489802229704842,0.5295526244263651,0.5363108295837521,0.536310829583752,0.5151867327274278,0.5151867327274277,True
0.0,3.1365706005790814,1.764960371393162,1.3716102291859193,-0.21379584527540457,0.04336033500242187,0.8184080915098686,0.7935923532011486,0.5544156552039974,0.05530423229757422,0.05530423229757434,0.1385699685448931,0.1385699685448931,True
0.0,1.840771201058176,1.4468594300449604,0.3939117710132156,2.5420882047665563,-3.309488161377807,0.8690114496105704,0.47217832310585145,0.689178181316203,0.5320006766390165,0.5320006766390164,0.5424898648131405,0.5424898648131407,True
0.0,1.1811611884351914,0.9783013071211045,0.20285988131408683,0.1603776309979919,-0.8214406066452423,0.5977417034864063,0.47661398216173856,0.5938850699077104,0.8430771387277823,0.8430771387277826,0.6814754523554366,0.6814754523554365,True
0.0,2.922299380317014,1.3377839735444184,1.5845154067725957,-0.31140513057724684,-0.01432816777549828,0.587783546796416,0.24346440646664247,0.547831759775488,0.06216728444779405,0.06216728444779393,0.04424633122545085,0.04424633122545003,True
0.0,2.6757566179284575,2.206222637581018,0.46953398034743943,-0.034095612890091574,-0.8716090515087114,0.9255165751946928,0.7755198980947065,0.5835939625869587,0.3560897712303242,0.3560897712303239,0.5276982612353973,0.5276982612353972,True
0.0,2.377195999546514,1.4930955962286803,0.8841004033178337,-0.1614522608871948,-2.0877426260495233,1.0633214784894764,0.8454007875018886,0.585205778935877,0.21489832080989815,0.21489832080989812,0.3750361083791927,0.37503610837919277,True
0.0,2.777798290042428,1.5724599523137104,1.2053383377287177,-0.7915111629514117,-0.14471001727037336,0.6696309671618673,0.12146373414098194,0.32559543710114336,0.11931290479698034,0.11931290479698035,0.1213672679282705,0.12136726792827063,True
0.0,1.586751048993429,1.3546269437155327,0.23212410527789618,-0.3389901575246765,-0.5143263774943185,0.8938189037059941,0.35090177882722073,0.6239763364685431,0.7733464408779589,0.7733464408779592,0.7750881896147809,0.7750881896147807,True
0.0,2.2864058788562738,2.04016770511251,0.24623817374376378,0.8596883368132077,-2.203617560249274,1.0662293697107539,0.6550141868591877,0.6453773733187191,0.6082738093598712,0.6082738093598716,0.7413760068408634,0.7413760068408637,True
0.0,3.4323458700325444,2.147030809745828,1.2853150602867163,-1.5510069966151638,-0.49782146082953105,1.0500071110744507,0.05965431918980385,0.5264554174451139,0.0432197057462468,0.043219705746247096,0.24927413833325812,0.24927413833325757,True
0.0,2.3302141153684746,1.8861628772882673,0.4440512380802073,0.8097877092267086,-2.2987674084500354,0.8887957307608242,0.11701445511185649,0.6594166041774588,0.41779421283633644,0.4177942128363362,0.5130161961376117,0.5130161961376112,True
0.0,1.581163492893474,1.5038785024256494,0.07728499046782455,-0.4398323690287959,-1.8571451396403806,0.8011190791925483,0.8872877486410882,0.7037985206290164,0.9041093477606329,0.9041093477606329,0.8912595983857201,0.8912595983857204,True
0.0,1.1397008780444018,1.0821659639634844,0.057534914080917376,0.5105400321498317,-2.041353082421135,0.6454653156155453,0.3741618620319631,0.7028962118549318,0.9450884607447222,0.9450884607447225,0.8985536267317275,0.8985536267317277,True
0.0,2.5125188851388476,1.9205161518575038,0.5920027332813438,-0.8286413633526286,-1.3191370978047028,0.9401582691215089,0.8999155542446324,0.6371367451483229,0.31619223952579695,0.3161922395257968,0.46358037419458364,0.4635803741945833,True
0.0,2.0934049755483843,1.8205955274101828,0.2728094481382015,0.8248873136538385,-1.8818454796261193,0.8819199952588269,0.5431028815266343,0.6220309744144499,0.6111947868552636,0.6111947868552637,0.6666952710675715,0.6666952710675715,True
0.0,2.3733503647269227,2.1858259067819183,0.18752445794500439,-2.02499114107897,-0.38121577355801883,1.037328519904556,0.06437952227814542,0.373887919300496,0.7162756596427335,0.7162756596427343,0.8381906324516762,0.8381906324516772,True
0.0,1.6110824028149693,1.466106536161183,0.14497586665378637,-0.14495579507169384,-0.5081942462694603,0.884354901336106,0.6457905700546112,0.5669238800717669,0.8389591812547633,0.8389591812547635,0.8423866457279546,0.8423866457279551,True
0.0,1.850319636655739,1.0433937950173604,0.8069258416383787,0.11239248849244665,-0.8942120283750926,0.5379731124857426,0.8326814741591484,0.6198923849171496,0.38041639908362856,0.3804163990836286,0.1528981795995785,0.1528981795995791,True
0.0,1.635611271837419,1.4361787656253773,0.19943250621204167,-0.742939532113837,-1.0754338137115345,0.8566707331247225,0.49942388795941456,0.48803368231129796,0.7884627985841929,0.7884627985841931,0.7805626574971176,0.7805626574971174,True
0.0,2.0824008128271325,2.0718554806671725,0.010545332159960008,0.6671790144981767,-1.8159820740973698,0.9223314413748895,0.20193172733892556,0.6081229852745821,0.9800289768120151,0.9800289768120151,0.9851681469244453,0.985168146924445,True
0.0,1.5788278894759002,1.514322489985453,0.0645053994904472,0.7434847982828674,-1.889897632250563,0.7414316586116961,0.5148778755425297,0.6268938663615706,0.9134661813509143,0.9134661813509138,0.8938044763007107,0.8938044763007114,True
0.0,2.095675065718759,2.0394778696554594,0.056197196063299426,0.2947494634245139,-2.582536326152769,1.1215674695199886,0.9698752418431787,0.5146469900840881,0.8981144215161881,0.8981144215161887,0.9396029458146007,0.9396029458146011,True
0.0,2.544939923099708,2.2424797306943045,0.30246019240540356,0.04323743864968013,-0.726475857991403,0.9579304243455693,0.30150007233757803,0.5602145910354339,0.5227529767461311,0.5227529767461314,0.6746201736203499,0.6746201736203493,True
0.0,1.807091933343574,1.6915484252803588,0.11554350806321523,2.3041011603126735,-3.2437194396243476,1.0736155111278374,0.522768361696926,0.6957513487946084,0.8225087111205541,0.8225087111205541,0.8711888258036578,0.871188825803658,True
0.0,3.274834728862954,0.8579437808806635,2.4168909479822904,-0.4373912396802234,0.11376261832036594,0.40664730055645226,0.360346425034928,0.1448640814658531,0.01969369934544329,0.019693699345443218,0.0023528626773841265,0.002352862677385202,True
0.0,1.5612271265597255,1.5431350158876824,0.018092110672043082,-0.5388435223291171,0.254350099501917,0.7218698610526302,0.040655583474024426,0.3401869489718605,0.9827063910637079,0.9827063910637072,0.9746192417487757,0.9746192417487753,True
0.0,2.0831841360846277,1.5911903486029266,0.4919937874817011,0.8232634117934731,-2.7745848670160127,0.9652577670033063,0.011144079025878995,0.6873093061427684,0.43057861915582274,0.4305786191558227,0.5201590023230134,0.5201590023230134,True
0.0,2.1785680505840492,1.7372429614063043,0.44132508917774493,-2.6547244246637227,-0.0968930435263976,1.0605451482466266,0.9316162051893011,0.11498674052438951,0.6437603303310745,0.6437603303310746,0.8282698189235267,0.8282698189235264,True
0.0,2.2995120686866897,1.7169687557073534,0.5825433129793363,-0.07408725212891068,-0.6466467258360885,0.8777609300392639,0.591253410611466,0.568149192042115,0.36555876002637355,0.3655587600263739,0.4495952796634488,0.44959527966344887,True
0.0,1.8672196960587133,1.2884547520997927,0.5787649439589206,1.3521969503703608,-2.810276609241537,0.8218064901605432,0.7968508319949138,0.7224929937135416,0.4223111184614796,0.4223111184614796,0.3993285532759467,0.3993285532759468,True
0.0,1.9968390839628767,1.4562519363734598,0.5405871475894168,1.669609483579346,-3.107896099422283,0.9485020974799685,0.05095278316428897,0.6749669844136239,0.41055701849010173,0.41055701849010146,0.4762756177251357,0.47627561772513555,True
0.0,1.86519610635797,1.724872956886516,0.14032314947145408,0.19900956820684604,-1.3334599572546133,0.8022111595604965,0.9724265656238409,0.6259494800198304,0.8009015890611548,0.8009015890611546,0.8018229516055295,0.8018229516055294,True
0.0,2.2467591368635347,0.9906823598499787,1.256076777013556,-0.3321615210214446,-0.5861092541958389,0.5311372246934999,0.6492633913915793,0.3919341124143314,0.2005938745468757,0.2005938745468756,0.05825904384241366,0.05825904384241359,True
0.0,2.5023760333109606,0.9811190474314915,1.5212569858794691,-1.5830543336917615,-0.6331937370285265,0.7185298819049933,0.7716422620315048,0.010856033831072254,0.16855896835127754,0.16855896835127776,0.10910710739681123,0.10910710739681127,True
0.0,1.208344117745148,0.7450872710831195,0.4632568466620285,-0.08305701418096,-0.08290852916271318,0.33233962971285785,0.6863154265100869,0.43182031186008885,0.7667700443716639,0.7667700443716633,0.18744471757196535,0.18744471757196485,True
0.0,1.671846044257515,1.2566931415722158,0.41515290268529914,0.9340879789642748,-2.338089115442002,0.7475570856720304,0.43658498185162326,0.7041757363181879,0.57075705546784,0.5707570554678403,0.48959740782662237,0.4895974078266217,True
0.0,1.7614866284807473,1.3568335090844772,0.40465311939627013,-0.22726417173725869,-0.6350706977820648,0.643745290732923,0.39110937770180065,0.605484296725568,0.6062247414973412,0.606224741497341,0.4662918096714145,0.46629180967141376,True
0.0,2.6247510805867225,1.9824275377413683,0.6423235428453542,-0.13668595924335336,-1.093681895801664,0.9734918100815714,0.1792894769435276,0.6142944438249178,0.2654327212414475,0.26543272124144723,0.44022014834001205,0.4402201483400116,True
0.0,2.8201676282230657,1.4294565767438123,1.3907110514792533,-0.20827447609256136,-1.3051711955607774,0.7770819282241557,0.08352694898671054,0.4796168135538065,0.07226617065191573,0.07226617065191582,0.1058995478827253,0.10589954788272551,True
0.0,1.9544224406631756,1.1536946010548248,0.8007278396083508,-1.734806015656589,-0.8828218385581827,0.812993196265387,0.8296641250601411,0.6334585628487923,0.4567495175455974,0.4567495175455975,0.3927143058469422,0.392714305846942,True
0.0,2.544752856423979,1.7239284143042626,0.8208244421197166,2.448273586962101,-3.7470033030406213,1.1229293334625643,0.20112943078891227,0.7189532428419542,0.18339717562124364,0.18339717562124339,0.3733200927714552,0.37332009277145506,True
0.0,3.0789104350834293,1.7096261552192002,1.369284279864229,1.7534742734591866,-3.142485807385961,0.9742382771205474,0.9707420805200273,0.6673546725164394,0.04313968633749962,0.04313968633749948,0.14624098456119225,0.14624098456119194,True
0.0,1.4375394098897623,1.0958314529610391,0.34170795692872313,1.6758496250298158,-2.8093170239208742,0.7649931979211257,0.024734773994160852,0.7328572902300567,0.6592342337265554,0.6592342337265555,0.5707795669874324,0.5707795669874325,True
0.0,1.1246735256237508,1.0315278928898535,0.09314563273389731,-0.46786945171576194,-0.0819925558624297,0.5487749255190373,0.5031679217708163,0.46598045185531656,0.9524037397898865,0.9524037397898862,0.8395741192361309,0.8395741192361306,True
0.0,3.2964258317503075,1.6143799444392193,1.6820458873110882,-0.4605622966727345,-0.5038306850826921,0.7293607388847161,0.23459409533920222,0.47077312571417684,0.026666865709723025,0.026666865709723073,0.06334597818468132,0.06334597818468199,True
0.0,2.4968836362141715,1.8285937024879855,0.6682899337261861,-0.131759551428778,-0.5459065035224113,1.0722227097240862,0.7063346171785456,0.582281384240098,0.2855660602197608,0.2855660602197608,0.49289142828476296,0.492891428284763,True
0.0,2.734400776153998,1.8624396098140252,0.8719611663399727,-0.10672593357641472,-3.1368278512184444,1.1461658226105638,0.4532934646512783,0.7297942092703442,0.1539944251259771,0.1539944251259773,0.37981147813690147,0.3798114781369015,True
0.0,1.9593762550067444,1.2015558493684677,0.7578204056382767,-0.09175382150212524,-1.4598998240964915,0.7380757946013177,0.6288633454163207,0.6678802328599114,0.35931455146173474,0.35931455146173474,0.28453297857217613,0.284532978572176,True
0.0,1.728463994682219,1.429015970837448,0.299448023844771,0.28738092563238093,-2.1680753314066417,0.875693606720296,0.8220396309871578,0.5969464204040051,0.6548849572518488,0.6548849572518488,0.6601023769539366,0.6601023769539364,True
0.0,1.904390879356903,1.5596288086481758,0.34476207070872733,-1.2146640509102369,-0.49755539147204075,0.7548634972294455,0.935860398434011,0.6312307668288999,0.6517165420690748,0.6517165420690745,0.6027482554527778,0.6027482554527772,True
0.0,1.9445114138331023,1.859740919677455,0.0847704941556473,0.24403040023292108,-1.4283385049173454,0.8485843665480451,0.00771301728415863,0.5296001621779608,0.8659356307052164,0.8659356307052158,0.8808040316242989,0.8808040316242992,True
0.0,2.1983167436100963,1.564951889066473,0.6333648545436232,1.4499338042794792,-2.716793890039567,0.8855586909325132,0.8906357112586922,0.694065062829603,0.3238310690049975,0.3238310690049975,0.3838400873289226,0.3838400873289227,True
0.0,2.4932446929384775,1.9865768831103527,0.5066678098281248,-2.9070552619931695,-1.5978463325884764,1.3446438618085164,0.9061497819911369,0.7008949884228335,0.3952236571453954,0.39522365714539515,0.7462389225620064,0.7462389225620059,True
0.0,2.7598890234025877,2.4241801995766314,0.33570882382595624,-0.21786577916629765,-1.014020476273949,1.1015433077114345,0.3120890119377554,0.48368850487253784,0.4534531994634542,0.45345319946345475,0.6859801671190355,0.6859801671190363,True
0.0,2.3291238044984492,1.5349204527303164,0.7942033517681328,-3.0929658205095922,-0.4057963693783093,0.8472810417753235,0.5699252756427907,0.019879004538748857,0.47918787691749626,0.47918787691749637,0.45720203275965593,0.45720203275965743,False
0.0,2.5634429462173216,1.835616679989644,0.7278262662276775,1.103839632992723,-2.7612685651288675,1.0875439539765897,0.14650669107854036,0.6168480129163272,0.2204351592293921,0.22043515922939202,0.41521022971289534,0.41521022971289523,True
0.0,2.442368892757425,1.633752723143099,0.8086161696143259,-1.2739322139843123,-1.2017141702513627,0.9031068055592816,0.34445849976882315,0.6824175755394231,0.25247999487599615,0.25247999487599615,0.3541297204284284,0.3541297204284283,True
0.0,1.820913159384122,1.5334077143966514,0.28750544498747055,0.6121061348189245,-1.840598320600587,0.7384608592358133,0.5313193616581267,0.6198391994208485,0.6462278806486771,0.6462278806486768,0.6014291134774759,0.6014291134774756,True
0.0,2.4679932400026,2.3153371015390833,0.15265613846351656,-0.5166929828097974,1.674913375100855,0.8797045728062605,0.6925532935650044,0.13915806229696587,0.8153575563269354,0.8153575563269362,0.8679405202025609,0.8679405202025638,True
0.0,1.9345333936650708,1.1049944321818244,0.8295389614832465,0.17568271694438534,-1.653610503335815,0.6502831041540236,0.8320538213248256,0.6640173629416205,0.3327708761190311,0.33277087611903106,0.19790614167717185,0.19790614167717188,True
0.0,2.2709566018697274,0.9308317534840707,1.3401248483856567,0.9736283744605908,-2.246923000166717,0.6405054114363534,0.6902445349961475,0.7121423670813399,0.13649419265310425,0.1364941926531043,0.06503713971784979,0.06503713971784969,True
0.0,1.8345529599798691,1.6396781600279684,0.1948747999519007,-1.865556389036519,-1.2862152423036992,0.9284832159052592,0.9410387953618184,0.6963716771976665,0.7773620725104741,0.7773620725104742,0.8102016952363419,0.8102016952363421,True
0.0,1.215238346942463,0.8282961691839976,0.3869421777584654,-0.3765655632482525,-1.0030400428423554,0.5078451447464032,0.581174822054083,0.7170937657080791,0.7635021082329876,0.7635021082329875,0.41579591175492864,0.41579591175492847,True
0.0,2.5898734540352626,1.9873194238448937,0.6025540301903689,-1.9269471237929476,-0.4476943172057819,0.8966010277928568,0.5270174087904131,0.6452636267298093,0.3351600475687945,0.33516004756879425,0.478137095916647,0.478137095916647,True
0.0,2.0463021969809887,2.0197287839781217,0.026573413002866975,3.259661836149149,-3.773432224918729,1.1188303375863413,0.6909943926824789,0.6868921965738519,0.9485555276241504,0.9485555276241502,0.9681751873159743,0.9681751873159746,True
0.0,2.475582123414678,1.5803560781692048,0.8952260452454734,-1.6280860494858465,0.5217963534351096,0.7254929590888172,0.7994643204494263,0.015230341112632995,0.3775089342329577,0.3775089342329577,0.29206107950272014,0.2920610795027203,True
0.0,2.1717246575070215,1.3351009133307554,0.8366237441762661,-0.17031107967575632,-0.4674557386787128,0.6205855130752519,0.5712253631858508,0.5105863321180045,0.30235888066572686,0.3023588806657268,0.1923910679333607,0.19239106793336086,True
0.0,2.098471997699999,1.8744427902367757,0.2240292074632233,-1.0173820029043141,-0.6621158754807279,0.9222435467781263,0.31708593937487634,0.4155058334937428,0.6977336585202342,0.6977336585202345,0.763299607761636,0.7632996077616363,True
0.0,1.6550757310249964,1.2758514570341541,0.37922427399084224,2.2098675381649233,-3.1578469729188825,0.8031821115662066,0.5058591886663811,0.7263499026457239,0.5823238607330952,0.5823238607330954,0.5353754566675842,0.535375456667584,True
0.0,2.0406860402425275,1.9039894100589845,0.13669663018354306,-0.24392850525617316,-0.6972522245324632,0.8752302022488371,0.7823869767347751,0.4639926382033711,0.7949679364491914,0.7949679364491915,0.8294151394114698,0.8294151394114703,True
0.0,1.7472947777034111,1.397616591748896,0.34967818595451505,-0.6228158899974228,-1.6696939708401848,0.7863187506383317,0.9863523719475277,0.679251833545009,0.6337224757696233,0.6337224757696236,0.5899043446830611,0.5899043446830609,True
0.0,2.8176866075720612,1.7116565450898193,1.106030062482242,0.4055086469196642,-1.6264611622294196,0.8805706608134283,0.8282599145359635,0.5582783930418319,0.09995689814151702,0.09995689814151705,0.19578830627727775,0.19578830627727767,True
0.0,1.9697470917118214,1.7012290405758381,0.26851805113598326,0.026592912089492323,-0.4751319021888135,0.7464545190303135,0.06443722842158761,0.5096862400835154,0.6613088751115864,0.6613088751115868,0.6439745353681222,0.643974535368123,True
0.0,1.2882872503922158,1.0355080037580626,0.2527792466341532,-0.5810689218949621,0.14308312379209953,0.6182768909674989,0.9565816018459847,0.16075089722979358,0.8873298083785498,0.8873298083785497,0.6833659981717507,0.6833659981717501,True
0.0,3.6278965465474746,1.9795267566322947,1.64836978991518,1.5374696612803183,-2.5021492642998697,1.0680206167325845,0.4893010641292734,0.6234887232069357,0.012007469273799747,0.01200746927379945,0.12406467533653935,0.1240646753365391,True
0.0,1.6209729116871443,1.0571239355420785,0.5638489761450658,-1.147847279863256,-0.791907279263462,0.7937006745805755,0.17530436897353957,0.7087780269741578,0.6268234466691884,0.6268234466691887,0.5223679153770099,0.5223679153770096,True
0.0,1.503918486964257,1.4496630606312937,0.05425542633296332,-0.771215394083966,-1.2988152631143117,0.730761848869187,0.974131429742601,0.6831281482406433,0.9395356761334565,0.9395356761334563,0.9175520360415164,0.9175520360415161,True
0.0,2.2510366891347164,1.2580992941235598,0.9929373950111566,0.978789607110813,-2.1697408559242066,0.8255732637916452,0.9304288279735782,0.6858862557581968,0.19870369210905472,0.19870369210905486,0.21041560250305114,0.2104156025030512,True
0.0,1.9135449175059298,1.1996740975246067,0.7138708199813231,-0.04278118900276261,-1.2515503868282023,0.6353254111134364,0.9390658903480268,0.563457082085624,0.39058384853912204,0.39058384853912204,0.2435986449354215,0.2435986449354217,True
0.0,2.1734984777079482,1.509011690355261,0.6644867873526872,0.44915958897266844,1.8076913128366208,0.5990508499130226,0.8563894354069231,0.005963336015295084,0.6196518682781837,0.6196518682781852,0.3335137081536041,0.333513708153606,False
0.0,2.128613165007306,2.1096688366709273,0.018944328336378824,-1.5399186703381489,0.09895481849672638,1.069682084392757,0.33734298975416555,0.5805318121774636,0.971600191943556,0.9716001919435564,0.9855612698840283,0.9855612698840288,True
0.0,1.1801724920848458,1.1451446024078036,0.03502788967704218,-0.14304320937459566,-1.0608316671711018,0.6361692954439101,0.23174679076551707,0.6552274673667431,0.9692699939252036,0.9692699939252036,0.939581004286216,0.9395810042862167,True
0.0,2.7787133642295787,2.6095726969569655,0.16914066727261323,0.31258615843877663,-3.9803907434263737,1.434241283541405,0.9618845039301042,0.7019097489151049,0.6472033161264381,0.6472033161264382,0.8589345569043649,0.8589345569043652,True
0.0,1.1843967800959236,1.1669164662225608,0.017480313873362796,-0.028584233137689725,-1.2251395753134973,0.6429417271404354,0.5352250765616086,0.5732974706510803,0.9837627286573395,0.9837627286573396,0.9691178285844865,0.9691178285844869,True
0.0,1.7738786223158438,1.426295612409932,0.34758300990591184,0.9108643234860392,-2.331217990953787,0.8180401809083051,0.5112407424155289,0.6956993520792244,0.5983616448289937,0.5983616448289937,0.5789671371127039,0.5789671371127038,True
0.0,1.7449479878607685,1.7125267532653485,0.03242123459542001,0.6871292241998253,-2.1128792961902407,0.965285500693824,0.2913571314027167,0.666540339202216,0.9499969238841027,0.9499969238841027,0.9594382275189453,0.9594382275189456,True
0.0,2.605997868779475,1.4378211091128859,1.168176759666589,-0.6489433467758462,0.500711401543912,0.7291104819944587,0.7027352386271314,0.3665706941771861,0.186713389018694,0.18671338901869394,0.17817355950661382,0.178173559506613,True
0.0,1.671003062617516,1.037972717610429,0.6330303450070871,-0.11731756504235484,-1.4906707836593251,0.6555956468285115,0.6782506199594638,0.49577432924346276,0.4912454366991286,0.4912454366991287,0.31063108206739465,0.3106310820673942,True
0.0,1.9025244175972003,1.166208642049891,0.7363157755473093,0.016905987676111178,-1.2772992640053522,0.6648697094596597,0.44563486226013566,0.5088767624485886,0.38318300700535257,0.3831830070053525,0.251962471802102,0.25196247180210163,True
0.0,1.2970650341025107,0.722411691533954,0.5746533425685567,-0.7180505747625813,-0.3001226662895301,0.44317241903324933,0.504230749147099,0.01863368672306348,0.7941749615028761,0.7941749615028761,0.24072935383487226,0.2407293538348721,True
0.0,1.7252172915357822,1.1143155769430975,0.6109017145926847,0.6913099938955356,-2.407592958739036,0.7438819257566487,0.9744452032331135,0.7405296484903401,0.45303350794287117,0.45303350794287117,0.35503044660604427,0.35503044660604427,True
0.0,2.3597672672924457,1.6471798657441936,0.7125874015482521,-0.5942575348323571,-1.6651153024760197,0.8775537713076789,0.8663176914064339,0.6791707720144673,0.28544296507226685,0.2854429650722668,0.36551605075317317,0.36551605075317295,True
0.0,1.5238638411622363,1.2473565649709175,0.27650727619131876,-0.6705867695108589,0.35164118274513356,0.7076667055377351,0.08930338667189669,0.15990140276333076,0.8410185660297465,0.8410185660297463,0.7031426653855464,0.7031426653855457,True
0.0,1.7756450250222993,1.0356592978236767,0.7399857271986225,-0.8373702655753076,-1.2872514123480876,0.6694197118038618,0.17840107003663858,0.7047762100025385,0.4567639713181738,0.4567639713181736,0.27977009289099086,0.279770092890991,True
0.0,1.0644312667849953,1.036872055146941,0.027559211638054304,0.212523147648087,-1.7227867087756557,0.7019714392276479,0.21820364229136074,0.7006147010775945,0.9760062436350841,0.9760062436350841,0.9584107409672511,0.9584107409672508,True
0.0,1.8119825684221573,1.5855887617697013,0.226393806652456,0.06300682007674448,-1.5229445700891664,0.7447196924616885,0.5040380660445076,0.6244476718281928,0.7143202030291548,0.7143202030291546,0.6795485183804538,0.6795485183804534,True
0.0,1.533625040938821,0.9448484592027787,0.5887765817360423,-0.035064077667380004,-1.6491095297627827,0.6537360001343825,0.7018263586124086,0.6189728337468421,0.5456289746943097,0.5456289746943097,0.34401334615415147,0.34401334615415113,True
0.0,2.4583307165632124,1.8449090952516898,0.6134216213115227,0.0356863390876831,-1.4543694672644187,0.9197688902843424,0.04504172841426202,0.6260700752069226,0.30426260111824405,0.30426260111824427,0.4290464915925962,0.42904649159259606,True
0.0,1.5979887813620257,1.0032803807603434,0.5947084006016823,-0.1242983947424507,-1.1295331202573853,0.5755072813675736,0.7648195108336255,0.4757512675663893,0.538895022143102,0.538895022143102,0.2825373587247658,0.2825373587247658,True
0.0,1.8583034407911463,1.4668470247986272,0.3914564159925191,0.665607463628184,1.6757867320305309,0.7082594541227479,0.8233767805551966,0.2682078356508849,0.7265832210559161,0.7265832210559164,0.607670090811075,0.6076700908110747,True
0.0,3.4267769744594845,2.5982692007929384,0.828507773666546,-2.609505862345766,1.0246482269098762,1.4673828715815718,0.6574210868475827,0.25302836824652347,0.15863321839367525,0.15863321839367975,1.5676891282130767,1.5676891282130854,True
0.0,1.3993773723503793,1.1100759802417313,0.289301392108648,2.0734901661090412,-2.8986956027211375,0.7694455683086686,0.7724990334116185,0.688298631159824,0.7006718785886582,0.7006718785886579,0.6211114334721329,0.621111433472133,True
0.0,2.086361024067095,0.80104964727255,1.285311376794545,-0.4588717874338182,-0.30965097158991406,0.49264217449745945,0.04577498396042229,0.34022119515325333,0.27165704390391104,0.2716570439039111,0.04868911654761879,0.04868911654761943,True
0.0,3.4240201325179282,1.6014827215974414,1.8225374109204868,0.11308995909679097,-1.125020668607264,0.7125792587445665,0.44363177203807846,0.6123318450542543,0.015192794017869856,0.015192794017869896,0.04288085239593284,0.04288085239593237,True
0.0,2.0725888164340547,1.6751640968088708,0.3974247196251839,-0.5216728294627119,0.2983859570623584,0.8423516877674925,0.45732647042420504,0.5704703322301327,0.5827040184716046,0.5827040184716045,0.6126579734375496,0.612657973437549,True
0.0,2.738386411225199,2.415146795596734,0.32323961562846515,-0.020511203173246405,-0.66270897453483,0.955954920093824,0.9591248822963816,0.5616554847730907,0.47131134472656344,0.4713113447265628,0.6549096089076811,0.6549096089076805,True
0.0,2.77390106129747,1.5136972030764146,1.2602038582210555,-1.5314930038502856,-1.1193852365562489,0.8177704641522657,0.136331983169385,0.6917191228069837,0.10574741629746763,0.10574741629746753,0.16262796522583978,0.16262796522583958,True
0.0,1.7273156829609053,1.4511028278059594,0.27621285515494587,-0.9782174307092779,-0.1728523127822802,0.6732839309241163,0.32231756532654654,0.3071931977316853,0.7530902700581658,0.7530902700581659,0.6360485291826773,0.6360485291826787,True
0.0,1.846785896526074,1.5149139906176559,0.3318719059084181,0.23126449079884,-1.5009509861962322,0.6868303007462119,0.4259032436194954,0.6123842439984694,0.6118522431327076,0.6118522431327076,0.5356250290336249,0.5356250290336244,True
0.0,1.3590820175862441,1.222504607217144,0.1365774103691002,-1.6697228167248606,-0.37385917668517377,0.8648340061891175,0.7881285114065264,0.13780732005773272,0.9505540709804408,0.9505540709804408,0.9167238639270308,0.9167238639270301,True
0.0,2.9702425874948766,2.1147604088742287,0.8554821786206479,-1.4202112018916804,-1.1501129618207737,1.0628021810988335,0.5328757038282845,0.6427398735644309,0.14649319085176016,0.14649319085176005,0.38822603205985035,0.3882260320598507,True
0.0,1.9123149913337236,1.2781180795538594,0.6341969117798643,1.150193867050904,-2.1631526209992753,0.7640204504338814,0.07704381265288757,0.6527421221808599,0.3903681424319169,0.39036814243191703,0.33794236628289337,0.33794236628289337,True
0.0,2.945629492419426,2.0532077977963934,0.8924216946230326,-2.156502590619225,-1.3459590868839515,0.9864969459247985,0.433519111320937,0.672482671047723,0.14471761764148824,0.14471761764148827,0.34692779381006844,0.3469277938100689,True
0.0,2.084295065986081,2.067430082262757,0.016864983723324123,1.6546690563382986,-2.8321454115379896,1.0006888545483625,0.5337554875486206,0.627029800745632,0.9672363108176402,0.9672363108176408,0.9775431635037594,0.9775431635037594,True
0.0,1.0543209289353912,0.822725243865055,0.23159568507033623,-0.3262714304906181,0.103327447865605,0.3700159333433384,0.23898275300202676,0.23026087774175574,0.9211686933040151,0.9211686933040154,0.4867001382112805,0.48670013821128066,True
0.0,2.5127549434518857,2.2191412803972437,0.293613663054642,-2.233259632676655,-0.9004565241961211,1.114197984767624,0.48703422306358507,0.34319510773158246,0.5632840944135301,0.5632840944135297,0.765572305202241,0.7655723052022402,True
0.0,2.7286168612474793,1.1340160691430454,1.5946007921044338,-0.5810522290187513,-0.45776370543161926,0.737961247788991,0.48716955689075553,0.6426749257814844,0.08269589239393224,0.08269589239393238,0.0832552429012796,0.08325524290127946,True
0.0,2.2086964122401147,1.9315201038169427,0.277176308423172,0.6423731588527594,-1.753764559143792,0.8269788296755634,0.564309225675536,0.5934297303536062,0.590145865425881,0.5901458654258815,0.6420602502105459,0.6420602502105459,True
0.0,1.8848584342405195,1.0957397674167235,0.789118666823796,-0.33988918630406884,-1.5083914862627747,0.6826616476036117,0.6065517711203614,0.6689458846598011,0.37680338322983664,0.376803383229837,0.2449995632988628,0.24499956329886247,True
0.0,2.521090542648001,1.702869132351155,0.8182214102968459,0.1903484102178914,-2.562444286832645,1.0875107001357824,0.8666242585785051,0.709869248986104,0.20240926957753685,0.20240926957753683,0.38964669854856343,0.38964669854856354,True
0.0,1.700691657893168,1.4272904622098272,0.27340119568334065,0.08875627147884078,0.9358179140144505,0.7691192307168238,0.7890272005238951,0.3438420937194061,0.7793447771950133,0.7793447771950134,0.7214296639701189,0.7214296639701191,True
0.0,2.280039973448572,2.260900771338905,0.019139202109666797,3.539594556453018,-3.8117125357743413,1.2344747239260343,0.8822065306279867,0.6308199983602716,0.9584187412740455,0.9584187412740451,0.9789306706080869,0.9789306706080874,True
0.0,2.5553957635712736,2.108537235186589,0.44685852838468465,2.7373349668284206,-4.2295803654774335,1.37110232546308,0.08738607016987954,0.7219118411687628,0.36325366431550427,0.36325366431550415,0.650046984735089,0.6500469847350892,True
0.0,2.8502198496208293,2.7051832737941184,0.14503657582671092,-1.8836364839084199,-0.2940588230043796,1.2459714819891783,0.29386713742801207,0.3719559085667303,0.7073121995909558,0.707312199590957,0.8911228442670286,0.8911228442670288,True
0.0,2.893703482002015,2.04755613753712,0.846147344464895,-0.8442389781072167,-1.9409145909358692,1.0482402874784582,0.1808604371149889,0.6411229263094085,0.1489573545075209,0.1489573545075209,0.3635716784979488,0.3635716784979485,True
0.0,2.4975709954415004,1.335835217403169,1.1617357780383315,-1.5948908204680587,-0.3916575965495198,0.7889624536945838,0.09713957503196463,0.6700129537497446,0.20682746832381302,0.20682746832381319,0.21099832600549748,0.21099832600549803,True
0.0,2.161363751041157,1.7460927683263439,0.4152709827148131,-1.5629387388960978,-1.0289953266978744,0.8940279238200698,0.5973621739048658,0.6685028729961014,0.5244136224906635,0.5244136224906636,0.5963410952713437,0.596341095271344,True
0.0,1.9200071784855839,1.4046804802385058,0.5153266982470781,-1.6582952990351283,0.25510103814026075,0.6483239850239115,0.29602232767732695,0.014134821078293669,0.7362252569513206,0.7362252569513201,0.44981980599253935,0.44981980599253935,False
0.0,1.8214946766471762,1.3557373720404085,0.4657573046067678,0.6317949011552305,-2.2404037729441226,0.7238093849071977,0.23132773047567357,0.6930339091997031,0.5094292735154216,0.5094292735154216,0.430940517986732,0.4309405179867318,True
0.0,1.3421843345003457,1.3366763426123371,0.0055079918880085454,0.42702445890288837,-2.189211736405972,0.6942487226232171,0.11440640019057752,0.711111425866557,0.9934509883663935,0.9934509883663932,0.9900775283053329,0.9900775283053324,True
0.0,2.6168133202609596,0.8308536215335827,1.785959698727377,-0.050671667282303184,-0.44990700729678523,0.4788968816338106,0.25205352472705045,0.6031387910587868,0.07948944329527335,0.07948944329527337,0.013073516946120106,0.013073516946120231,True
0.0,2.7910328641459747,1.1394634196813391,1.6515694444646356,-0.13920264594220688,-1.0169496073038349,0.6045799465905949,0.8738067071151487,0.664389143375506,0.05933377683926292,0.05933377683926286,0.035332981866984,0.03533298186698355,True
0.0,1.6266839060606806,1.248188640164059,0.37849526589662164,-0.7638448956575304,-0.24080842521637447,0.6169837878395625,0.8500057920286972,0.34697789819345876,0.7078856645041505,0.7078856645041498,0.5028811576064238,0.502881157606424,True
0.0,1.7936536249406756,1.6831942144963221,0.11045941044435348,-1.0722758279190898,0.21077589439207478,0.8729239047960723,0.46500346094120193,0.5402463051166527,0.8895495617910941,0.889549561791094,0.893986008905209,0.8939860089052094,True
0.0,2.8565226211007997,1.9510777724917892,0.9054448486090105,-0.8875511576810515,0.5638127434201887,0.9037843428778898,0.8521020421023036,0.5728503682133379,0.18399322367712728,0.18399322367712742,0.3511822933046605,0.35118229330466083,True
0.0,1.5513548747926413,0.5966273687503274,0.9547275060423139,-0.15571678554831142,0.04452326093377801,0.3054667884961458,0.07922284896220466,0.24002834503231535,0.5552578573341568,0.5552578573341569,0.02765842414757972,0.027658424147579887,True
0.0,2.4292422058513368,2.41718401118464,0.012058194666696664,-0.5249367259263333,-1.47432398769535,1.181757758753474,0.29947334373168866,0.6045208305213341,0.9739205870542103,0.9739205870542104,0.9878676856446095,0.9878676856446098,True
0.0,1.48959734217176,1.0780811760188065,0.4115161661529536,-0.7116762806864257,-1.2411387320823961,0.7081759123741346,0.21637330161085094,0.43187907688430327,0.6790332207928824,0.6790332207928821,0.5322914252476135,0.5322914252476133,True
0.0,2.190265532012171,1.676558287073374,0.5137072449387969,-1.1634977250099772,-0.0784395333373491,1.185558493412054,0.7285323710252318,0.6211364269742393,0.4869371409513968,0.4869371409513969,0.7345871867185358,0.7345871867185364,True
0.0,1.6769618585687946,1.5193273124318198,0.1576345461369748,-0.20892602304847366,-1.187771985158769,0.7387954962788449,0.8394843917185044,0.569928700390163,0.8101401670043011,0.8101401670043014,0.770864179896104,0.7708641798961032,True
0.0,2.397151780385676,1.9174652635754028,0.4796865168102733,-0.37553518255597274,0.2845713825087164,0.9361989819102972,0.9239363731521884,0.5124897851671694,0.4368184315374236,0.4368184315374239,0.575402563391426,0.575402563391426,True
0.0,2.1725764601582074,0.8767667426942511,1.2958097174639562,-0.09693479374242825,-0.933780880745117,0.5986143741960714,0.07089289767405588,0.48307316257447647,0.19658519966046928,0.19658519966046917,0.07317741443985916,0.07317741443985898,True
0.0,1.5906478832757218,1.439177927154609,0.1514699561211128,2.0735327383503086,-2.9621310265632337,0.8222079706868876,0.9785263829259421,0.6927318721139087,0.801190268726295,0.8011902687262946,0.7837253322591261,0.7837253322591259,True
0.0,2.426412252645079,1.694309869074224,0.7321023835708551,-1.4040181168380184,-0.12700433448305604,0.8885461080014909,0.9027810573585004,0.31267959538167744,0.32682932692757,0.32682932692757005,0.42756135906525733,0.4275613590652562,True
0.0,1.7516500118074811,0.9832593297879725,0.7683906820195087,0.08995384963748355,-1.0928142856278238,0.4208271240704483,0.03706280061118611,0.6681410161037624,0.41883017705050996,0.41883017705051,0.10098919913995894,0.1009891991399585,True
0.0,2.1877743681520108,1.782783922216019,0.40499044593599187,1.907482526511361,-3.1733711652077154,0.9371265059497659,0.13147173958895447,0.6934884143086653,0.4629784108885059,0.46297841088850583,0.5545294951379264,0.5545294951379259,True
0.0,2.1824367638313156,2.0049841721386183,0.17745259169269723,-1.0315838720017485,-0.5217228081449463,1.1140985897149804,0.048878929765314716,0.6172091270042526,0.7385950336286845,0.7385950336286848,0.8534892889892866,0.8534892889892862,True
0.0,2.5347149075982793,1.9070420031265605,0.6276729044717189,1.4928787449996899,-2.996323473211408,1.095150045263366,0.4827833060686728,0.6329928032926655,0.2651843506475079,0.2651843506475079,0.4654851604182518,0.4654851604182516,True
0.0,1.979051038011336,1.5593246278802202,0.4197264101311158,0.49517105419425694,-1.6060598538400466,0.7770807313114599,0.19338560031924196,0.5630786029381839,0.5127102482132757,0.5127102482132757,0.49798397366466807,0.497983973664668,True
0.0,2.8807138375371566,2.372832717880047,0.5078811196571098,-0.5315142384648744,-1.1556890889326985,1.2086047715808181,0.31814615629219967,0.6080634108849319,0.29773247801375646,0.29773247801375613,0.60458927261201,0.6045892726120101,True
0.0,1.9076168167998415,1.3965391746043587,0.5110776421954828,0.24701489821074893,1.2778870348457354,0.6334420610820843,0.0064890543343213425,0.20955839615426997,0.6368620352026931,0.6368620352026936,0.43976125359270396,0.4397612535927055,True
0.0,1.9118613978384478,1.7664710081344863,0.14539038970396145,-1.5830379240572716,-0.11360368596801518,0.8595621871895399,0.1176521252175915,0.6351791814868446,0.8415209109531576,0.8415209109531577,0.8509275255852745,0.850927525585275,True
0.0,2.1063432964469273,1.4121018886588084,0.6942414077881189,-0.05522457094037134,-0.6366078499527835,0.6758158043633012,0.5206782326100894,0.48595403197691467,0.3606381871611365,0.36063818716113655,0.2815066337109991,0.28150663371099843,True
0.0,2.350303814100128,0.9861409069930879,1.36416290710704,-0.9190256570966101,-0.12247363087855878,0.4914607000191447,0.6782414749887112,0.08154458023390782,0.22124226137195696,0.2212422613719569,0.042505794308908794,0.042505794308908315,True
0.0,2.4965205503846266,1.317432023389487,1.1790885269951397,-0.7322248412858203,-1.892380562222515,0.791727496577122,0.008379892502499653,0.7201916549175607,0.14087249837099367,0.14087249837099378,0.15715016237937837,0.15715016237937837,True
0.0,2.598072258519379,1.8506282451919103,0.7474440133274687,-1.2076945718499839,-1.0004368415076428,0.819318412123654,0.22303183733002585,0.6567584912254506,0.24250581208980293,0.24250581208980287,0.33019508716496115,0.3301950871649604,True
0.0,2.3868056564844946,2.369278124960636,0.017527531523858553,-2.3773581455729045,-0.9482792201550339,1.2614352175900625,0.2678737265774074,0.6441033447534951,0.9661776162269312,0.966177616226933,0.9877669915590322,0.9877669915590311,True
0.0,2.130118843387748,2.0667456307916714,0.06337321259607664,-1.151822952074821,-0.2869439603070715,1.103970911664169,0.274207772142282,0.4620072248350622,0.9002344477824934,0.900234447782493,0.9471811108099126,0.947181110809914,True
0.0,2.173499898615416,1.6883238145283908,0.4851760840870252,-1.7732094502479758,-1.8532584778871477,1.0662835072253132,0.17733050277906326,0.7150784539114807,0.45946694989949394,0.45946694989949394,0.6209606311489261,0.6209606311489259,True
0.0,3.078884237554245,1.6309830546757818,1.4479011828784634,-0.7840236122218694,0.6065601222211674,0.7996971754395807,0.4946360385077477,0.47089376750764794,0.0742108499128063,0.07421084991280633,0.14530991429542683,0.14530991429542672,True
0.0,2.7228597561636017,2.1117592979475073,0.6111004582160944,-5.018495511640892,-1.538459838257429,1.2075204059065734,0.8129026079827653,0.7119473067337375,0.330706316841548,0.33070631684155055,0.7214142933660381,0.7214142933660352,True
0.0,2.4145910317428885,1.7931248325511173,0.6214661991917712,-0.802788060349371,0.7221856580504373,0.8662055788240575,0.6564937851249091,0.5341180634414401,0.41107503155936503,0.41107503155936526,0.5000320890095488,0.5000320890095475,True
0.0,1.6082577403036935,1.5336353499300777,0.07462239037361584,0.4708373239929392,-2.09753072957831,0.8546878502687956,0.405130179999253,0.6842072869689694,0.8997627329945973,0.8997627329945974,0.8979138144368853,0.8979138144368851,True
0.0,2.347270920234741,1.3765486813393175,0.9707222388954233,0.2755335593557773,-1.0941241175498937,0.7409220326839837,0.4564765747756036,0.5907775506098971,0.2029792641225319,0.2029792641225317,0.1909855929113756,0.19098559291137562,True
0.0,3.1924033374691354,1.8708074254322649,1.3215959120368705,-0.7484000668681264,0.4880268100309788,0.9272486823003564,0.8704123704922209,0.29116312644548914,0.06548554078731103,0.06548554078731096,0.21772660815854797,0.21772660815854677,True
0.0,2.7294800693347514,0.9668359231104361,1.7626441462243152,-0.1611548463973877,0.6808020048258874,0.3731004222393225,0.23005247662064615,0.10455814022608856,0.1057891983410835,0.10578919834108347,0.008060532256032416,0.00806053225603454,True
0.0,2.5349785912453515,1.6253388064876555,0.909639784757696,0.324711081462542,-1.8467229608224804,0.8519390127829634,0.7882222260188945,0.5591688631050246,0.17731335868575612,0.1773133586857561,0.2495942751548178,0.24959427515481758,True
0.0,2.387604791235559,1.7056513109856544,0.6819534802499045,3.932004455524151,-4.194759335248871,1.09997848866361,0.09509119201547206,0.6991613003596397,0.25256618842885925,0.2525661884288592,0.424321327197641,0.4243213271976406,True
0.0,1.5503490401168607,1.1871792452108871,0.36316979490597356,-0.17929020240842716,-1.4466598431626079,0.7158192910060405,0.36366678534553454,0.47938376409390904,0.6643779101517485,0.6643779101517486,0.5502794114203619,0.5502794114203619,True
0.0,1.4540812044324676,1.0967178536577464,0.35736335077472114,-1.0564344516276518,0.07022339373986819,0.5350919463217296,0.8291287332843562,0.03314015215120475,0.8660089274577147,0.8660089274577148,0.49307254193985567,0.4930725419398549,True
0.0,2.0226197688513285,1.6895711702630405,0.33304859858828806,-0.5374371524285269,-0.6303789176440402,0.77269471171361,0.7700957290626032,0.5030368332502114,0.6038957341669688,0.603895734166969,0.5976442366259845,0.5976442366259833,True
0.0,1.8928356882149908,1.6103849195548645,0.2824507686601263,0.636818679131408,-2.1277084218683258,0.8588887231477296,0.1581073450229163,0.6005088072759635,0.6359879698070686,0.6359879698070686,0.6553787421149979,0.6553787421149978,True
0.0,2.7167998232758936,1.5785961007943121,1.1382037224815815,-1.1712377204394353,0.43308018299371054,0.679607014996776,0.05595857152084732,0.15084915372547425,0.18227329312590673,0.18227329312590676,0.16046314484082017,0.1604631448408222,True
0.0,2.607793032349709,1.3647119414755422,1.243081090874167,-0.05037424708355282,-0.5863727244891934,0.6990483556943293,0.3753530857912592,0.4893698772924653,0.12055005543511844,0.12055005543511856,0.11310627244671083,0.11310627244671019,True
0.0,1.819946798530499,1.496357304382867,0.32358949414763183,-1.0073411595056652,-1.2848365433339466,0.8075727739025059,0.03460839006390276,0.6585818407803553,0.6529854325895041,0.6529854325895043,0.6317323926757779,0.6317323926757777,True
0.0,1.3227201511800626,1.2037109125475414,0.11900923863252122,-0.6333468290820444,-1.1037820701132786,0.6730012165313211,0.5686062582311678,0.6398069485685316,0.8969078671708853,0.8969078671708851,0.821966556569663,0.8219665565696628,True
0.0,2.7636013079899806,1.7826970944595621,0.9809042135304185,3.8449781762891333,-3.953884765049228,1.0082732659407343,0.7440040595817496,0.6920390676996336,0.11217648801026885,0.11217648801026867,0.25108793235794424,0.2510879323579448,True
0.0,1.9595161342944554,1.3393272192704522,0.6201889150240032,-1.4576595337388398,0.2045703967935686,0.6445839662131924,0.7398976339067751,0.018728281483202602,0.6363199751101483,0.6363199751101484,0.3713502006310583,0.3713502006310574,True
0.0,2.0830429980344265,1.831937721831802,0.25110527620262446,0.6841133260857435,-2.8385419517473767,1.0277332595998954,0.05615445915125905,0.693877663011146,0.6322573382305157,0.6322573382305153,0.7310885511160723,0.7310885511160721,True
0.0,1.7389930801979367,1.6649135588134978,0.07407952138443896,-0.8635184477539954,1.1055299694650755,0.5864693727007979,0.05276981104183548,0.018381170595257235,0.9832621382638066,0.9832621382638064,0.8810542399830841,0.8810542399830824,True
0.0,2.4310831905475743,1.3034664907235354,1.127616699824039,-0.08857858692330293,0.2674721331330836,0.5368308728993368,0.6419898428762325,0.45805648970735025,0.19592987670604503,0.1959298767060451,0.08727147763252913,0.08727147763252957,True
0.0,2.094179517734602,1.4091252501038234,0.6850542676307785,2.3885881680877814,-3.282141762549084,0.9361857149909117,0.8322604470625414,0.6859779203456164,0.3124952680724025,0.3124952680724025,0.3763939535262572,0.3763939535262571,True
0.0,2.187585025200567,1.752981588238928,0.43460343696163894,1.248340743680019,-2.6032379382101603,1.0308478989768008,0.8315036032930558,0.6071430399852323,0.44652470137760375,0.44652470137760386,0.5785339138835066,0.5785339138835067,True
0.0,2.3204405368752097,1.5098055879060504,0.8106349489691593,-0.044212440831732966,-1.3309006844717153,0.823880994533713,0.4277594834900518,0.6344312002282494,0.2548807012622599,0.2548807012622598,0.2922810644627834,0.2922810644627831,True
0.0,2.376279061900485,1.215091741505059,1.161187320395426,1.1869062850634724,-2.4582795690774004,0.773139878594028,0.9344165326552824,0.6204367810194508,0.14137263492105356,0.1413726349210537,0.13655701149350763,0.1365570114935076,True
0.0,1.7724167011598062,1.7036871100793143,0.06872959108049193,-0.47333257912978643,-2.372043759423052,0.9272003373956473,0.13209385674872598,0.7142712027817053,0.9001009325755918,0.9001009325755917,0.9146303351526559,0.9146303351526559,True
0.0,3.8946475926302124,1.40073216601921,2.4939154266110024,-0.3286840633834973,0.03271813916825428,0.9656285102806097,0.7993645495237887,0.45735231059241865,0.00315495964185851,0.0031549596418583704,0.056431122076625886,0.05643112207662607,True
0.0,2.5126037695597767,1.3944289123947147,1.118174857165062,0.389669762627751,-2.514952093955981,0.9616575000643378,0.715700177313724,0.7129006110284078,0.13324445259026724,0.1332444525902671,0.22918431653792304,0.22918431653792284,True
0.0,1.6827561051252762,1.6179529972174616,0.06480310790781463,0.2797873206821657,-2.139009876944067,0.931220840489522,0.14665701779892787,0.5364711231738495,0.9084238712523152,0.9084238712523152,0.9194898069250226,0.9194898069250229,True
0.0,1.7455715433608077,0.6764850277255716,1.069086515635236,-0.19775388465691365,-0.5868383515585853,0.41067594340200086,0.15694019281356325,0.5776317122207698,0.39144021238314325,0.3914402123831433,0.04459437162221852,0.04459437162221896,True
0.0,1.666507766729635,1.0696674957107235,0.5968402710189116,-0.07168191067916291,0.5967315087918099,0.6342364631317664,0.33538767285073423,0.44178613610349815,0.6319827427679032,0.6319827427679038,0.3880044915013639,0.3880044915013638,True
0.0,1.5883824817257375,1.313301972565582,0.2750805091601556,-0.15694256731003295,-0.3361827435965199,0.5805736235741007,0.872228708581859,0.5885388692413088,0.7405834450144906,0.7405834450144905,0.5651929495407246,0.5651929495407252,True
0.0,1.8988834235745344,1.1656821218059856,0.7332013017685488,-0.43766997673165464,-0.7008312576344229,0.6187688745954318,0.6690889004655064,0.6129444767704934,0.41958445408013706,0.41958445408013706,0.24096842579267214,0.2409684257926723,True
0.0,1.1782694045403497,1.0668833179018768,0.11138608663847283,-0.32118951954199004,-0.8242918477140075,0.5247730646890113,0.9893837322729074,0.6419933351863081,0.9159280598621552,0.9159280598621549,0.7783763238054128,0.7783763238054126,True
0.0,1.5182862724924195,1.4826916748899381,0.035594597602481404,0.4536277011546679,-1.5835662707526637,0.6581323031155173,0.02365733020223143,0.6434419039566035,0.9539179834201209,0.953917983420121,0.9325126442867158,0.9325126442867163,True
0.0,2.8110064506136783,1.1949448717932907,1.6160615788203876,-1.1999620798092794,-1.447397294689461,0.7958359193318207,0.33867784745931506,0.7115412755088552,0.06528906578877469,0.06528906578877473,0.0903929477722944,0.09039294777229441,True
0.0,2.0531232178719105,1.302451762015991,0.7506714558559195,-0.1096849888302494,-1.577248749153369,0.843120421960972,0.6222513215864021,0.6925959808650421,0.3355128797770137,0.3355128797770137,0.3432740316856974,0.34327403168569753,True
0.0,2.4111313468278044,1.6414572000648413,0.7696741467629631,-0.9203394044626986,0.24895616464903458,0.7928927490657578,0.42977401596774567,0.5857635253941738,0.3218658886624502,0.32186588866245025,0.3521677714435363,0.35216777144353767,True
0.0,2.1526929391873493,1.616945038780572,0.5357479004067773,2.682507377925732,-3.3937994654813988,0.9146190894317614,0.16846223564737817,0.6916464180714337,0.3748279670760142,0.37482796707601407,0.4459275531531395,0.4459275531531396,True
0.0,2.205640833223878,1.4550019411558108,0.7506388920680673,0.43953121048357735,-1.7628261408052919,0.7422935371656159,0.6135924487511943,0.6314501112415778,0.2885337253449799,0.2885337253449799,0.2675216132281969,0.26752161322819684,True
0.0,3.0775277105189107,2.112624773602162,0.9649029369167486,-0.8120202396413265,-0.5685903509088641,1.2551228903466267,0.5782175419343468,0.6109102519368058,0.10977672650168797,0.10977672650168795,0.4345476323592683,0.43454763235926813,True
0.0,2.9038880515956973,1.7150830652213127,1.1888049863743846,-0.6545036657189723,-1.6456063311445954,1.0546333391599523,0.7059473074461606,0.6825698689478435,0.08488664470546553,0.08488664470546553,0.2558219160395488,0.2558219160395487,True
0.0,1.6808102750085652,1.4529487741192093,0.22786150088935586,-0.6141379453556008,-1.9056281951157876,0.9435310185312488,0.8705053826383415,0.46646429882015006,0.7407978462147563,0.7407978462147566,0.7680704017909494,0.7680704017909491,True
0.0,1.6295457745351578,1.488874490627257,0.14067128390790073,-2.2996328054518957,-1.3619086533411013,0.9693327856200202,0.43527677853515345,0.6886546332609665,0.869525562532743,0.8695255625327427,0.89100868104645,0.8910086810464507,True
0.0,2.6908287663154065,2.031170908820874,0.6596578574945324,-1.301861368725548,1.0509348232877826,0.9522978741775349,0.31043630379857456,0.11010736967279017,0.3794749245640135,0.37947492456401416,0.5788245087883086,0.5788245087883109,True
0.0,2.2051739766725764,1.932091734774197,0.2730822418983794,2.6832754367706193,-3.3698571478255874,0.9758048520645013,0.18345105380545007,0.6651250088009534,0.5784514692048018,0.5784514692048015,0.6779438565240467,0.6779438565240464,True
0.0,1.5270051600660117,1.466620318342646,0.06038484172336567,-0.09162247677007315,0.11392572186409988,0.7036515094794019,0.5275711876333112,0.45413264215500804,0.9375362093899069,0.9375362093899068,0.910304388459695,0.9103043884596952,True
0.0,2.258082635129529,1.7039516631188778,0.5541309720106511,1.9990414748132759,-3.283297954776319,0.9883027148646437,0.5450702160278861,0.6976423911543936,0.3485792030697852,0.34857920306978535,0.46885331065356967,0.4688533106535698,True
0.0,3.0247726074064794,1.6847496890472982,1.3400229183591812,-0.011066168627744238,-1.9665922227079027,0.956471214021859,0.471577984863911,0.6809621535992469,0.05468965182610575,0.05468965182610577,0.16529339917082053,0.16529339917082062,True
0.0,1.8280131138436273,1.8247379984617786,0.003275115381848659,2.61203294906124,-3.9198328080635916,1.1597074365439748,0.7430448383397006,0.7127368529503338,0.9941948257583015,0.9941948257583016,0.9963887445884948,0.9963887445884949,True
0.0,3.0421488832844132,2.566907721725766,0.4752411615586474,0.17723222797380186,-3.1586420500347887,1.3192415769370625,0.3848640402116363,0.6611094340238075,0.28184756190676497,0.2818475619067651,0.6231674671036663,0.6231674671036662,True
0.0,1.3208432469757567,1.2615422502305622,0.05930099674519451,3.7444674501170345,-3.973887802069391,0.9610123143075648,0.4578038718031214,0.7383020573437153,0.9244278035961095,0.9244278035961093,0.9266053319887229,0.9266053319887231,True
0.0,3.0637057771155316,1.5297273141830392,1.5339784629324924,0.3263903857796435,-3.038691994291052,0.9613805811290982,0.6585643188635553,0.7443469399484788,0.03657209253963512,0.036572092539635115,0.12232621794687412,0.12232621794687394,True
0.0,1.5980672776217488,1.1934877978091945,0.4045794798125544,-0.2832091622975118,0.6781522452600854,0.5513100585416189,0.5618981102762277,0.1780200908142801,0.769558315392539,0.769558315392539,0.4570312889203761,0.45703128892037603,True
0.0,1.622875519257525,1.545591327417521,0.07728419184000401,-0.36494065391143027,0.013389466555448593,0.7142891407306735,0.9374285011284724,0.5801795833600514,0.9166873141657713,0.9166873141657716,0.887417720337128,0.8874177203371283,True
0.0,1.8301281296746366,1.4908139562685276,0.3393141734061089,-0.27042132813866465,-0.06473352959980971,0.7886679837635538,0.11572399107556575,0.5751176295175046,0.6545156912662078,0.6545156912662075,0.625036033516688,0.6250360335166877,True
0.0,2.512858653258342,1.4432332734129398,1.0696253798454023,-1.55131493588812,0.3591164429989824,0.8272222228665774,0.3653366920182582,0.021938605772806374,0.2980041783487426,0.29800417834874265,0.3116487482001346,0.3116487482001354,True
0.0,3.144519940752274,2.205010618988352,0.9395093217639223,-0.3283804521519831,0.22005571568570792,0.84887993427899,0.3002853068043285,0.4078269949809814,0.11250729933959638,0.11250729933959648,0.272693083815173,0.2726930838151729,True
0.0,1.9928751751191587,1.842296928563442,0.1505782465557166,-1.0596227795830002,-1.3836819802586882,0.9911104324686939,0.43886218823930045,0.5253764282145275,0.7848140334210937,0.7848140334210935,0.8438568222577522,0.8438568222577532,True
0.0,1.5035813250048844,0.9448839785189749,0.5586973464859095,0.4943626835725991,-1.5878453134183395,0.5395888992314657,0.6676176004751768,0.6894110705192096,0.5501143499512042,0.5501143499512042,0.26586165755707664,0.26586165755707697,True
0.0,1.430085467203162,1.1154273798035923,0.3146580873995697,0.5168172733331665,-1.5683232727399292,0.6084249610424928,0.9665343267112274,0.6423828914131773,0.7041260858238467,0.7041260858238468,0.5200553000304652,0.5200553000304652,True
0.0,2.726835308776299,1.2236097891392,1.5032255196370992,-0.25507606873878913,0.9515513617506737,0.5711397312389475,0.19267836563345192,0.050485639497244494,0.14647659942048696,0.14647659942048702,0.05990600698825864,0.05990600698825786,True
0.0,1.8053721516777668,1.117500609219125,0.6878715424586417,-0.23157302310768194,-1.7634805834216656,0.7845238945457136,0.9833382391351619,0.7271416572203779,0.4272912057686659,0.42729120576866586,0.35862630045692623,0.3586263004569266,True
0.0,1.7278981180127557,1.2538534290634924,0.4740446889492633,-0.6754548593870684,-1.5533669339194787,0.8697529028386091,0.925328547508659,0.7096954771319157,0.5655094478138487,0.5655094478138486,0.5556989103669356,0.5556989103669355,True
0.0,2.6789105422984774,2.235708299052326,0.44320224324615154,-0.5044263807279978,-0.6853001147439192,0.9312103830627189,0.5028319159790839,0.5797668538174795,0.3816410403185402,0.3816410403185403,0.5578912957877316,0.5578912957877324,True
0.0,2.5221240023094835,1.8900548663969565,0.632069135912527,0.48515725951676986,-2.5165764117677645,0.9579896269819107,0.37630513326507314,0.658863421160876,0.2725882450208535,0.27258824502085344,0.4175422914489257,0.4175422914489261,True
0.0,1.6268818781769019,0.9455739010334969,0.681307977143405,0.474088235443162,1.4462772914843036,0.4198121910438692,0.2516744384681445,0.00253899038406441,0.7587839190831952,0.7587839190831944,0.18091806145751513,0.18091806145751704,True
0.0,1.6904447513397605,0.9084151290094648,0.7820296223302957,-0.3199076914541883,0.33422898850755556,0.46196968743982675,0.5965830042252948,0.5851257617187888,0.5832444629351033,0.5832444629351033,0.1480053002148364,0.1480053002148358,True
0.0,1.9078893152831888,1.625731125881503,0.2821581894016858,2.121384295387175,-2.9692951050201977,0.8319631024802951,0.7526880207800473,0.6704029126704483,0.6192059323070638,0.6192059323070633,0.6286675080384924,0.6286675080384924,True
0.0,1.480214370633871,1.2054845651063808,0.27472980552749027,2.0187853694607494,-2.9520323210402033,0.7628041302450242,0.6586869368740041,0.6966108702382161,0.6986263837861,0.6986263837861002,0.6260076110790883,0.6260076110790882,True
0.0,2.0544611410385776,1.9854834096288911,0.06897773140968644,2.0218562567802425,-3.3812239634483214,1.2584247093190106,0.15962925319914661,0.6934970889600136,0.8747328481834605,0.8747328481834604,0.9329984955173902,0.9329984955173898,True
0.0,3.014669310898166,1.213908154852298,1.8007611560458678,-0.8891857565308521,0.059156397485151224,0.6787279781780634,0.016751727503036273,0.20948027744382652,0.0544115901407452,0.054411590140745224,0.05255604792164315,0.05255604792164216,True
0.0,2.6262973966203496,1.4266680732722137,1.1996293233481359,-2.436815407297211,-0.40676630131356917,0.7898486720458503,0.8278328441632884,0.03793853994806684,0.20954044646649067,0.20954044646649012,0.21552233514683883,0.21552233514683775,True
0.0,3.5176723647126313,1.0321205784280298,2.4855517862846015,-2.4687420414070447,-0.7485696184626935,0.9097871813577382,0.23918473800924545,0.017564406703014623,0.016284477654614764,0.01628447765461508,0.08326205580673582,0.08326205580673562,False
0.0,1.9165004228370113,1.8986750876237752,0.017825335213236038,0.2552690621256615,-2.086555931906431,0.9694395298606239,0.7253914245653714,0.6255883891048148,0.9695683048246693,0.9695683048246692,0.9772214146969036,0.9772214146969044,True
0.0,1.2563743434687336,1.0523781489766064,0.20399619449212714,-0.08706232713792462,-0.19739985998939324,0.5468595580543076,0.056448518618708754,0.49990046249995745,0.8539882059774618,0.853988205977462,0.6561631264867445,0.6561631264867448,True
0.0,2.220991981394628,1.672841194700513,0.5481507866941149,-2.6177284701048906,-0.5137275717196471,0.8755972874930148,0.3086751909230524,0.1485208546616158,0.5130959267445395,0.5130959267445396,0.5600797248416409,0.5600797248416408,True
0.0,2.495592774177216,2.0717878081615333,0.4238049660156826,-0.9257817501584477,-1.572033669721766,0.9388663553446217,0.2957081287213352,0.663302624122171,0.42329595598067826,0.42329595598067854,0.5701270848972878,0.5701270848972871,True
0.0,2.874672295719866,1.5649620080632602,1.3097102876566056,-3.0830599465367383,-1.7478510817621307,1.0312906013493701,0.7262942186004074,0.7364794046620515,0.09547799631075517,0.09547799631075546,0.2744345979908651,0.2744345979908643,True
0.0,2.673970017885273,1.7001250183451018,0.9738449995401712,0.8114551537631303,1.8945868381861164,0.7764509523342414,0.4243598575380012,0.2493806154909105,0.24830293607793033,0.24830293607792855,0.299864119222967,0.29986411922296624,True
0.0,3.013467757671375,2.3552338400786392,0.6582339175927356,-1.1047250161793334,-2.027546196813274,1.2386500095015383,0.7657177204669537,0.4600215316609509,0.19702742792726546,0.19702742792726557,0.5233502206688733,0.5233502206688734,True
0.0,2.638671989706167,2.3897448109918265,0.24892717871434034,0.8047614586095932,-2.186126101445297,1.0757991597686722,0.11407436349011096,0.5466319865774392,0.5550098538345479,0.5550098538345474,0.7347768365270734,0.7347768365270729,True
0.0,2.5424159517629836,1.2484701412500285,1.293945810512955,-0.8275437651339523,-2.0936435630424044,0.8843670669118786,0.286578318121662,0.7467679086961782,0.11743680035249199,0.11743680035249204,0.17233735524520555,0.1723373552452056,True
0.0,2.1254248739359576,1.9799549308899405,0.14546994304601712,0.3400145983229056,-2.618201149393851,1.0863138237997032,0.6636991103192759,0.6705001784818051,0.7584883680745258,0.7584883680745252,0.8449631249930275,0.8449631249930275,True
0.0,2.5501524343934334,2.1919402006960103,0.35821223369742317,0.37682883476142975,2.1095250487207284,1.0504604934068644,0.5354068760867788,0.24931035385729872,0.6314406714386953,0.6314406714386956,0.8488974125191983,0.8488974125191961,True
0.0,1.9087662283865245,1.4542140104842827,0.4545522179022419,-1.1840289475445018,0.28712032310192903,0.7646568598346606,0.36986962050294536,0.1293967906641625,0.6706418585884788,0.670641858588479,0.5734795550426448,0.5734795550426458,True
0.0,1.7663555872287025,0.9426595080953919,0.8236960791333106,-0.02656424677016629,-0.4546146324891517,0.45876287243675473,0.6064438926492766,0.5955109405349513,0.4256925720937278,0.42569257209372807,0.11159361699473064,0.11159361699473054,True
0.0,2.7392864362664753,1.1666121450499354,1.57267429121654,0.161232243645119,-1.2051447209490298,0.5201586208925265,0.5745937557844443,0.652499271594629,0.06530091471596568,0.06530091471596576,0.025509486474917662,0.025509486474917416,True
0.0,2.751943794439805,2.0458365358513575,0.7061072585884474,-0.10320794802153996,-1.208499665197332,0.8577793757632297,0.977060668547702,0.6061599983262882,0.21565560570830355,0.2156556057083037,0.34943932988014154,0.34943932988014215,True
0.0,2.1520161520082577,1.6756291466136877,0.47638700539457,-0.7447250491440576,1.0480650932172209,1.0994882310022056,0.13333208590073897,0.4948909630542751,0.6462107716773818,0.6462107716773816,0.86737743692228,0.867377436922279,True
0.0,1.5258910983871976,1.1781710160428753,0.3477200823443223,0.05774037403752928,-1.4929906393785857,0.5885616372771787,0.4631574202948414,0.6905663103961942,0.6728898617663933,0.6728898617663935,0.4728195704302771,0.4728195704302778,True
0.0,2.2085936508299135,2.0816237075803428,0.12696994324957078,-0.00462857176979811,-2.08139480673941,0.9366354452201398,0.06845460789946994,0.6585827987202465,0.7797279516941316,0.7797279516941312,0.8390162422753695,0.8390162422753702,True
0.0,3.46717097079903,2.3489979933518903,1.1181729774471396,0.21861733937277752,-3.1977634786690956,1.2937180993500137,0.9533269485355528,0.6967626234903068,0.04510554396533173,0.04510554396533204,0.31847251046421154,0.3184725104642114,True
0.0,1.8376908323436947,1.7677432080146096,0.06994762432908508,1.7988480530808642,-2.7064580823141817,0.922368918720801,0.40831075884701573,0.624799948005624,0.886823474682254,0.8868234746822538,0.9039795879697665,0.9039795879697661,True
0.0,1.4165742546515414,1.236872248404345,0.17970200624719634,0.15617112558789947,-1.1201938367425408,0.8026231572191067,0.4504529140545981,0.6364463710661332,0.8205443095593739,0.8205443095593736,0.7814632102171025,0.7814632102171031,True
0.0,2.675599338603442,1.303848447221949,1.3717508913814929,-0.6914407944398354,0.44762008692473065,0.6758969204487106,0.8008119661499213,0.5721250521417514,0.14768184417054722,0.1476818441705472,0.11014285057784526,0.11014285057784473,True
0.0,1.3331939205440162,1.1867284695847806,0.14646545095923558,0.035606028124829714,0.9427034438661699,0.5088771801268511,0.8727616394547375,0.32630276396914826,0.9325827600651858,0.9325827600651864,0.7398770377335535,0.7398770377335537,True
0.0,2.2739239541953804,1.4719496892881647,0.8019742649072157,-1.2503729929200982,-1.2407982207001456,0.9120042526406792,0.7779710934216055,0.6900122226179803,0.2948653080598972,0.29486530805989725,0.3765066797171083,0.37650667971710805,True
0.0,1.7813153313105126,1.6087972238331116,0.17251810747740093,-1.6774602172077673,-1.7243407217849716,1.049693144096936,0.7007520217306817,0.7072136640397736,0.7950599619192472,0.7950599619192473,0.8555910420698137,0.8555910420698144,True
0.0,2.150520599237639,1.6546388649456425,0.49588173429199633,0.356863922469698,-2.0540694229744063,0.8506197886655837,0.7021411175510996,0.6800604465808235,0.42335266184006126,0.4233526618400615,0.4693731638359981,0.46937316383599775,True
0.0,2.2233337900265284,1.4334121413298244,0.789921648696704,-1.3311718839452742,-1.6364351560518675,0.8288855391194548,0.7328964561843625,0.7161369157287588,0.3041627287107954,0.3041627287107954,0.32555714312219347,0.3255571431221939,True
0.0,2.091848771364541,1.6081261354983447,0.4837226358661961,0.007380490483484688,0.549564529593658,0.6873127799543589,0.2153067055183377,0.4689083453839422,0.5133129701584574,0.5133129701584574,0.44886924662789873,0.4488692466278989,True
0.0,2.030961441552278,1.4799213602567378,0.55104008129554,-0.38486402761550786,-0.8786241727162157,0.7898659671166012,0.9169008338405109,0.6357800935104371,0.4492290184013667,0.44922901840136653,0.43579517330962986,0.4357951733096294,True
0.0,1.7159155729042597,1.4014935418945644,0.31442203100969524,0.7042479001374761,-1.8477709627078136,0.9071961762320977,0.33783369519794737,0.59293581474626,0.6416961328026739,0.6416961328026739,0.6594938111183632,0.6594938111183636,True
0.0,2.5280953231198025,2.1860992858492296,0.3419960372705728,-0.3243397040908517,-0.23829009237763865,1.1991895581087297,0.7067221187893423,0.4697994142985175,0.49855856054980535,0.49855856054980535,0.7369593913783357,0.7369593913783352,True
0.0,2.6575678258091453,0.989996937646675,1.6675708881624702,-0.37118879797063664,0.17650168934123833,0.48759032230149596,0.24726253744024607,0.595133856486967,0.10477007627441723,0.10477007627441716,0.02172295184021857,0.02172295184021784,True
0.0,2.8828485451516235,1.587935874413435,1.2949126707381884,-0.5907498895341757,-0.7068102302010996,0.7579251555148286,0.1084007792669513,0.43524553902135554,0.08235016232695445,0.0823501623269545,0.12521723449549774,0.12521723449549732,True
0.0,2.4603453272556033,1.2957798299771524,1.164565497278451,-1.4211983180273384,-0.5867035632133983,0.8144138692222231,0.19271120417482923,0.2200831464807268,0.19769746306472077,0.19769746306472086,0.21679295785929492,0.21679295785929542,True
0.0,2.1854161946962716,1.923068905243672,0.26234728945259955,1.9858551617857545,-2.996947332902863,1.112212594802052,0.5356936178380809,0.6241716477715846,0.5968322863048298,0.5968322863048301,0.7322803567669642,0.7322803567669641,True
0.0,2.0012453764309193,1.1232275396052636,0.8780178368256557,-1.3444069790885973,-1.1677508655199924,0.6959116322573055,0.146817188028523,0.7206918803836839,0.3689864675348356,0.3689864675348357,0.23896667516453451,0.23896667516453451,True
0.0,1.967930033798462,1.8490914340932085,0.11883859970525346,-0.3429140427980063,-1.3229057843594896,0.94103367385775,0.9423462627220185,0.46827229861264374,0.8214019492931863,0.8214019492931862,0.8602283625109313,0.8602283625109312,True
0.0,2.4475765357596178,1.5081864342189266,0.9393901015406911,-0.8027348606963474,-1.9353876339570684,0.9392915514072672,0.17471364254324678,0.6962607261605365,0.1959852044431508,0.19598520444315073,0.2998403208251508,0.2998403208251504,True
0.0,1.6682822057629905,1.2106512019510691,0.45763100381192134,-1.4555494281589503,-1.5938180537211522,0.7693993708128173,0.7492764676986662,0.7401565077134815,0.621060397541002,0.6210603975410021,0.5284490662569953,0.5284490662569953,True
0.0,2.7249404962743045,1.293815912993194,1.4311245832811104,-1.7978594253172644,-0.8296555843571093,0.7615213204169075,0.09000320354001368,0.6959137367758688,0.11101005954194906,0.11101005954194902,0.12158429552624642,0.12158429552624593,True
0.0,3.0089970192840694,2.8627098312339068,0.1462871880501626,-0.7945335598997864,2.5259438620403603,1.010329628570459,0.83510887568753,0.020244561701172892,0.8834203833981582,0.8834203833981593,0.9737688393209701,0.9737688393209661,True
0.0,2.9868604365283025,1.3865640020726102,1.6002964344556923,2.726029879789617,-3.468736119861056,0.9148037883217508,0.4419839437010515,0.7077377649289194,0.033368071595745424,0.033368071595745376,0.08949383947161516,0.08949383947161535,True
0.0,2.213734141552018,1.436798883261619,0.7769352582903992,-1.2217173263512406,0.54036608316661,0.7018768574084894,0.42828134531681905,0.021303685605241762,0.49343741513422607,0.49343741513422584,0.33332517103049697,0.3333251710304961,True
0.0,3.4245340694576356,1.2454222790115628,2.179111790446073,-0.6142291224840959,-1.5876880765164612,0.9049059948219025,0.7704053588960535,0.512932509371774,0.010327434454650807,0.010327434454650798,0.0540588618217978,0.05405886182179761,True
0.0,2.277928149299832,1.235549425190514,1.0423787241093179,-0.026870480477530188,-1.4824943139118594,0.6717740674921092,0.7254659081529381,0.6792588421556732,0.2015260480359022,0.20152604803590216,0.1392284837842349,0.13922848378423486,True
0.0,2.4311602052588,1.6613089775270156,0.7698512277317844,-0.22794154802560723,-0.3019902074279136,0.7358428508022742,0.07308536274213323,0.5474842290120614,0.26702041779685554,0.26702041779685537,0.2815101278184405,0.28151012781844076,True
0.0,2.031116961810772,1.3933691669844483,0.6377477948263235,-1.596080603545044,-0.6656830466962088,0.9681192338580156,0.30989923588513274,0.672271696680923,0.47311575058689526,0.4731157505868952,0.5655426226906685,0.5655426226906684,True
0.0,2.125757268598355,1.539513100596328,0.5862441680020267,-0.853592499952666,-0.31842174526390377,0.716230788525383,0.7222300605276715,0.6182340453452162,0.4424246112701788,0.44242461127017874,0.3870816731990803,0.38708167319908104,True
0.0,2.92133997965783,2.761277104178028,0.1600628754798019,-0.013849289129587921,-2.5883785404148307,1.2333444283412693,0.6507455048394284,0.6514439201459282,0.6508308108128086,0.6508308108128089,0.8431771946394808,0.8431771946394805,True
0.0,2.790793616223775,1.9462441214310073,0.8445494947927676,1.5242128568089433,-2.7818493233403285,1.0067627761257958,0.7226636178883831,0.637625145381141,0.1487009431538111,0.14870094315381147,0.3189027874559169,0.31890278745591716,True
0.0,3.2804628410122274,2.556323280588498,0.7241395604237293,1.3573620483854252,2.5096387755448424,1.0293413175283737,0.49023617374293177,0.26129596428165525,0.20013910183768152,0.20013910183768285,0.5522722316631822,0.5522722316631867,True
0.0,2.5810769843881594,1.870559004458843,0.7105179799293164,-0.32967057218097595,0.24683478306106998,0.8150314351329652,0.7126283859693231,0.43207504546373265,0.2747669473858182,0.2747669473858182,0.3661650970046061,0.36616509700460526,True
0.0,2.2139312641970617,1.2293377606769873,0.9845935035200744,-1.1465668459329308,0.3038485005793139,0.6725253546087342,0.5925713229366987,0.009553660210739445,0.40501425336033375,0.40501425336033364,0.22425519445231248,0.22425519445231226,False
0.0,1.5180409555143073,1.390906504388738,0.1271344511255692,0.3198595724306368,-1.8739826109245192,0.7465081507237455,0.5134665643569752,0.6854352881941319,0.8495053288317813,0.8495053288317813,0.8092446168282413,0.8092446168282414,True
0.0,1.907755835939543,1.6567456508582477,0.25101018508129536,-1.681166444077351,-0.38814907169854074,0.9207189777249337,0.8515505121182567,0.6477563394117114,0.7444974494838551,0.744497449483855,0.7826486135780338,0.782648613578034,True
0.0,2.238529154651339,2.147429590815258,0.0910995638360812,0.7600638123065453,-3.9589399562872822,1.3595734827538604,0.09095900266772933,0.7062457656619289,0.8271984047927902,0.8271984047927904,0.9210545605233442,0.9210545605233442,True
0.0,2.422257644010133,0.9508228628251232,1.4714347811850097,-0.25558070598099,-1.1934608378338867,0.4834709364931593,0.01509131162418742,0.7100634344980271,0.12282760447224186,0.12282760447224181,0.024774583506630667,0.024774583506630764,True
0.0,1.6055698408759758,1.5746445600327583,0.03092528084321744,-1.7708808699222587,-0.5302615107114934,0.9046358402081097,0.39150405780295006,0.25544331420859867,0.9719186975412625,0.9719186975412623,0.972707493438014,0.972707493438014,True
0.0,2.0239251040469224,0.8905354092605127,1.1333896947864097,-0.41442121193034903,-0.5266056542506954,0.5439629030859151,0.9648983924738126,0.673231102386779,0.29377372612181596,0.29377372612181596,0.08573888442293712,0.08573888442293721,True
0.0,2.421886942073052,2.0313457142050244,0.3905412278680278,-0.5981239661041116,-0.4759328525677937,0.925788963426477,0.22772339034640637,0.422830453252665,0.47698118436526366,0.47698118436526366,0.6087588525305105,0.6087588525305103,True
0.0,2.404008635127674,1.397424341243035,1.0065842938846392,-0.9711138476468324,-0.00840534298261364,0.6956525031765125,0.2035320920234694,0.30018799786456524,0.2516042935996584,0.2516042935996584,0.19724141430906592,0.19724141430906608,True
0.0,1.9384525554766696,1.7093785750772057,0.22907398039946392,0.03248362366132803,0.8514018009094682,0.7104387866663396,0.8595071049893722,0.34476953976085806,0.749998686278212,0.7499986862782115,0.7055779575415053,0.705577957541504,True
0.0,2.1923864446204875,1.1389509821349866,1.053435462485501,-0.3140918230941757,-2.054989276099292,0.8100976576812084,0.34829496034466756,0.7453264904626891,0.21624790835151594,0.21624790835151592,0.20594137262501486,0.2059413726250148,True
0.0,1.6531692156168634,1.2612077084866093,0.391961507130254,-0.4183604161381923,0.9147691661490305,0.6287706287682506,0.6065083411793424,0.010007719335091314,0.8454636612697691,0.8454636612697699,0.5577267538421655,0.5577267538421652,True
0.0,1.6004353532976563,1.4242126336576575,0.1762227196399988,1.0608874636272587,-2.07796773153329,0.7544113312100326,0.5603542873394739,0.6430424544338825,0.78182360418123,0.7818236041812301,0.7387952076692762,0.7387952076692759,True
0.0,1.8709248643400607,1.5374158144415428,0.3335090498985178,1.8489425841038558,-3.0036206618671937,0.9186594233910821,0.4841923202400019,0.6483469957247714,0.5805236975845363,0.5805236975845365,0.6199668120950358,0.6199668120950359,True
0.0,1.8054558391583426,0.886386291273856,0.9190695478844866,0.7797668789129482,-1.7690874137146086,0.4863536633424927,0.4022612920144234,0.6676228415969364,0.32653610549104656,0.3265361054910468,0.08488565736796397,0.0848856573679644,True
0.0,1.6987946585653981,1.5490131073623923,0.14978155120300585,-2.442923999926078,-0.009484208791701754,0.8934977558859021,0.7787493554773914,0.006004117552829813,0.9676516601966278,0.9676516601966282,0.926043944475116,0.9260439444751175,False
0.0,4.062106100088083,1.4083321485260278,2.653773951562055,0.17114834107641297,-1.4940114142711145,0.8486454126654254,0.5782262951954978,0.6574241664448215,0.0011621406113486166,0.001162140611348712,0.020694134160903516,0.02069413416090355,True
0.0,2.309806714068034,2.28883182182378,0.020974892244253862,-2.906225885966147,-1.066116605850108,1.0792275701215133,0.36475365134562576,0.66375331153448,0.9623877817822676,0.9623877817822655,0.9813230771081342,0.9813230771081358,True
0.0,2.1676734575718646,1.4745710163873489,0.6931024411845157,-0.9843588176773227,-0.33700159392795437,0.8405952122983298,0.491187931515633,0.4265806925932748,0.390517824778426,0.39051782477842595,0.4160202754665411,0.4160202754665409,True
0.0,2.692024784387703,1.5865954090192846,1.1054293753684186,-2.2401789725203503,0.09005087829027203,0.8766487900482436,0.9355561488842685,0.027661599230830836,0.23357304782962127,0.23357304782962177,0.3246556337403733,0.32465563374037454,True
0.0,2.2318080813346834,1.645681073975318,0.5861270073593654,-2.1277351309084698,0.009230690560233068,0.8584101259512328,0.6447255490622501,0.10897969561859455,0.525837212466515,0.5258372124665154,0.5476936651039899,0.5476936651039905,True
0.0,1.9702026470551195,1.221099940577243,0.7491027064778766,0.5831820420177881,-2.249194335411663,0.7148061117350023,0.005729282096954835,0.7187677668545334,0.33667134313712443,0.33667134313712466,0.25533572358031953,0.25533572358031936,True
0.0,1.1009165554122506,0.9832218212992226,0.117694734113028,0.6936215343211108,-2.0565019099620523,0.6111392100040254,0.19949010471068512,0.7042588088428827,0.8955415080308861,0.8955415080308863,0.792781459894838,0.7927814598948376,True
0.0,1.2489669742217373,0.9898285512705913,0.259138422951146,0.9322971820062428,-2.0905276142273186,0.598538209386811,0.5085602443655802,0.710223331719327,0.7660111225113092,0.7660111225113089,0.5792382524348196,0.5792382524348192,True
0.0,1.7298522000488947,0.7758099402557094,0.9540422597931854,0.1821146276685283,-1.3014353689076212,0.4694477858192087,0.567573097920218,0.6110907608077372,0.36726643379767765,0.3672664337976777,0.07761894580047816,0.07761894580047836,True
0.0,2.2867672762454565,2.0461612222705305,0.24060605397492596,-0.2253973311523801,-0.38648320008048476,0.8424275157948827,0.04555233609200532,0.5554727926652505,0.6399876914224445,0.6399876914224446,0.7070979294992046,0.7070979294992041,True
0.0,3.0125771849315894,1.6594150818948277,1.3531621030367618,-1.436149222701159,-1.3138446606165073,1.1247099000179053,0.0844029875828019,0.670883455366025,0.06433401339571537,0.06433401339571533,0.26755217148671046,0.26755217148671057,True
0.0,2.4167474174610066,1.8368946393420253,0.5798527781189813,3.9589918058426625,-4.015307132605317,1.0797272090137107,0.08113065138386027,0.6889743745326107,0.29714919900834763,0.29714919900834713,0.47100115787407915,0.47100115787407915,True
0.0,2.256583420857844,2.145205377077609,0.11137804378023519,1.1063126625430304,-2.968847931251495,1.1334058235146454,0.6145676805191217,0.6552429279062971,0.7929915940585335,0.7929915940585338,0.8792260871902241,0.8792260871902237,True
0.0,2.658760145474058,1.091590580622735,1.567169564851323,0.6476595632020806,-1.7673572955010726,0.6241930893516717,0.2755357380182495,0.6256717999338955,0.06779371279107485,0.06779371279107471,0.03979901509061185,0.039799015090611886,True
0.0,2.6796458631371474,2.2384031884697366,0.44124267466741074,-2.1881440784545383,0.9905742668885567,1.1991910319898866,0.8988491676821022,0.10985156774077948,0.553449600712857,0.5534496007128561,1.0210258972067134,1.0210258972067165,True
0.0,1.7559414023128102,1.10355966030878,0.6523817420040301,-1.116083537665083,-0.5803186616935911,0.6548971451311888,0.6046240731542591,0.6924193273429272,0.5572303484591863,0.5572303484591863,0.3400638375989816,0.3400638375989816,True
0.0,2.2642561996739627,2.160992081912271,0.10326411776169175,2.469853424494209,-3.346057734349534,1.1474133020234563,0.4315461035116153,0.6332437776639847,0.8020122978267834,0.8020122978267833,0.8850248193269609,0.8850248193269609,True
0.0,3.5002882721239685,3.0844962678122587,0.4157920043117098,-2.1515202096340302,0.8544373545782074,1.4460963715134225,0.7335349468078582,0.35209176270771486,0.3152061988892864,0.3152061988892846,0.8601961399002613,0.8601961399002589,True
0.0,1.4433704829668852,1.3310951620386977,0.11227532092818748,-0.06932553198997658,-1.6877302717602358,0.9193532789536752,0.8974204426715466,0.6874300161996462,0.8766783405916292,0.8766783405916294,0.8785088313951543,0.8785088313951549,True
0.0,2.0861448036659738,1.7996396578521163,0.28650514581385744,-0.19888825316784528,-0.4036171508366555,0.9150172490464412,0.23155618032206643,0.4568753791112304,0.6286753034779301,0.62867530347793,0.6985047643508725,0.6985047643508725,True
0.0,2.402856738488452,1.284488885051708,1.118367853436744,0.764365377914581,-2.1429891125884133,0.786428687484481,0.05151996875421211,0.6487954851364178,0.14901860082740653,0.1490186008274066,0.15576043981808463,0.15576043981808443,True
0.0,1.724213644602364,1.3189890861389786,0.40522455846338534,-2.1813681800068405,-1.2537866787350744,0.8467977040952812,0.9845983578065861,0.7283709698562211,0.6844707632969209,0.6844707632969208,0.646163710387836,0.6461637103878358,True
0.0,2.2019509259248604,2.136995980009945,0.06495494591491546,0.6020375471110905,-1.7906128842139393,0.8821527004897974,0.9043564475908321,0.6151938343589111,0.8781270832849063,0.8781270832849065,0.9073318554484009,0.9073318554484002,True
0.0,2.106987574405106,1.3794893341788876,0.7274982402262182,0.6128210334034806,-1.6175808724793646,0.632482746011895,0.9074978200349334,0.5903243951665139,0.31784428237004647,0.3178442823700463,0.22107090715708352,0.22107090715708363,True
0.0,1.5657719806165198,1.0518980170763985,0.5138739635401213,0.4097134721551489,-1.9397591521374191,0.6655773520287298,0.888749173208056,0.7221456701744398,0.5524764588131241,0.5524764588131242,0.38235512603079924,0.3823551260307989,True
0.0,2.129688080531932,1.1011656753341261,1.028522405197806,0.21582954628649637,-1.445385517802024,0.6133298895158664,0.1860376433943257,0.5430255374676229,0.23355629804515016,0.2335562980451501,0.11775828329734987,0.11775828329734939,True
0.0,2.363744287815767,0.9613596727334845,1.4023846150822823,-0.21291729356074846,-1.36625413093418,0.5272683031644412,0.3377464968165109,0.7197277978517269,0.1368737851527187,0.1368737851527186,0.03700505721569464,0.03700505721569473,True
0.0,2.0240302447288134,1.5072655869307465,0.5167646577980669,-1.0498651814104611,-1.0260625318517083,0.9564390423700383,0.1547373783411985,0.6431580067635427,0.48506863381037846,0.48506863381037846,0.5693887501905422,0.5693887501905425,True
0.0,2.3797458565096363,1.9174191153496503,0.46232674115998607,-1.4263529275605153,-0.06676144346441726,0.8906237612164184,0.8626356368167629,0.2839140569331573,0.4713277357004169,0.47132773570041714,0.5783331760113222,0.5783331760113235,True
0.0,1.4452765343014202,1.3545494921622603,0.09072704213915994,0.37619943438051573,-1.625904035680752,0.6676333241092283,0.43389436101749707,0.6186881955918585,0.8948930244808726,0.8948930244808724,0.8421449127843835,0.8421449127843839,True
0.0,1.284415417646303,0.7723715087938762,0.5120439088524268,-0.26982347304623344,0.2831184809032534,0.4434455754958829,0.345955316564439,0.5687642181217648,0.8110552699702608,0.8110552699702607,0.2886162537510149,0.28861625375101435,True
0.0,2.5001617974030657,1.8040975441808635,0.6960642532222021,-2.0913074968334415,-2.0337748785709486,1.060483689578462,0.030501206428569905,0.713960651258509,0.277446002563637,0.27744600256363694,0.4803319589793988,0.48033195897939895,True
0.0,1.6139138603545382,1.3330114130617257,0.28090244729281255,-0.11225546445671047,-0.3567255731705792,0.7198280712371427,0.6405612353330261,0.5606220473207347,0.7286216462683788,0.7286216462683789,0.6436912845341602,0.6436912845341599,True
0.0,2.067705564478784,1.9385647320511254,0.1291408324276584,-0.13416055527431525,0.9449824452116857,0.8416217434210781,0.7967147821103628,0.5153605793241215,0.8350891975463071,0.8350891975463074,0.8576055542475429,0.8576055542475443,True
0.0,3.334721294241955,1.7422160928812283,1.5925052013607266,0.7461692882709676,2.173288635318265,0.7282319214777219,0.6478221771458942,0.004108973641465563,0.07563455896486629,0.07563455896486396,0.12597831205499843,0.12597831205499746,False
0.0,1.8946256052187507,1.6764486568898553,0.21817694832889534,-1.3267432328639932,-0.6610980551285948,0.7735848181285359,0.49479267038297897,0.6545579069292539,0.7491559068777212,0.7491559068777212,0.7281875775604818,0.7281875775604811,True
0.0,1.9479365582632553,1.8061127599040903,0.14182379835916503,1.1525974223092819,-2.2803410445439964,0.8751030581793573,0.1578875395031692,0.645568833917981,0.7798286655459458,0.7798286655459454,0.8064799751661065,0.8064799751661064,True
0.0,2.5972312768796106,0.8683212718794849,1.7289100050001256,-0.33765996393626524,-0.4648092497158598,0.45727499009680134,0.9727017291206452,0.6390519294113182,0.09140228352079177,0.0914022835207917,0.012935394063649573,0.012935394063649505,True
0.0,2.8627633352322976,2.3940750544217386,0.468688280810559,2.6656110146412333,-3.673331129433561,1.4844208318583128,0.31046733028909695,0.6734744173047373,0.3029832950106832,0.3029832950106835,0.6565193015202104,0.6565193015202104,True
0.0,2.0620327776679965,1.4823991392686071,0.5796336383993894,-1.085547966932872,-0.8113971466419267,0.902411061634967,0.5210686866800385,0.3422792219055532,0.45171822941438083,0.45171822941438083,0.5078003541271546,0.5078003541271547,True
0.0,2.5343023741000903,1.4383240102949941,1.0959783638050962,-0.36372174090254983,-0.7128835367056986,0.5972620826723638,0.4087081811588636,0.6297670038814831,0.15811251479071015,0.15811251479071017,0.10619305439677358,0.10619305439677493,True
0.0,1.992088464410243,0.969027886450482,1.023060577959761,0.07898166880193981,0.9101371648589001,0.482667497789343,0.017806422570255387,0.23177941115969058,0.43463101144951766,0.43463101144951705,0.09901740835486804,0.09901740835486812,True
0.0,3.139035664238644,1.7324625775741562,1.4065730866644877,-1.5438024410131104,-0.2530152336605388,0.8702325795408481,0.7744710983415066,0.5665982834530982,0.0607159539422692,0.06071595394226896,0.16534695080182413,0.16534695080182246,True
0.0,3.2734963570326565,1.9746552477797148,1.2988411092529417,-2.9408977752355203,0.41145734644533705,0.9394989715995335,0.07601219584475649,0.02238647345577449,0.10382160773568044,0.10382160773568243,0.3116376095085394,0.31163760950853925,True
0.0,2.489905515496844,2.0920300967314036,0.3978754187654405,1.0662396695461542,-2.784061980979808,1.030055670458861,0.9394429178743291,0.6778457390351365,0.4223405547572886,0.4223405547572884,0.5948719733097708,0.5948719733097703,True
0.0,1.6593929839990957,1.4008955420441433,0.2584974419549524,0.2015609131537354,-1.1003739990681678,0.5637834058914943,0.9659842698211084,0.6179965860814969,0.7138747441838906,0.713874744183891,0.5547743420459182,0.5547743420459194,True
0.0,1.9556562798943566,1.5125097038426125,0.4431465760517441,-0.33061195845685826,-0.5041843329820083,0.7495580589317319,0.34543839681723465,0.5376115396932725,0.5396825276572704,0.5396825276572706,0.4976698174188482,0.4976698174188482,True
0.0,1.8594941461950207,0.7311435472919415,1.1283505989030793,0.1965215333291039,-1.4568952185778918,0.4847534664089791,0.992096062673832,0.7332653671885564,0.28798995480774975,0.28798995480774986,0.05403269597391722,0.05403269597391715,True
0.0,1.9432938483716273,1.620687281222724,0.32260656714890334,-1.1347243731761718,-1.2147239213278924,0.8453163065925215,0.10019405541115078,0.6806249496798041,0.6299504986177262,0.6299504986177265,0.6458271928633132,0.6458271928633128,True
0.0,3.05076044243819,2.5415279311674404,0.5092325112707496,-0.2680217861173331,-2.1650013816132603,1.0840966049868694,0.9576123501800745,0.6543729643777195,0.2637330875381855,0.26373308753818553,0.5404823633638096,0.5404823633638101,True
0.0,1.8412036854645213,1.5761151272050224,0.26508855825949884,1.9838111684176383,-3.5226070818261754,1.022346594494775,0.29448716129520114,0.7147473153524154,0.6465537775813178,0.6465537775813177,0.7167882814006556,0.7167882814006558,True
0.0,1.9332115713064177,1.4136527566792094,0.5195588146272083,0.1859038281132806,-1.0194839279195718,0.568268886455721,0.07529740924450129,0.6066936545247703,0.47331915074581093,0.47331915074581093,0.3111109945634815,0.31111099456348135,True
0.0,2.2810582171684426,0.4642167452700303,1.8168414718984123,-0.011246854795826013,0.2929876545228052,0.25879547273117187,0.6019828583008116,0.5168651759705023,0.18460498637392495,0.184604986373925,0.0009604039914953789,0.000960403991495168,True
0.0,3.56605329735049,2.5551607100606075,1.0108925872898826,0.11995361088878038,0.9709636387996914,1.0925704862114198,0.765561985523607,0.4834357679049558,0.06632512450828242,0.06632512450828176,0.3633558869535827,0.3633558869535852,True
0.0,1.9126292057412426,1.7121685587693811,0.2004606469718615,-0.01309303510119072,1.425301291019235,0.8900305858219493,0.31165225649195877,0.48939399630813724,0.8478681133453615,0.8478681133453607,0.8568012921558563,0.8568012921558565,True
0.0,1.6695741898043173,1.3537661989719543,0.315807990832363,-0.22386620641751112,-0.6692545529699163,0.6135621148260573,0.562182541275591,0.5985170581598451,0.6863845582508882,0.686384558250888,0.5328414084997445,0.5328414084997442,True
0.0,2.557333463958498,1.8531565559722856,0.7041769079862126,-1.1211165379800538,-0.8023239541963241,0.8800807050129593,0.04728716057647059,0.40280711012743603,0.26988722859227754,0.26988722859227754,0.38833806975700463,0.38833806975700563,True
0.0,2.211130265687191,1.7579466757726565,0.45318358991453467,-0.7840599736316153,-1.0808992451792858,0.9572523404831907,0.2840139723333981,0.6451157966729848,0.46740115495398676,0.4674011549539868,0.5803107190938722,0.5803107190938727,True
0.0,2.066261474048636,1.587350434529622,0.4789110395190137,-0.887474969348267,-1.4509898227749947,0.7828679220059755,0.5971722631652645,0.6736674693176296,0.480144294040072,0.48014429404007203,0.47319324491574283,0.47319324491574327,True
0.0,2.5708150575569033,1.1993968602687457,1.3714181972881576,1.9059828723711032,-3.0085325656269113,0.8045000273750288,0.6641436851308165,0.7330115130973742,0.08370529745750904,0.08370529745750896,0.09976015650512368,0.09976015650512365,True
0.0,2.3351597968460682,1.8987956041300467,0.43636419271602156,0.4480369904866288,-1.4114447159201458,0.9107594292952138,0.07705606319505448,0.5939036541417777,0.4316475462866481,0.43164754628664814,0.5400038383897776,0.5400038383897772,True
0.0,2.8499110359265223,2.356991849986745,0.49291918593977746,0.6857612956262639,2.0309170719857077,0.938854524979769,0.05603302704970914,0.25879185813350025,0.3944583241224991,0.39445832412249804,0.6217823706724659,0.621782370672468,True
0.0,2.6904841311551673,2.6612440125023666,0.02924011865280063,-3.7699035688750073,-2.7274993675892256,1.4752398036787322,0.6042752791208804,0.7020394481905478,0.9325415434157464,0.9325415434157465,0.9811997164056513,0.9811997164056516,True
0.0,2.39083883014228,1.689114221940449,0.7017246082018309,-0.1973585495339086,-1.977007151278216,0.8687250459127231,0.04706252275005274,0.6601493937754852,0.2752151316812471,0.27521513168124717,0.3551467557244704,0.35514675572447024,True
0.0,1.7033787696371563,1.695093324998399,0.008285444638757244,0.40403138630478497,-1.509352565236305,0.8207160622301344,0.31590190039209376,0.5787855840529509,0.9875536366183182,0.9875536366183182,0.9874021790640423,0.9874021790640412,True
0.0,2.466998198966717,1.0080668138916917,1.4589313850750254,-0.8351841233366287,-0.5705919439155196,0.536437868106127,0.5390616878920824,0.6906011535764169,0.14556214021454209,0.14556214021454203,0.04118639639835127,0.04118639639835124,True
0.0,2.8436459508937366,1.414067291728144,1.4295786591655926,-0.8472035268275722,-0.2912053914323214,0.6620256563361983,0.163845536320119,0.3234440861884933,0.08492367678150546,0.08492367678150543,0.07989449372626023,0.0798944937262602,True
0.0,2.551685698783359,1.5519492407079762,0.9997364580753829,1.51751420432891,-2.53894201750938,0.856901464587362,0.11388563116236206,0.6604590771496358,0.14313877440406547,0.1431387744040654,0.20633158214641922,0.2063315821464193,True
0.0,2.2982803300008445,1.623320776489383,0.6749595535114614,0.25474270347777983,1.168080616787463,0.6912057838281629,0.5745566839335008,0.33738360723153915,0.3997963880283167,0.39979638802831624,0.3497268209009972,0.3497268209009985,True
0.0,2.8294571488594475,1.7594331987882776,1.07002395007117,-0.665777205415579,1.017530968511894,0.6674500716422411,0.7211285029843537,0.14118390234704975,0.1837627638750819,0.1837627638750819,0.18065525440447175,0.18065525440447117,True
0.0,2.0905760124024084,2.013744788267032,0.07683122413537635,2.38655511309312,-3.4106271460544355,1.1423498375273,0.5576821713856024,0.6853473067690206,0.858789325579393,0.8587893255793934,0.9144812146660787,0.9144812146660786,True
0.0,1.8692185981557174,0.9008645010920229,0.9683540970636946,-0.017359927184606924,0.46695634693595345,0.389401877823268,0.032578179103053384,0.391655697993395,0.4316392288269502,0.4316392288269504,0.05894493908095286,0.05894493908095348,True
0.0,2.101018062327904,1.30262404564321,0.7983940166846939,-0.2514757014233164,-1.2355475145153754,0.688720272057884,0.2515726002041088,0.5002070527656172,0.3160178264134027,0.31601782641340276,0.2355091677676405,0.2355091677676408,True
0.0,2.9833724871839262,1.7352079237495681,1.248164563434358,-0.12495587179862999,-1.6414690985490865,0.90286752825111,0.9805687137761875,0.5744883591716464,0.06800288569380343,0.06800288569380333,0.17069136058879725,0.17069136058879733,True
0.0,1.4381390458229972,1.389692930512579,0.048446115310418314,0.3695892398968248,-1.3333481184974918,0.7897017642458751,0.5999709396645301,0.6072250365907015,0.9425190744513285,0.9425190744513284,0.9302504785520334,0.9302504785520337,True
0.0,1.5114963950456923,1.3487454407461656,0.16275095429952668,-0.3592226327614063,-1.4664393583576678,0.7520246073321942,0.7194868544798656,0.6918069501692841,0.8268017225396292,0.8268017225396291,0.776829410302089,0.7768294103020892,True
0.0,2.274630498865123,0.8813688335384615,1.3932616653266616,-0.4075014788150204,-0.6132450590968269,0.541849377126695,0.27185122388450234,0.5948170619870177,0.18104349896897673,0.1810434989689766,0.04747108259502406,0.047471082595024035,True
0.0,1.8332216578149199,1.0270414834550319,0.806180174359888,-0.05663438616626024,-0.20874897311427054,0.5754634003369391,0.42336434518845323,0.46043898053566273,0.4217657570981466,0.4217657570981467,0.19224694751443033,0.19224694751443078,True
0.0,2.6363164009735924,1.0582571556844678,1.5780592452891247,-0.2802396114853561,0.17429512357638455,0.4534728802598246,0.9951245147786068,0.29430955960407246,0.10930595615043698,0.10930595615043705,0.020779505524898472,0.02077950552489769,True
0.0,1.4572469936733798,1.1844441859536106,0.2728028077197693,1.6748309672731683,-3.0256658346728083,0.8473514836104679,0.7734969490611652,0.7446318808129342,0.7072578584441197,0.7072578584441197,0.6730792273068692,0.6730792273068686,True
0.0,2.813730323100836,0.9811572907626764,1.8325730323381595,-0.3827474524330304,-0.955515684931064,0.6508945641624359,0.082277291432021,0.6805498296692979,0.052261720641949866,0.05226172064194991,0.034310001194983626,0.03431000119498324,True
0.0,3.6377839964267524,1.9471286558287217,1.6906553405980307,-0.048409512134197065,-1.6403050063114344,1.1099711462034925,0.9474254136516436,0.6491066581892803,0.012307768045896665,0.012307768045896866,0.14441509232981703,0.14441509232981706,True
0.0,1.4268817314245463,1.0363068568257907,0.3905748745987556,-0.2185249160916261,-0.02196838406341839,0.4738715047423376,0.1526268284418773,0.5728024045782404,0.7386006850269384,0.7386006850269385,0.37924836667588907,0.37924836667588846,True
0.0,2.9392601292785066,2.7727350670830995,0.16652506219540708,5.539076689012837,-5.033254736491224,1.4251204016122978,0.42861226929843355,0.6792053503193006,0.625579740319915,0.6255797403199116,0.8448525145425366,0.8448525145425372,True
0.0,2.711401072522465,2.27980708167808,0.43159399084438466,-0.048209930011926284,0.5226919969307817,1.171630614643919,0.22182338646589417,0.48775649258367715,0.40232947892629073,0.402329478926291,0.6842154776353836,0.6842154776353834,True
0.0,4.5201311305441445,1.5952018992793862,2.924929231264758,1.1186006747489075,-2.5652280325715777,0.8551512149782261,0.8103896675425171,0.6907507149655989,0.00018886404857195637,0.00018886404857203906,0.012999427390564084,0.012999427390563844,True
0.0,2.2406916528095664,2.0144932888469618,0.22619836396260462,-2.006698884117726,-1.052302130455595,1.0013151426185691,0.5778674344883862,0.6664093963608936,0.6785527060212502,0.6785527060212505,0.786979437473144,0.7869794374731445,True
0.0,2.5484872874234314,1.8089076172547707,0.7395796701686608,-0.00843104372034847,-1.3000670115769344,1.2356293371637879,0.36713222130887335,0.5296365729768839,0.2352875064498441,0.2352875064498441,0.5075369284261558,0.5075369284261555,True
0.0,1.6487151927136692,1.6478644198452364,0.0008507728684328253,1.7586654196942901,-2.9750774811302323,0.9486965916031893,0.873197970754045,0.697939353896663,0.9986617667963757,0.9986617667963756,0.9988460073979044,0.9988460073979047,True
0.0,2.032542566208786,0.8190672818787632,1.2134752843300227,-0.5200947020476107,0.19222017638972466,0.4407331549698753,0.17635634558715357,0.008221003261565163,0.37125049180771597,0.3712504918077157,0.045354516378851316,0.045354516378852065,False
0.0,2.6967228226610582,1.6687666007109292,1.027956221950129,-1.3602074470705907,-0.9610902523910182,0.9424514903585008,0.990070852301877,0.6215518461205096,0.15271685374554503,0.15271685374554506,0.2892778620752611,0.2892778620752607,True
0.0,1.8116324626341889,1.6473770056075665,0.16425545702662236,2.6529627149377615,-3.4805490446262732,0.9513918296812017,0.8753094531892338,0.704278790101546,0.7581612951726474,0.7581612951726471,0.7931547359599992,0.7931547359599994,True
0.0,1.855403658267286,1.724146199816434,0.1312574584508519,0.2506388532028162,-2.2576684932805335,0.985382593600095,0.957083634038215,0.5224357002278583,0.8081709229474058,0.8081709229474053,0.8498091529762387,0.8498091529762386,True
0.0,2.7383969779096655,1.584625022053537,1.1537719558561286,0.522966440130973,-1.6781649892493435,0.7053187834994152,0.7554679877995587,0.6120639326629443,0.10102029595593012,0.10102029595593003,0.11951229269930942,0.11951229269930931,True
0.0,1.8114351396793535,1.506854706734289,0.30458043294506454,0.061326092855080505,-0.8074917153621942,0.6467509968551513,0.10749677914668576,0.5238272275443272,0.6538377152439008,0.653837715243901,0.553377043940345,0.5533770439403453,True
0.0,3.0651506159784203,1.7479325306274347,1.3172180853509856,-1.3676971488446577,0.4858511176113711,1.1587311328324417,0.3454634767900074,0.5812509103954668,0.0950565509374035,0.09505655093740377,0.44098415441968986,0.44098415441968897,True
0.0,2.198470611082674,1.5402694197420983,0.6582011913405759,-2.4047786495883825,-1.6173954826842218,1.0238242222646554,0.7363613549830248,0.2830837320412152,0.3900512361947534,0.3900512361947533,0.5422828212479365,0.5422828212479365,True
0.0,2.171772539302702,1.573673016296846,0.5980995230058559,-0.9434861253924625,-0.7363728339665753,0.7638610203505175,0.6794379315592383,0.6308323581945072,0.4088888574377683,0.4088888574377683,0.3971006275952146,0.39710062759521475,True
0.0,1.6704627124273987,1.5850441676014904,0.08541854482590838,-1.022705065965116,-1.8187594554804056,1.0417132358922794,0.4963528243886135,0.6820832657059421,0.8922052152187478,0.8922052152187475,0.9209403490420067,0.9209403490420068,True
0.0,3.0376472749068975,1.5215847952682722,1.5160624796386253,0.5037649219196512,-2.1027016466724904,0.800384737317437,0.28409397767184785,0.6614714229630869,0.04018090104915498,0.04018090104915496,0.08383283003230486,0.0838328300323045,True
0.0,2.0138747126393994,1.3894967310292152,0.6243779816101842,-0.7729991624844267,-0.44320342970474347,0.6161690437929824,0.19258081227548923,0.642018586720885,0.45100171156473967,0.45100171156473956,0.298128510734445,0.2981285107344453,True
0.0,1.5890011465572351,0.7968899479187272,0.7921111986385079,0.6728261089230323,-1.6873623910941873,0.46727827836407154,0.3331094166048995,0.6545102222568822,0.4302871624534839,0.4302871624534839,0.11101114525225082,0.1110111452522507,True
0.0,2.5667166536666906,1.9802252676319232,0.5864913860347674,1.9285267044201455,-2.8988434878153058,1.0344699086623115,0.46800319086332365,0.6592879967794789,0.27903950676998635,0.27903950676998635,0.4606081402556578,0.460608140255658,True
0.0,1.9868564908143198,1.5546340515183141,0.4322224392960057,-0.2016005700507755,0.1210080537456868,0.6673500490870614,0.6697583607206238,0.43779906678158254,0.5584504490525521,0.558450449052552,0.4683919101382934,0.4683919101382929,True
0.0,2.62037403277999,1.5568490297722408,1.063525003007749,-0.9291695127308531,-0.4599405284916287,0.7000241073370747,0.1904152079788204,0.6408264506629906,0.1640678893802491,0.16406788938024905,0.1640872617978757,0.1640872617978752,True
0.0,1.9410778927201573,1.2999618019992059,0.6411160907209514,0.3182839145073874,1.362356042506065,0.6808117689576338,0.31581722754407326,0.4328289771819998,0.5946660625817861,0.594666062581787,0.4121278892381243,0.4121278892381239,True
0.0,3.3121341752699407,1.5012617488221187,1.810872426447822,-1.4275566877495154,-0.38593086162115464,0.7488661684620609,0.4140086097122031,0.25484544151486227,0.027483171978559297,0.02748317197855922,0.06322149183060351,0.06322149183060381,True
0.0,2.7213528408117886,1.8261459502820976,0.895206890529691,-0.019708780539151625,-0.5067577384428203,0.7051372576776259,0.13118999338496584,0.5642653416304054,0.16723102848646776,0.16723102848646743,0.2088319220029392,0.20883192200293896,True
0.0,1.6746101537261384,0.8730892063545799,0.8015209473715585,0.25728038957546784,-1.4988579175734813,0.5561946663051772,0.02374171193806862,0.5555146034701057,0.41788525309431696,0.417885253094317,0.16390165848215088,0.16390165848215094,True
0.0,2.228285164997442,1.5594091560272643,0.6688760089701777,-0.3057607608557386,-1.6873883266618743,0.7502532521790174,0.8388783341563835,0.6788901025887313,0.3279211761419642,0.32792117614196425,0.3196303377701389,0.31963033777013844,True
0.0,2.2075102707112797,1.5408432096644706,0.6666670610468091,1.7278078277548792,-2.991451294404437,0.853613493218633,0.4797889822877115,0.6977966111733234,0.3036604381722174,0.3036604381722172,0.3458043149365293,0.3458043149365292,True
0.0,2.0361968222478133,1.571282478806669,0.46491434344114424,-0.10263490539874541,-0.5182031651879019,0.818402030531877,0.5764639631036816,0.5798478218570072,0.4986105258103167,0.4986105258103164,0.5119709374800265,0.5119709374800262,True
0.0,2.13546236914587,1.816077915902796,0.31938445324307385,-1.2998389213310864,0.8500554343779689,0.9548237920389399,0.3004023621062173,0.22166451613067595,0.7465038789603936,0.7465038789603933,0.8150570310431199,0.8150570310431211,True
0.0,3.450656705474807,2.0267243512318696,1.4239323542429374,-0.005548689766877834,-1.9069731039382267,0.9562996795082704,0.10039211218703054,0.6595755751530146,0.026195854518019264,0.02619585451801921,0.14466005459781806,0.1446600545978176,True
0.0,2.473095903368691,2.422018693687826,0.05107720968086493,1.7196691155903165,-2.7505426826066746,1.0688004390580095,0.41589296381857177,0.6339997238055375,0.8874522922212079,0.887452292221209,0.9366081304834905,0.9366081304834911,True
0.0,2.535936217811861,2.426153303982015,0.10978291382984606,1.0633015611231513,-2.4801232144882537,1.2942183510764402,0.5060259103704717,0.55140232331558,0.7728234958390311,0.7728234958390301,0.8962412270849386,0.8962412270849384,True
0.0,3.9151450740040317,2.093591044843448,1.8215540291605836,-0.7580169927572664,0.5903178718526001,1.0021093758340482,0.7070585862991315,0.5600508257169169,0.008871486091482446,0.008871486091482354,0.1411668485730234,0.14116684857302358,True
0.0,2.1677486536175716,1.1154158385593334,1.0523328150582383,-0.8076136725239753,-0.4639249819575836,0.6302553340121899,0.638936135500044,0.4325962368016947,0.2834034038553826,0.28340340385538254,0.1449200880709081,0.14492008807090845,True
0.0,2.0936617134464894,1.6910110589535152,0.4026506544929742,-0.5679902235961559,-1.4288690458481956,0.894621819468859,0.7595067323960392,0.4477843946515914,0.5191178956364662,0.5191178956364662,0.5821962684641774,0.5821962684641769,True
0.0,1.598958154728366,1.2476271511697745,0.3513310035585915,0.19448932101641228,1.1850181676913212,0.5689187882036806,0.5146248151791551,0.42580381603341405,0.8075127432066083,0.8075127432066084,0.5346940314730886,0.5346940314730866,True
0.0,2.212221778774476,1.6844210544608296,0.5278007243136464,-1.1782637676976553,-1.4638697697940732,0.8209288848986385,0.31312080353897925,0.688639657344785,0.4210236851392682,0.42102368513926813,0.45812403260684986,0.45812403260685036,True
0.0,2.767753238751228,1.427521539185314,1.340231699565914,1.0397428546727945,-2.070543506525024,0.6988855394413891,0.5597179902261937,0.6350054932694387,0.0721712851125942,0.072171285112594,0.07976174465132951,0.07976174465132967,True
0.0,3.0249280885619165,1.1601765116581997,1.8647515769037168,0.42287253262447416,-1.629427562493376,0.5407817141471879,0.38730632181954444,0.6799468757720923,0.028144064628585572,0.02814406462858569,0.015083041951621167,0.015083041951621138,True
0.0,1.6557213154150785,1.5758926244040046,0.07982869101107393,1.2411214424804338,-2.5120393156618235,0.9221889484158076,0.08884938145861754,0.5897169329125073,0.8862068003043688,0.8862068003043687,0.8966057471406811,0.896605747140681,True
0.0,2.6487914157258143,1.4305934090587902,1.2181980066670242,1.5130829874020868,-2.638327205935018,0.7421671877838634,0.14769032838797047,0.6901618752782154,0.0946127091455292,0.0946127091455294,0.108507603105865,0.10850760310586482,True
0.0,2.3495295836114294,1.9639952495444535,0.3855343340669759,-1.3577369960924786,-2.0697900256155113,1.1078635050450778,0.4325510321397035,0.6986284759857159,0.4808448655784072,0.4808448655784072,0.6698221313179631,0.6698221313179634,True
0.0,1.680676146241381,1.64835006235814,0.0323260838832411,-0.41849648091523517,-1.244438015058961,0.8582274427684824,0.7345019350697339,0.60414913795069,0.9561447709990115,0.9561447709990115,0.9573127775951144,0.9573127775951148,True
0.0,1.5350689396473418,1.0929858292430106,0.44208311040433124,0.19931476355410252,-1.2565757477685395,0.4907322982223201,0.6048391173564178,0.6635692841085461,0.6138641908797442,0.6138641908797443,0.3138571830047872,0.3138571830047874,True
0.0,3.1625531646152463,1.5633671786590073,1.599185985956239,-0.5238161474753024,0.6665180609255863,0.7825155737013648,0.6462829946586284,0.5164911610252969,0.053003519231261176,0.05300351923126135,0.1106413933932994,0.11064139339329987,True
0.0,2.8881063766492,0.7137476301397373,2.1743587465094625,0.006247699376553963,-0.38438057636917833,0.2976889356685142,0.22436753081966054,0.5604144811021783,0.03820562124499667,0.03820562124499677,0.0008430726751240345,0.0008430726751244449,True
0.0,2.3853428188816865,1.9416022781891458,0.44374054069254076,0.4300165408798194,-2.2140646396971326,1.0693181367443467,0.9461110114483353,0.6604018510995642,0.4112741507914547,0.4112741507914544,0.589168612604528,0.589168612604528,True
0.0,1.43478714568334,1.3519288272448478,0.08285831843849234,-0.6439867785145699,-0.33932263102730165,0.5839186838522257,0.6339612149922531,0.6309684598596821,0.9266459060630354,0.9266459060630355,0.8484275148567763,0.8484275148567759,True
0.0,2.5919594421770626,1.5509840144145393,1.0409754277625234,-1.2146808694280118,-1.2522023870772463,1.0635375447430955,0.3463150210465963,0.633550952581724,0.16193687589901767,0.16193687589901765,0.34906653722840814,0.349066537228408,True
0.0,2.170388753093,2.0797850787184764,0.09060367437452355,-0.3995362266301152,0.3564627279182804,0.9293146186100165,0.014404309042515384,0.5269867259556239,0.8595193206399037,0.8595193206399038,0.901477488760169,0.9014774887601691,True
0.0,2.202777705547923,0.5152679246528697,1.6875097808950532,-0.104522192142868,-0.5624773967596313,0.31649125580540277,0.44767993036279924,0.6854494010330865,0.16953765856063976,0.16953765856063982,0.002794857670610756,0.002794857670610816,True
0.0,2.5172199801266335,1.6943008371351356,0.8229191429914979,2.6806122499527048,-3.317971633596315,0.9128320059938752,0.012489528767327174,0.6654063517616429,0.18648953816434488,0.18648953816434455,0.2842524061796514,0.2842524061796515,True
0.0,1.1539590676930915,1.041775998926061,0.11218306876703044,-1.1093026203941716,-1.0007711545762943,0.6483462720887346,0.7102644424789266,0.715685304566825,0.9361407339091852,0.9361407339091854,0.8456761293827085,0.845676129382708,True
0.0,2.006959731212051,1.6236820598200064,0.3832776713920447,-1.9357101571423379,0.3072206324335174,0.9652251488577719,0.31814172611121333,0.0687410458426343,0.758662524829485,0.7586625248294847,0.8138198865680095,0.8138198865680097,True
0.0,2.909260163562407,0.9427457485341051,1.9665144150283018,-0.5931862948056904,-0.5357351449862602,0.6921700853752898,0.9504693661200778,0.3544217179345854,0.04614685238684769,0.0461468523868477,0.03908171769555842,0.039081717695558515,True
0.0,2.7079586087805865,1.6632052336245062,1.0447533751560802,0.9427365809086125,-2.04518594112364,0.735641602489576,0.7229432710931418,0.6435555785421948,0.11851041101350332,0.11851041101350335,0.15201311445477259,0.15201311445477225,True
0.0,2.5314418686180495,0.9368156905044476,1.594626178113602,-0.2170942137407577,-0.24301376421321474,0.40739070638294755,0.09954756004699705,0.6142221369769487,0.1122118742382156,0.11221187423821562,0.012485759343700348,0.01248575934369938,True
0.0,1.7588139942651497,1.3412115172386059,0.41760247702654385,0.08470486771179954,-1.3605081561768395,0.6933420473356597,0.9628626127157397,0.6517132955240467,0.5739293156255647,0.5739293156255649,0.46995521595995254,0.46995521595995204,True
0.0,2.4896458120171396,2.0568340911099323,0.4328117209072073,2.72813792657827,-3.384743282419249,1.1944787107793051,0.5851588198375075,0.6353337168802284,0.38562650548955557,0.3856265054895557,0.611234568233445,0.6112345682334449,True
0.0,4.1712876985395395,1.514361353064611,2.6569263454749286,-0.2601652077750996,-2.1363102515649595,0.8512440761853459,0.8058071506192215,0.7130607564683124,0.0008427928636297302,0.000842792863629755,0.02023452893805925,0.020234528938059004,True
0.0,1.1736117485554385,0.9366253996252804,0.23698634893015813,-0.6828955289189497,-0.6832548782935497,0.633111953023069,0.16651056859999525,0.6330675350523675,0.8688643694575616,0.8688643694575615,0.6967940909960241,0.6967940909960242,True
0.0,2.4693571263842866,1.3540636293541821,1.1152934970301045,-2.492784781330693,-0.6227637997696676,0.8143647966921409,0.22626643022702497,0.7029215926629346,0.2627312133017644,0.26273121330176435,0.26303069830149867,0.26303069830149955,True
0.0,2.2709137870369958,2.1538695885868266,0.11704419845016911,1.7910551255734,-2.965064415916302,1.1653161572429382,0.39586266634116374,0.5872182318869822,0.7808302423950265,0.7808302423950273,0.8753853269975854,0.8753853269975855,True
0.0,3.0030173761733545,1.6621792555858899,1.3408381205874647,-2.4812887204590126,0.16162671686901176,0.7686060468094345,0.8940661676327564,0.016181941097120234,0.1330113195294175,0.13301131952941683,0.1706131212883862,0.17061312128838463,True
0.0,1.8445996137976306,1.727700843844424,0.1168987699532067,-3.002938619742383,-0.022704456617864244,0.946591269957198,0.7945534459725707,0.01678767657488106,0.9711507780075901,0.9711507780075911,0.9597278456548429,0.9597278456548417,True
0.0,1.8411770501609055,1.6418425868713629,0.19933446328954263,0.08195772746003019,-2.9584571491959095,1.0857647095011165,0.6035439273718304,0.7331907565590137,0.7285727121959298,0.7285727121959297,0.807092320641946,0.8070923206419461,True
0.0,1.0995939461860735,0.9630783595011579,0.1365155866849156,-0.7804612413715527,-1.2811086589326397,0.6290312399856391,0.9532820328722873,0.7236333578856088,0.9146184722380472,0.9146184722380474,0.8021909461245106,0.8021909461245108,True
0.0,1.7807610671334548,0.9105618769493979,0.8701991901840569,-0.3736426030184667,0.3917089210194369,0.5366173679359734,0.8579688689343232,0.3056593468104529,0.5473145158794305,0.5473145158794304,0.1763671502975966,0.1763671502975959,True
0.0,2.5298922176811387,1.8840921959679826,0.6458000217131561,5.032735552517848,-4.58760790825634,1.2478301758763082,0.34876466296750785,0.711912392512009,0.24323655960993756,0.24323655960993742,0.4868466265744832,0.4868466265744833,True
0.0,3.0930102567379265,2.8628669786299237,0.23014327810800284,-0.16089165441240794,-1.086488952806511,1.4077368883725554,0.9350632203421348,0.5877303596349644,0.529409052209088,0.5294090522090864,0.8209523759057106,0.8209523759057106,True
0.0,2.958086809809676,1.7788483058496598,1.1792385039600162,-1.5487929591367642,-0.4736971989022186,0.8878466476787138,0.2596005394861841,0.29625914080497884,0.09986445867464629,0.09986445867464648,0.2228525168355436,0.22285251683554363,True
0.0,2.443982587317213,1.7733415765127052,0.670641010804508,-0.9148755450193193,0.24499225753945653,0.9733614214282252,0.27437246821173356,0.5517602898973639,0.34584242639895096,0.3458424263989511,0.5124537488919023,0.5124537488919026,True
0.0,2.531070743961593,1.3841432459772878,1.1469274979843052,0.5602665471998254,-1.632853742146552,0.6355546643599126,0.2445047620052897,0.6075582516501447,0.12910072383072432,0.1291007238307242,0.09673410707215628,0.09673410707215611,True
0.0,1.914418573766292,1.745351922668184,0.16906665109810803,-0.8114981859967633,-0.7852640233440406,0.8346420345438885,0.6356062349787828,0.572627904604779,0.7797140186382432,0.7797140186382431,0.7918236556851256,0.7918236556851255,True
0.0,1.2609698399914586,1.045131443993064,0.21583839599839472,-0.9381836504884743,-0.8793680190235941,0.663191680615355,0.17361712070043905,0.6970244677375121,0.8637639182470059,0.8637639182470062,0.7235764536794113,0.7235764536794115,True
0.0,2.4248099560685676,1.7220593181896446,0.702750637878923,-0.6661562302849305,-0.49812808280276244,0.9529506275054542,0.3252617117318696,0.6160109453644412,0.2982836685393908,0.29828366853939065,0.4375196077408496,0.437519607740849,True
0.0,1.9133885216559994,1.8181599632933325,0.09522855836266686,-1.9310818106908239,-2.127801188789104,1.1791526443227365,0.6696969848651712,0.6424574627119505,0.8634649150226127,0.8634649150226129,0.926334922760859,0.9263349227608592,True
0.0,2.3229665123230587,1.1298303007766812,1.1931362115463775,-0.17613653200816012,0.1588257493446963,0.5975116716731861,0.7877068628038985,0.3711781498941977,0.2135746992557811,0.21357469925578096,0.09979918895370937,0.0997991889537098,True
0.0,2.9772469505101253,2.509871950313779,0.46737500019634615,-0.3772482848537726,1.5683785888445971,1.1016081630039711,0.8504879585753425,0.3950001013274106,0.3821125258073266,0.3821125258073285,0.7189051491457296,0.7189051491457258,True
0.0,1.8399778826991349,1.3161505228358097,0.5238273598633252,-1.3249129369188044,0.020162562970243325,0.757810479597009,0.35185925493206177,0.10850274993165443,0.657655451043868,0.657655451043868,0.5285270425603561,0.5285270425603572,True
0.0,3.1130604016253063,2.678859138214391,0.43420126341091514,-0.08254737672003949,0.4816553220132871,1.1514814747832098,0.8759598867667839,0.4979784966297763,0.3295498634615192,0.3295498634615201,0.6553099958544434,0.6553099958544445,True
0.0,2.5614437272517523,2.3682224883392933,0.19322123891245901,0.11804936850158965,0.964028442252912,1.0881347239875874,0.8658878141016632,0.481252438642891,0.6784954764851001,0.6784954764851,0.8373581650050383,0.8373581650050383,True
0.0,1.6187800257054232,1.2429234070740534,0.3758566186313699,0.8152365574898444,-1.969400004937143,0.5852435281849527,0.5879112269432656,0.675584835758978,0.6130600498649819,0.6130600498649821,0.4259090774354469,0.425909077435447,True
0.0,2.0263994071377045,1.9258527011212434,0.1005467060164611,-0.334580030760997,-2.047378192503597,1.0816030880744916,0.1134130852967199,0.680847945967636,0.8370859438921724,0.8370859438921726,0.8959655964650292,0.8959655964650292,True
0.0,2.997269052206113,1.2174290727662933,1.7798399794398196,-0.14446531148248468,0.374093516892658,0.6147272057709333,0.3734926124852318,0.5424227905720148,0.050351062670778234,0.050351062670778296,0.03811420999473391,0.03811420999473438,True
0.0,2.2685829135315814,0.6664775321619403,1.602105381369641,-0.0001702875169589948,-0.6273754895746204,0.40702361181589325,0.08503553709926787,0.5017993495267993,0.1498502595089399,0.14985025950894,0.010124800978652477,0.010124800978652362,True
0.0,1.8261285470328046,1.6222680008709813,0.20386054616182325,-2.5279031139858246,-0.11435063613875207,0.8403885733235278,0.8469102123942382,0.06397023770846316,0.8910892286495811,0.8910892286495812,0.8383283038790991,0.8383283038790976,True
0.0,2.63732273320713,1.4462990184954818,1.191023714711648,-0.039904932054388505,-1.0626446251190664,0.6910091281726706,0.24299540789859747,0.5486524265830242,0.11728733244258244,0.11728733244258252,0.11454089367473776,0.11454089367473731,True
0.0,2.648999458820252,0.9181830564640113,1.7308164023562407,-0.43892976558618935,-0.24802586605208898,0.5246993135226083,0.4409988538672406,0.6514129317985572,0.09084836903975463,0.09084836903975463,0.022574704625831558,0.02257470462583192,True
0.0,2.8450871154738935,2.391031740105061,0.45405537536883234,-0.7837941400646614,-0.7394587906616409,1.2254269512969493,0.6754055383540702,0.6052322360530654,0.3466940653498604,0.3466940653498608,0.6568081515891209,0.6568081515891213,True
0.0,2.358554991414734,1.8154880969944072,0.543066894420327,0.6443446378848733,-2.836594505386345,0.9346165830737051,0.5083733438731572,0.7004737916389654,0.3463778920856205,0.3463778920856203,0.46132680945185534,0.46132680945185583,True
0.0,1.4923717214679821,1.2273059093795515,0.2650658120884306,-1.546140643574664,-0.010084089931436058,0.6304933324323956,0.8238770756973601,0.01548585703693195,0.926610657304722,0.9266106573047224,0.6738030517773052,0.6738030517773057,False
0.0,1.807330728774597,1.14150195551642,0.6658287732581769,-0.11607477873500634,0.46886687344320377,0.49099710329569407,0.07945973508562937,0.522782866884272,0.5378731227990458,0.5378731227990458,0.20985721826764675,0.20985721826764642,True
0.0,2.8229688244212023,2.3707346384444015,0.4522341859768009,-0.5476766043444055,-0.26851248405990646,0.956924241643885,0.8591092199430663,0.5413307041246865,0.3563611822627217,0.3563611822627213,0.5682916656320709,0.5682916656320716,True
0.0,1.888711120522061,1.205723088778446,0.682988031743615,-0.005246830417155196,-0.5870341319451383,0.5742301049070663,0.5985558321945283,0.5938492597557871,0.4253283814250475,0.42532838142504753,0.23001237473387526,0.23001237473387529,True
0.0,2.529579576840119,1.857691764373406,0.6718878124667127,-1.2462567805880798,0.8236518391647722,0.845027943639172,0.4985314706938594,0.1287200381711286,0.40122498242027915,0.4012249824202792,0.4776502040562908,0.47765020405629366,True
0.0,2.3132320699821824,1.2967338305002534,1.016498239481929,0.44061923397934777,-2.253862908184927,0.7597134937239517,0.24788962085728167,0.7193657596250914,0.18687540053743273,0.18687540053743268,0.17435979221334955,0.17435979221334968,True
0.0,2.424524609943239,1.5943393529149275,0.8301852570283115,-0.8674385401329416,-1.5417065652170145,1.0784801292708508,0.5992588573626794,0.6329865105299279,0.23645388055523797,0.23645388055523797,0.42533817610649666,0.4253381761064964,True
0.0,1.8043956266261705,1.2985181905257734,0.505877436100397,-0.027807318383219377,-0.47825733854136676,0.6131221428164098,0.6196831679315512,0.5820835727591613,0.5342388646154922,0.5342388646154921,0.36497982593967865,0.3649798259396783,True
0.0,3.557162487196657,1.3848746591146721,2.172287828081985,0.14143317420991278,1.2275429497367636,0.6432569096244575,0.49887739861417474,0.21513572905421025,0.01578149043549372,0.015781490435493803,0.029272746814229728,0.029272746814230494,True
0.0,1.582685475699854,0.8131680765210648,0.7695173991787893,-0.46453094940078493,-0.7821267275076285,0.44785443176936723,0.12501235352073298,0.7058518852857971,0.5275825230302857,0.5275825230302856,0.12506596501806236,0.12506596501806252,True
0.0,2.7133605727534698,0.957003788424736,1.7563567843287338,-0.6425860693412713,-0.324333733595248,0.5033255023650967,0.4160144574968426,0.24782251018343132,0.08263568544767712,0.08263568544767716,0.018585455417199002,0.018585455417199276,True
0.0,4.0187647436021035,1.312841117801964,2.705923625800139,-0.540953871279986,-0.664775919990871,0.6247737584091253,0.781127870230544,0.6144914887464386,0.0015789861442625252,0.0015789861442625068,0.007733262010130562,0.00773326201013079,True
0.0,2.0080709080679413,1.8642812395631936,0.14378966850474773,-1.0438776771954956,-1.8125113332922742,0.9672371289144878,0.15909451000729408,0.6837436539505866,0.7869686048958896,0.7869686048958898,0.8399926793902533,0.8399926793902538,True
0.0,1.7322298476366367,1.5109894058552384,0.22124044178139823,-0.642288073251012,-1.85130501566425,0.9141294169963932,0.6926792072692426,0.7063063406547916,0.7389028972905682,0.7389028972905684,0.7606347272710333,0.7606347272710332,True
0.0,2.7404284357108315,1.421500074264621,1.3189283614462104,-0.021357755292378197,0.12538281895555903,0.6739419057491466,0.8538793089813844,0.4708135028148555,0.1037704050127466,0.10377040501274659,0.09981068072763108,0.09981068072763143,True
0.0,2.725545685268357,1.1729812522315017,1.5525644330368553,0.16245542781566674,-1.6451885045037684,0.6822611795976782,0.7208253184966246,0.5216947226675365,0.06556922728240086,0.06556922728240085,0.05540084774987798,0.05540084774987777,True
0.0,2.9000636736046923,1.8431293225188978,1.0569343510857945,-0.5262894851407616,1.6084905192987833,0.6872687402773627,0.6978651610635023,0.012019956793158315,0.26294242128835155,0.2629424212883521,0.22142451079972844,0.22142451079972528,False
0.0,1.8471096932732858,1.1531970459571623,0.6939126473161235,-0.6055784230984947,0.3352779629758862,0.4865443586650805,0.6292135144411493,0.14120545893367265,0.5638718467253447,0.563871846725345,0.1967214469891818,0.19672144698918084,True
0.0,3.5881108145091627,1.4119521475497585,2.176158666959404,0.2437810211861375,-1.2331625803481012,0.623130339268932,0.5696368840563063,0.6136632853111791,0.006738149319474127,0.0067381493194741664,0.01564830301256579,0.015648303012565933,True
0.0,2.7445408549641654,1.9253833797358826,0.8191574752282829,0.1913152704796117,-1.789456405997788,0.8323518286354501,0.2614493368989468,0.6502979809891298,0.17189818033697354,0.17189818033697354,0.2757788508842888,0.2757788508842893,True
0.0,1.7164171955504817,1.6548054057781325,0.06161178977234916,0.013593220005647786,1.0051559623361133,0.8072619100910035,0.7026688371046896,0.3708300514179791,0.9404008087396911,0.9404008087396912,0.9330960144840804,0.9330960144840817,True
0.0,2.2899501831313334,1.0934343893210086,1.1965157938103248,0.3119846632222997,-1.233382498892275,0.5310896669470234,0.19347336580650748,0.5785526946313853,0.16885158159210956,0.16885158159210945,0.0584249633407931,0.05842496334079316,True
0.0,1.7243939003498394,1.7191529746768766,0.0052409256729628595,0.46516939219401193,-1.9917966969482923,0.8548404821007327,0.17503333915967462,0.6113997778352568,0.9918663950017413,0.9918663950017415,0.9922496035090451,0.9922496035090447,True
0.0,2.0937566733745534,1.3202607153596413,0.7734959580149121,-0.20857157022205122,-0.6114542889185205,0.5957156305203611,0.45215936567676474,0.4761369867921603,0.3404560233802093,0.34045602338020936,0.20164835606896298,0.20164835606896372,True
0.0,1.6207716398291327,1.5684125805001639,0.05235905932896889,1.787194549278967,-3.1377718157587506,0.8866436882936999,0.8475967654796588,0.7149219002458003,0.9231632451501278,0.9231632451501283,0.9257616381306055,0.9257616381306051,True
0.0,2.453289384656035,1.340118463281735,1.1131709213743,-0.9147980912442434,0.6593885927205032,0.6480523027308039,0.23660376530051558,0.01144028085802673,0.3034552689532886,0.30345526895328856,0.16577893099034233,0.1657789309903414,False
0.0,2.367461762111702,1.8431353557253545,0.5243264063863473,0.9291022065167068,-2.5871439408338563,0.9044622651087134,0.6630884097283312,0.6751034066698309,0.3550817269377322,0.3550817269377322,0.4590317360158114,0.45903173601581154,True
0.0,1.6049898647645446,1.4296435676149832,0.1753462971495614,1.912312679966346,-3.1396788894711753,0.8941148184452634,0.7161229279112691,0.7204378276259034,0.774063836726813,0.7740638367268131,0.7773377010331632,0.777337701033163,True
0.0,1.7435108032163436,1.5853250202547053,0.1581857829616382,-2.5307353800262566,-1.3880085820237182,1.0197453168601736,0.4921523542322438,0.6814427287067144,0.8402771354793107,0.8402771354793107,0.8864237165652711,0.8864237165652714,True
0.0,2.1451422217695835,2.123470359235108,0.021671862534475395,0.4694528619997963,-2.8544183773509317,1.114753379300275,0.9643137802847963,0.6563738684317921,0.9577292819455464,0.957729281945547,0.9754817890384028,0.9754817890384028,True
0.0,1.7305238831737972,1.1492305216393093,0.581293361534488,0.8899127866578694,-2.066735092633841,0.6916930341444454,0.5701336711635901,0.6058169642003536,0.4645130973454844,0.4645130973454845,0.3375436588771998,0.3375436588771997,True
0.0,1.444217705984864,1.1143342891566934,0.3298834168281706,-0.7300405367574632,-0.850912743635562,0.8096094541455869,0.21068554465630518,0.38080744005795636,0.7497453633221626,0.7497453633221627,0.6825725421965227,0.6825725421965226,True
0.0,1.8695019111801436,1.284745543352962,0.5847563678271817,-0.6554136851587964,0.39152926092796125,0.5651467261195536,0.6852936983928101,0.16637317916401306,0.595229034100753,0.5952290341007529,0.31582391282009353,0.31582391282009403,True
0.0,2.744909869510162,1.011662545144747,1.733247324365415,0.4146672848861588,-1.502663087505973,0.6015808729529162,0.1960692460175003,0.6791502495519053,0.05287448407880851,0.05287448407880849,0.026803565179842278,0.026803565179842028,True
0.0,2.2903731892989696,1.3221928129431624,0.9681803763558072,-1.2495191492654079,0.16970396881405891,0.7738368339322134,0.5868553508034032,0.6249592204242419,0.3479438350076238,0.3479438350076238,0.29487999148227007,0.2948799914822699,True
0.0,2.3660194017293437,1.8331390259831226,0.532880375746221,-0.21767362298437784,-1.249822061179574,0.8562307744114525,0.6027147611090445,0.48970880444217707,0.37147368196715,0.3714736819671498,0.4568305544967065,0.45683055449670606,True
0.0,1.8694703963148558,1.627379357440999,0.24209103887385686,-3.6608194807222296,-1.3550074176664237,1.0475927397773743,0.14602384070992974,0.7269510653716029,0.7962316117055049,0.7962316117055062,0.8817820464182271,0.881782046418226,True
0.0,1.9713088123356557,1.0350549476107087,0.936253864724947,1.7204459984515816,-2.6931817454261884,0.6938198219833112,0.3108263411659088,0.6929859062416215,0.2601355960290244,0.2601355960290245,0.16495015612374234,0.16495015612374248,True
0.0,1.1757448856546344,0.7464510844195751,0.42929380123505934,-0.25235521100816155,0.38199410184536386,0.4621225505498678,0.9109634737607781,0.20017736178470935,0.8857023465203745,0.8857023465203745,0.39546910135161695,0.39546910135161645,True
0.0,2.2368068217356014,2.162878765660282,0.07392805607531949,2.257934505946222,-3.493546741202369,1.231392557822585,0.7473471072808566,0.6226603049513961,0.8548874586363812,0.8548874586363822,0.9235980014087489,0.9235980014087485,True
0.0,1.7340426734643941,1.5120494917582648,0.22199318170612936,-1.0045891955630462,-2.28891137744176,0.9967403676976697,0.11930397367189022,0.7342334557198442,0.7382622820267123,0.7382622820267121,0.7874738421216138,0.7874738421216142,True
0.0,2.254565425915702,1.7110259196890523,0.5435395062266499,0.9531662948325593,-2.927805984789253,0.9975275940674264,0.9596092928093385,0.7117280996981246,0.36321767979841746,0.36321767979841735,0.4903588889300296,0.49035888893002977,True
0.0,2.3958887758895533,1.763241889160922,0.6326468867286312,-3.433980612761612,-0.12122565815176845,0.9392603332383658,0.42512141557870187,0.020805814148616708,0.5733797719586821,0.5733797719586796,0.6584752006921414,0.6584752006921406,False
0.0,2.140627815308652,1.4644137766908112,0.6762140386178408,-1.4572645930112134,0.04764508373640619,0.7727806445049863,0.0326068482657329,0.25001723664442393,0.47954201114582856,0.4795420111458288,0.41914004741392463,0.4191400474139255,True
0.0,3.0822010627492733,2.299931532079271,0.7822695306700025,-2.860931502769025,0.8053682758308132,1.0278446748877403,0.82308644663155,0.06963145800527926,0.2656869107386121,0.265686910738608,0.6157845242297276,0.6157845242297288,True
0.0,3.5043383187735473,1.9234738741883255,1.5808644445852218,-0.00880903393546033,-0.6368287935619665,0.786380033462695,0.318726036038111,0.55847984441815,0.020183347969522904,0.020183347969522817,0.08594126892022992,0.08594126892023041,True
0.0,1.8337343707619729,1.2717906380346438,0.5619437327273291,-0.45520095798752436,-1.2210471873969924,0.6792365616823665,0.6026549603509356,0.6792427571059856,0.4915887636871152,0.4915887636871153,0.36454153273373224,0.36454153273373274,True
0.0,2.081925891430456,1.6512614719244432,0.430664419506013,-1.2416668015771424,-1.1734898580159927,0.9408727815936133,0.680078644499066,0.6779219854940423,0.5217583645976757,0.5217583645976758,0.6061598186937535,0.6061598186937532,True
0.0,1.4336925496819024,1.1899365269805466,0.24375602270135577,0.34366505488153837,-1.5601502333169321,0.6253079855731858,0.25752484437456225,0.6665430309557835,0.7585205487629371,0.7585205487629373,0.612429077687877,0.6124290776878772,True
0.0,2.1429901575700887,1.6360633584107058,0.5069267991593829,-0.2759082825613717,1.0230417969971035,0.8363741753042481,0.9485553738563155,0.31040486483933005,0.5602719661951856,0.5602719661951857,0.5772939905502794,0.5772939905502792,True
0.0,1.196569645493652,0.8193037346232759,0.3772659108703762,0.1376118930951272,-0.7559427126500398,0.364543917761455,0.13598314177286058,0.5892639900676477,0.7491368541366197,0.7491368541366195,0.2718945045053104,0.2718945045053103,True
0.0,2.6920162783542967,1.4769206609745589,1.2150956173797378,-1.3696234171522081,-0.7397162674451737,0.8732603230660568,0.4817823793461551,0.6344401813192633,0.12984200767652343,0.12984200767652343,0.2115533517768846,0.21155335177688392,True
0.0,4.123897250440059,1.8904086970792129,2.2334885533608464,-0.4680672886985479,-0.26489961071389934,0.7921080196400778,0.2652214947719087,0.4167785265514389,0.0022865095637077007,0.002286509563707805,0.03814960192470331,0.038149601924702944,True
0.0,2.657670382200572,2.0696860063719593,0.5879843758286127,-0.2456811980425117,-2.982412205028215,1.1903702639382496,0.05740990577286148,0.7126205968807027,0.2738627430140968,0.2738627430140965,0.5358329161151,0.5358329161150998,True
0.0,1.872949204540372,1.7389723359979696,0.13397686854240232,-0.609971513662483,-0.7976426678493763,0.9383098654504753,0.012872056330796244,0.45162662080982763,0.8210630958287629,0.8210630958287627,0.8551071958740846,0.8551071958740842,True
0.0,2.5341472384314887,1.4398725447363863,1.0942746936951024,-1.3580425688528053,-1.3688174726414604,0.9083720591000499,0.01645297824342251,0.6844086552687553,0.16397029770912488,0.16397029770912497,0.2533247987799975,0.2533247987799981,True
0.0,1.1807660067325636,0.8139522603852614,0.36681374634730224,-0.28429154246313915,-0.8268841148714664,0.4866630412795084,0.5940454062533227,0.700244617905738,0.7821182647822752,0.7821182647822753,0.41906470018105146,0.4190647001810517,True
0.0,1.7943327872283183,1.4205951475784322,0.37373763964988616,-0.7774577704486122,0.6588442867341635,0.8563654963760711,0.8424158147771005,0.5798952033271542,0.7702743275953458,0.7702743275953462,0.7308704416596822,0.7308704416596826,True
0.0,2.9427939527324174,1.213241306206449,1.7295526465259683,-0.5710197038318877,0.7031483964118541,0.5750423021750792,0.5956507275734206,0.026786273019528795,0.08550533920010243,0.08550533920010249,0.0395636844401085,0.039563684440109485,True
0.0,2.202127523185842,1.6164695561448506,0.5856579670409916,-2.616012323086235,-0.3285103164291241,0.974543549661748,0.8364358736711144,0.13113409150898125,0.5383999537816313,0.5383999537816316,0.6595225888439153,0.6595225888439148,True
0.0,2.4304322866527186,0.8758867636565777,1.554545522996141,-0.9607329168693814,-0.28762290400789325,0.5252980527947646,0.553663893868775,0.03209091857308538,0.17559152986367818,0.17559152986367815,0.035478225407970757,0.03547822540797031,True
0.0,1.6903423556401638,1.6732303040157015,0.017112051624462277,-1.571847663940567,-2.5948399630536345,1.0893396944395957,0.4185405643700214,0.7377661925034714,0.9762633105207466,0.976263310520747,0.9843332592155188,0.984333259215519,True
0.0,2.2349738981758924,1.4038958299618334,0.831078068214059,-0.16784717807189203,-1.5343141029685117,0.7736159735653884,0.9294951181789516,0.6715813846444221,0.266358892245136,0.26635889224513615,0.2593590260583623,0.2593590260583623,True
0.0,1.692077850141956,1.395316337482494,0.29676151265946205,2.172519872304808,-3.126263651693363,0.8303419150515208,0.6629666350897371,0.7137333666253312,0.6416261877480715,0.641626187748072,0.6215786376293475,0.6215786376293473,True
0.0,1.8171861135226173,1.2920355877668983,0.525150525755719,-1.4248468387980993,0.13104383473181103,0.7202318448017676,0.725892267699051,0.0404564145927665,0.717765614432413,0.717765614432413,0.5140460373600314,0.5140460373600321,True
0.0,1.6645984887803997,1.2470592561636968,0.4175392326167029,2.879568989977954,-3.400278592680376,0.8918196782405003,0.09041077437540807,0.6990566988647181,0.5473328788124291,0.5473328788124293,0.5441577678374345,0.5441577678374342,True
0.0,2.539956579653921,1.8381705348225168,0.7017860448314042,-0.7223778399486196,0.2138577204076635,0.9356561875293767,0.393777631883811,0.32240701758094725,0.29817391728861314,0.2981739172886131,0.4528119273227324,0.4528119273227323,True
0.0,2.075247812257287,1.438616228363396,0.6366315838938907,-1.4692604946267676,-1.4673868315807288,0.9088786167806621,0.6226589745347713,0.6398062284993208,0.4119867260355047,0.41198672603550474,0.46957466022632005,0.4695746602263195,True
0.0,1.399184014349812,1.0910939033246287,0.30809011102518324,-0.09311991382587625,-0.35907778312956495,0.5690076996305097,0.2971709870962184,0.5969397865162671,0.759107604037423,0.7591076040374231,0.5332191486083511,0.5332191486083511,True
0.0,1.9873195837683573,1.43190818053494,0.5554114032334172,-1.104743562940066,0.3680828539946164,0.7758171427639945,0.03662347038392372,0.11827739786678115,0.6044362305158598,0.6044362305158598,0.5159262649411664,0.5159262649411662,True
0.0,2.0608297585075195,1.9115377833993745,0.14929197510814496,-0.2998224246643386,-2.2276695459642752,0.9252326626642259,0.27182490820539146,0.6878040073371429,0.7655946575152213,0.7655946575152213,0.8150149544642631,0.8150149544642639,True
0.0,2.093471511245642,1.247913135358395,0.8455583758872469,-0.3456101429793853,-1.2753306388380756,0.5935446070395314,0.2843913019921639,0.6811708309474167,0.30499885538530713,0.3049988553853071,0.1658026774002043,0.16580267740020468,True
0.0,2.166914869585644,1.4199932782290232,0.746921591356621,-0.38524844841987244,0.5485275680651855,0.7539077599764755,0.2061908148366564,0.5397098307131387,0.4064892646253122,0.4064892646253122,0.3580530047596688,0.35805300475966956,True
0.0,2.8133410776600476,1.908904781887519,0.9044362957725285,0.37407027570482654,1.6343354134167916,0.9722708133813613,0.8467816324888104,0.358262052448702,0.21920629859484814,0.21920629859484755,0.4443600972191697,0.44436009721916964,True
0.0,2.787989120567742,2.4265036112277167,0.3614855093400253,-0.3607177534901498,-0.9078954085606081,1.2312979503694426,0.567730661607763,0.48009744890011585,0.42643855464651736,0.4264385546465174,0.7073869888628163,0.7073869888628158,True
0.0,2.770683261383987,2.5054319787813286,0.2652512826026583,-1.0174338210385538,-2.406876564808156,1.3279677472892215,0.23850290941536156,0.4723646811588055,0.5236145099710829,0.5236145099710827,0.7859594416913568,0.7859594416913575,True
0.0,1.9900517821492683,1.4548738149689358,0.5351779671803325,3.450022682436584,-3.906880769494781,1.0470430902776378,0.40890778909641684,0.6822787445112252,0.4016978374231453,0.40169783742314535,0.5087036205609852,0.5087036205609854,True
0.0,1.7831482466081183,1.2620064113521383,0.52114183525598,-1.0731861226910124,-0.7881967769521427,0.774460222289602,0.5412002102012592,0.3211113683900356,0.5715685005013028,0.5715685005013027,0.49226718924887414,0.4922671892488748,True
0.0,2.965853624263483,1.8874559256270735,1.0783976986364097,-3.304550565380489,-0.4782991395766416,1.0832621204450608,0.8741196556548276,0.64046101372502,0.14772093050898966,0.14772093050898996,0.45732413646634734,0.45732413646634895,True
0.0,3.564002582288991,1.6057669834031887,1.9582355988858025,-0.5559233659214894,-0.14388384485156336,0.8473170984811302,0.35830067750017563,0.3714715184892776,0.012305726988369755,0.012305726988369783,0.06850008640200642,0.06850008640200617,True
0.0,2.3804506621568047,1.611626701532783,0.7688239606240217,-1.7126947576205855,0.4158906301873546,0.6949008872977674,0.40895775862595446,0.046586778100830006,0.43394970358452256,0.4339497035845226,0.3187715257313847,0.3187715257313841,True
0.0,2.5181894446911284,2.1629315342427327,0.3552579104483957,-2.262071441243094,-2.484069214547654,1.2139846158102456,0.011450262317324988,0.7107433916373619,0.4786545886759615,0.47865458867596156,0.7218737297607793,0.7218737297607793,True
0.0,2.3258650039671784,2.1024228027901017,0.2234422011770767,-0.6549898431964175,-2.4974887307290397,1.0351163730861401,0.8474759286994997,0.6971093542780327,0.6371213528093699,0.6371213528093701,0.7615620223138827,0.7615620223138821,True
0.0,2.3884921859846195,2.155247630164463,0.23324455582015657,2.5495400540061723,-3.62662449198913,1.0927726519927974,0.45699327088995767,0.6897042949475242,0.5988219841614334,0.5988219841614326,0.74417954782009,0.74417954782009,True
0.0,1.1492355673053458,0.9087484167506523,0.2404871505546935,0.2101853059834379,-1.1377052669077616,0.5117253038258462,0.4438522985138359,0.5627342435086635,0.8194484597785265,0.8194484597785265,0.5665747250725133,0.5665747250725133,True
0.0,1.8405305867151438,1.1815757706739622,0.6589548160411816,-0.3679919148777095,-1.468956044109288,0.7677551207242512,0.9448111648410931,0.7082270402806352,0.4382790146466014,0.4382790146466014,0.365490643191567,0.36549064319156704,True
0.0,2.7320058497989037,2.334084602436955,0.3979212473619489,-0.4411364824658694,-3.406978271841356,1.38595201390549,0.9043640927852057,0.6984608170949045,0.38783843778282256,0.3878384377828227,0.7023956560133127,0.7023956560133129,True
0.0,1.452262666287694,1.220118481330311,0.2321441849573831,-0.9709972386161297,-1.1903468784721785,0.8341216232093932,0.8953116607280249,0.3711607900428672,0.8029103030445596,0.8029103030445598,0.7648954223943961,0.7648954223943962,True
0.0,2.6205866853565283,1.719925155528494,0.9006615298280343,-2.0522600304303062,-1.5487082304578486,0.9030217188362312,0.8288917282903607,0.7046769260919168,0.19452117519676862,0.1945211751967687,0.31224822945211683,0.3122482294521171,True
0.0,1.3223167436770564,0.950286366441529,0.37203037723552745,0.9032177485525317,-2.2711651703307902,0.6309012527693864,0.2216913097965419,0.7369411713098367,0.6777607538145505,0.6777607538145505,0.4797072482393203,0.4797072482393202,True
0.0,2.615028733814937,1.8636794198243993,0.7513493139905376,-0.3333629069996594,-0.8682623623445833,0.8251632310530228,0.6985350510777237,0.4694828571863272,0.22784604595995264,0.22784604595995275,0.321742402839556,0.3217424028395558,True
0.0,2.188708982106446,1.745888926187362,0.442820055919084,0.04397761404958581,-1.9677070102747765,0.9344666443391022,0.7877006898834773,0.5667677471476263,0.45514736914877857,0.4551473691487785,0.5499108557540161,0.5499108557540159,True
0.0,3.4165063020540587,2.883348233379203,0.5331580686748558,-0.6393694846061758,0.8271105074298657,1.3206868247787273,0.7187172669602633,0.5322165808754841,0.23098275093405796,0.2309827509340581,0.6798702690608599,0.6798702690608596,True
0.0,1.7784306770875293,1.5370182157402263,0.241412461347303,-0.9612359249035252,-1.8047998260746487,0.9553768101983631,0.6402587870691925,0.5384924551394302,0.7179450749017658,0.7179450749017656,0.759868640184877,0.7598686401848771,True
0.0,1.2648305640189799,0.9141848759150777,0.3506456881039022,1.2853662318659462,-2.401030930177047,0.5923673889776415,0.8278995166085036,0.7327860806694675,0.6956835893870167,0.6956835893870166,0.46982036063479465,0.46982036063479493,True
0.0,1.2562980793892802,1.23811334924349,0.01818473014579025,-0.01075579987439013,-1.9707218856625128,0.8053626577507823,0.21621975449731218,0.7219190944762814,0.98098260899839,0.9809826089983903,0.9754858482729107,0.9754858482729106,True
0.0,2.8484193225178553,2.4140160064785054,0.4344033160393499,-4.336447229405951,0.07392160299435435,1.1269718192335916,0.6693176455865516,0.11133529352388194,0.48570135069694703,0.48570135069695314,0.8581160474063824,0.8581160474063814,True
0.0,2.1299474332866457,1.3865941031945466,0.7433533300920991,2.1900668449400023,-3.363282028330734,0.8980892848286314,0.09720314549564196,0.7331854118999742,0.28290305059220866,0.28290305059220866,0.32863118676063013,0.32863118676063025,True
0.0,1.5241450236557836,1.2941620562387182,0.22998296741706548,1.2633667480234976,-2.490216152918981,0.6932599606259418,0.8563421690792407,0.694654527235427,0.7379213578193573,0.737921357819357,0.6455603297563807,0.6455603297563811,True
0.0,2.0444754895209765,1.9362330071233493,0.10824248239762713,1.4737902543803902,-2.6822883038218337,1.1012082873043367,0.06939513250646506,0.6230237134561802,0.8155208902582183,0.8155208902582178,0.881054970410114,0.8810549704101137,True
0.0,2.153181245154106,2.0588595013370856,0.0943217438170203,-0.7578673966931503,0.08227162438469815,0.8719665717101768,0.9394176375340384,0.5759239975903914,0.8557624712750916,0.8557624712750912,0.8876696259122819,0.8876696259122824,True
0.0,1.4083589909159495,0.8571005822897604,0.5512584086261891,-0.37610373447946394,-1.3433091628815645,0.583144740116241,0.9074375200471977,0.7398542830698298,0.6256869988611047,0.6256869988611048,0.33609058720273477,0.3360905872027344,True
0.0,2.1622247643769126,1.7704368163151656,0.391787948061747,-0.08977809002414076,-1.1369038687144497,1.0798219279483243,0.32644819183753665,0.5719028452973977,0.5093289185756389,0.5093289185756387,0.6617945663152476,0.6617945663152479,True
0.0,1.6979196177504101,1.4720590918415426,0.22586052590886752,-2.261050192463969,-0.6519833814932624,0.946559840308011,0.9993320388973591,0.675866806437131,0.8356670109537384,0.8356670109537386,0.8534913837422763,0.8534913837422767,True
0.0,3.4385614452260924,1.769496678777523,1.6690647664485694,-0.17899949823033978,-1.267605577301886,0.8334224581658062,0.581494861042453,0.5534184853819509,0.018694245401226932,0.018694245401227057,0.0809959733639041,0.0809959733639037,True
0.0,2.2327849712171717,0.9819958965731573,1.2507890746440142,0.45811998766751977,-1.7315890454783003,0.5455682058564597,0.9447529707427187,0.6880668818420017,0.16488506557186827,0.16488506557186813,0.0526190641212173,0.052619064121217245,True
0.0,1.175504963836945,0.8266325439378568,0.34887241989908824,0.014009383552205169,-0.28273823445558866,0.36786724705987595,0.4032674932187142,0.5356272138418154,0.7920394106464613,0.7920394106464614,0.31417583614169076,0.3141758361416907,True
0.0,1.974205848567491,1.4899918185983336,0.4842140299691573,-3.4284825419463894,-1.2463728244342627,1.0781401901995893,0.12972801030575998,0.7243794945514692,0.639648976530614,0.6396489765306138,0.8092562448315598,0.8092562448315594,True
0.0,2.2372980231634636,1.5388052899306703,0.6984927332327933,0.3454427223872599,-1.3501438561716306,0.7203956024213187,0.8805527300325349,0.5507959720991751,0.307646144822018,0.3076461448220178,0.2855266911439118,0.28552669114391177,True
0.0,2.6082219603478887,1.359804547562629,1.2484174127852596,-0.47245256216807036,0.7551881375162925,0.5439360947430636,0.8429702242781842,0.13349360424857876,0.19099645031936252,0.19099645031936266,0.0807267718940566,0.0807267718940551,True
0.0,1.8423058014684717,1.1780791655773126,0.664226635891159,-0.3980288518309527,0.7523972967545123,0.6944712201849687,0.5491922236548522,0.05605679061123875,0.6340495339913863,0.6340495339913864,0.4156317784482618,0.4156317784482606,True
0.0,2.00589208095391,1.99291879953465,0.012973281419260019,-0.15022728361876117,0.9594143319199699,0.8360080373837105,0.36019756889954324,0.33223649918924925,0.9822588931764993,0.9822588931764987,0.984616092923648,0.9846160929236515,True
0.0,3.147879308496979,2.2901637356333215,0.8577155728636576,-0.7786682362271324,0.11675013624112585,0.9796542837616352,0.16146741090272404,0.39780823619210925,0.13314134332187177,0.1331413433218717,0.36797173171563685,0.36797173171563646,True
0.0,1.9516651599801456,1.2485689505452315,0.703096209434914,0.0780041966893965,-0.9568718856854919,0.8409087757715956,0.29263362800773673,0.6250789075445686,0.38679255752297664,0.3867925575229767,0.38160531421139127,0.38160531421139116,True
0.0,2.5073815350401643,1.9085708652248685,0.5988106698152957,-0.8629228198818135,0.7559265127058583,0.7729008057365663,0.6381215128593072,0.21671354879130933,0.39571482770406297,0.39571482770406297,0.4414879259247363,0.4414879259247371,True
0.0,1.9996796714975693,1.9000793561600033,0.09960031533756597,0.806985042287563,-2.486585092143153,0.9236754041760947,0.6295241123378711,0.66743360264053,0.8346677671910941,0.8346677671910941,0.8677130767860646,0.8677130767860648,True
0.0,3.2381685237512947,1.6995780237350753,1.5385905000162194,-0.7056294232271781,-1.3032912656928433,0.9111065796574493,0.5203794284224499,0.4419516291477142,0.03297535084017887,0.03297535084017886,0.124078567344013,0.12407856734401293,True
0.0,2.129671034624177,1.783508672790089,0.3461623618340879,0.4721012787285356,-1.5455818350316903,0.9576566929887419,0.1896598741944,0.5966376251790579,0.5414023690182361,0.5414023690182362,0.6355161412496454,0.6355161412496455,True
0.0,2.2074373894379473,0.9392692513959284,1.2681681380420189,0.07517600036379725,-1.5281331237361955,0.5081895193886032,0.7081047170733819,0.7176027434980934,0.17684231709681572,0.17684231709681572,0.043107463574313325,0.043107463574313346,True
0.0,2.2080364400877714,1.2882851294683553,0.9197513106194162,-0.3706808384299539,0.28323260934820516,0.6443909645831127,0.6751173907704109,0.5156917741607069,0.3191415093071453,0.31914150930714513,0.19971926244298263,0.19971926244298235,True
0.0,1.67568191485209,1.1016547583970193,0.5740271564550707,0.07899749347948709,-0.9332890225516413,0.5676483955971982,0.5344953219085622,0.5666172353245811,0.5203991068155888,0.520399106815589,0.2834745183209333,0.2834745183209336,True
0.0,1.7112021729101958,1.408542567398496,0.3026596055116999,1.3584794301600904,-2.469721371077982,0.7957851227598399,0.44996148276756925,0.6134934294103574,0.6416203707037416,0.6416203707037413,0.607788233900502,0.6077882339005023,True
0.0,2.6145774502896675,1.2874022671036165,1.327175183186051,-0.6437481344206648,0.7380756129345498,0.5600629655499154,0.7215708029892136,0.03342898527772392,0.1995437137100961,0.19954371371009597,0.07670758052106018,0.07670758052106184,True
0.0,1.9735870677817118,1.518570273586453,0.45501679419525876,0.5753288207265821,-1.8325827891772708,0.7855483213548057,0.6214135361378771,0.5673145382754897,0.4865231728828658,0.4865231728828659,0.47197470643402173,0.4719747064340218,True
0.0,2.3894253589850125,1.4320223993074934,0.9574029596775191,-0.21705661901965953,1.0950816715765228,0.505063823486679,0.8910132876886832,0.10439444683053517,0.33715791636286735,0.33715791636286774,0.12878411017640437,0.12878411017640523,True
0.0,1.9971161082638085,1.321109647970619,0.6760064602931894,0.6980345260644578,-2.4991756425717497,0.7571937975923345,0.9138249062640187,0.72325927854378,0.3559917864370421,0.3559917864370422,0.3096833061583755,0.3096833061583755,True
0.0,1.6205001955533411,1.534288821366317,0.08621137418702407,-0.8066295040839353,0.3858039752811817,0.6616546366158278,0.6548212348698765,0.22318508181457508,0.9307202193792625,0.9307202193792629,0.8735336019045168,0.8735336019045171,True
0.0,2.536714380951273,1.5584020380983301,0.978312342852943,2.660002567029085,-3.2637418363588195,0.9159892742815521,0.39528967554165567,0.6684362681550897,0.14339610191126048,0.1433961019112603,0.22774814763834572,0.2277481476383458,True
0.0,2.449206659933876,1.0056359955201795,1.4435706644136967,-0.7028638979705719,0.2742238700920061,0.49230116516299277,0.38365901135262975,0.02490041787734043,0.20364896950249606,0.2036489695024961,0.038514723335927814,0.03851472333592688,True
0.0,2.958434089014661,1.806215170692484,1.152218918322177,2.149972483628689,-3.1229042942057323,1.1042699700279415,0.7008054668206996,0.6715178999983669,0.07125339398393622,0.07125339398393604,0.24111192856373545,0.24111192856373537,True
0.0,2.390950889059701,1.7770046055462543,0.6139462835134468,-0.08162972234708224,1.0525484185437408,0.8799689402430503,0.22831562560160423,0.3179978861722797,0.4066547522566569,0.40665475225665704,0.5087985420151598,0.5087985420151603,True
0.0,2.7324161759644374,2.476475683207599,0.2559404927568383,0.006190163519204999,-1.9503519830181926,1.0446293347807043,0.0803017389706282,0.6409573602832339,0.5379444217264474,0.5379444217264467,0.7258698168686373,0.725869816868637,True
0.0,2.750339963802649,2.3552881606280405,0.39505180317460864,0.5499365345714998,1.7028583326896536,1.2061989863277787,0.7387557844623468,0.3330752820197894,0.4618722951285352,0.4618722951285374,0.7789600092777538,0.7789600092777539,True
0.0,1.255444191425174,1.1582756223287731,0.09716856909640081,-0.13754172120147665,-0.7638644811872397,0.6065662754505942,0.3198236600265615,0.5499126948803467,0.9159443594948731,0.9159443594948733,0.831223036853451,0.8312230368534513,True
0.0,2.1642232431502832,1.3712664306056013,0.792956812544682,1.156922471043663,-3.045767137951435,0.9637144060156098,0.46488399720252743,0.7272069184830341,0.26685895431887524,0.26685895431887513,0.3491509128355958,0.3491509128355956,True
0.0,2.4404564398392457,0.8799670629653719,1.560489376873874,-0.12529240902659142,0.13045955739916093,0.5325367901491979,0.9196740884031758,0.568618671487345,0.14461116670487387,0.14461116670487378,0.035662188448111705,0.035662188448111594,True
0.0,1.6053882635986296,1.2504323602658938,0.35495590333273586,-0.05204139384991552,-0.032493485307328984,0.6580950452661904,0.032348990196840566,0.4639950117424839,0.692532008129435,0.692532008129435,0.5452521369215467,0.5452521369215465,True
0.0,1.960595001161929,1.76620497171084,0.19439002945108919,1.2962061037802042,-2.9416970105019975,1.0193720065028324,0.20628984816527446,0.701009866756951,0.7102658347063553,0.7102658347063555,0.7817537881411514,0.7817537881411506,True
0.0,1.5697232174222733,1.3423444105902418,0.2273788068320315,-1.0236485006260496,-0.2850902707839559,0.6482686815691293,0.6663246065273505,0.6508361899529216,0.8198669967580466,0.8198669967580468,0.6831346473150107,0.6831346473150101,True
0.0,3.1081275707230387,2.2015472050392755,0.9065803656837632,0.12584593218973533,0.8104007128947361,0.9199536472175536,0.1762480765237444,0.4436051971526338,0.12935902656147005,0.12935902656147025,0.32974923882119506,0.32974923882119517,True
0.0,1.8751970725151397,1.7271965169424586,0.1480005555726811,-0.5326801367696459,0.11016084726177189,0.8193831615517716,0.94923818484355,0.38359876024432626,0.8225259141534514,0.822525914153451,0.8248560164090526,0.8248560164090539,True
0.0,1.6015144998439972,1.1570430142225445,0.44447148562145267,2.226310880519294,-3.197071715925623,0.8032559829986544,0.42225347169707617,0.738516308213091,0.5489762931750064,0.5489762931750065,0.48781454648953054,0.48781454648953043,True
0.0,1.7457643022413196,1.3847924032721015,0.3609718989692181,1.7136439784464865,-2.7273488145445097,0.8421909858623047,0.7207203940137301,0.6487619514628555,0.5835386855974224,0.5835386855974227,0.5710460371007532,0.5710460371007535,True
0.0,2.3623773578319853,1.7173350578831565,0.6450422999488288,-0.31723688358339347,-0.33198061240439203,0.9419721770226197,0.6045331047109708,0.5000970576046787,0.33354356421703135,0.3335435642170313,0.46071195192421033,0.46071195192421077,True
0.0,1.4599640243554035,1.2669494765242797,0.19301454783112382,1.7442104958773923,-2.7330665822920426,0.7484969243592228,0.862158861617828,0.6592943128263298,0.7767803575465325,0.7767803575465329,0.714770163672216,0.714770163672216,True
0.0,1.9350986890198816,1.5607530227404172,0.3743456662794644,1.61182653223138,-2.924257290403008,0.8682189669451728,0.006014510481645807,0.7060054595408944,0.5368268047788084,0.5368268047788084,0.562043746844174,0.5620437468441739,True
0.0,2.081053552211868,1.4375738966126397,0.6434796555992284,-1.6643200087225152,-0.8743637017358961,0.842418409745797,0.770283110257904,0.6871059372510745,0.44147173455574246,0.44147173455574246,0.4503571430478544,0.4503571430478549,True
0.0,1.6230158375214083,1.3243315903551538,0.2986842471662545,2.8060949883881237,-3.622392958377883,0.9105243958122131,0.36577403329947855,0.7427226804765081,0.647142689742719,0.647142689742719,0.6535246105863816,0.6535246105863811,True
0.0,2.2607254223130733,1.390454212974042,0.8702712093390312,-2.333005522800765,-0.37303084993102087,0.8681588395285108,0.1848435848186289,0.043468447531617604,0.4160970755411135,0.41609707554111314,0.42934231086185815,0.4293423108618589,True
0.0,1.4781148295076056,1.4095161398812421,0.06859868962636351,1.008905405765403,-2.2913970928068057,0.7360262012189014,0.5686294838197201,0.6701760520841232,0.9125250305443176,0.9125250305443174,0.8864774582264177,0.8864774582264174,True
0.0,2.260931724727201,1.2960571781457682,0.964874546581433,0.1999570294093375,1.3816583809709995,0.7258723205968226,0.7731599903889506,0.3412935034219384,0.4058289470303733,0.40582894703037425,0.29510857658854917,0.29510857658854905,True
0.0,1.4734534476571688,1.3543896392363497,0.1190638084208191,-0.2971582307835429,-0.8217073382138633,0.7366737989576477,0.22101196163525094,0.6437305849390105,0.8776298882601203,0.8776298882601202,0.8336388346630178,0.8336388346630177,True
0.0,2.3756567096486645,2.2099174866991556,0.16573922294950894,1.3207873721448076,-2.434386466670211,1.0519115862641746,0.858432716701081,0.6339704089292217,0.6981201685481745,0.6981201685481735,0.8095348066864776,0.8095348066864776,True
0.0,2.286277223434254,1.8825412530859749,0.403735970348279,0.7106180812367041,-1.9925467713152019,0.9812232281728306,0.4159295372799485,0.5951142653495927,0.45904165998961194,0.45904165998961227,0.5865997945145299,0.5865997945145299,True
0.0,2.5492889596273494,1.2799360894054685,1.2693528702218808,-0.15148021303105677,-0.08431821805471951,0.5438081832398548,0.3544005289091453,0.5137672524795438,0.13950493358544608,0.13950493358544605,0.06405502717455944,0.06405502717455926,True
0.0,1.8822704177957452,1.5942092336823208,0.2880611841134244,0.39400910931347866,-1.9403181942221224,0.7723208883581989,0.8131181592062009,0.6552776264335756,0.6364992918842115,0.6364992918842115,0.6160258798573787,0.6160258798573788,True
0.0,2.4920368850993637,2.329711343467914,0.16232554163144952,-1.118225690448144,0.8903889530994569,1.2747372242869786,0.6642199663715731,0.25282055980774687,0.7559461194056796,0.7559461194056799,0.940972309317943,0.9409723093179431,True
0.0,2.6130663428220884,1.8510660813060977,0.7620002615159907,-0.02202261133940468,-0.23879394908784402,0.9216492489689895,0.6611852718354325,0.5106384537924711,0.23022363243735422,0.2302236324373541,0.3741174085772659,0.37411740857726644,True
0.0,2.049548045091693,1.6175030789663891,0.4320449661253041,-0.80675027864593,-1.1862257268570275,0.8811461933632555,0.24155350985098717,0.48606052619590145,0.5180504982962505,0.5180504982962503,0.5665913172315755,0.5665913172315751,True
0.0,1.700924245682731,1.4767154971295604,0.22420874855317052,0.4059276685416686,-1.6598467766897054,0.8133196887507744,0.17194951938723385,0.6539856026185356,0.728817416245693,0.7288174162456926,0.7108101202131336,0.7108101202131335,True
0.0,1.8132031795640442,1.5965919265436737,0.21661125302037054,0.8217811158646303,-2.1846519399008186,0.8870984851399075,0.6491226004369732,0.6541845214196103,0.7118903888904625,0.7118903888904625,0.7328992420249064,0.7328992420249062,True
0.0,3.153472321117556,1.5384441065308518,1.615028214586704,1.8028807636233273,-3.003704850499693,0.8874303062756022,0.24254109913152222,0.6993456831240763,0.026459466343375378,0.02645946634337556,0.08405081443411117,0.08405081443411103,True
0.0,1.9030880555646363,1.5988657577777516,0.3042222977868847,1.2070654573088864,-2.95998440627908,0.9286807367686515,0.3073672884703115,0.7093391991076268,0.605529847843295,0.605529847843295,0.6531966028922477,0.6531966028922478,True
0.0,2.0455818462430075,1.8503086048816124,0.19527324136139512,0.562267121318334,-1.6102051992239856,0.8474691429868935,0.8151704768146684,0.6113146489487797,0.7075252576791455,0.7075252576791459,0.7413297816856882,0.7413297816856889,True
0.0,2.5824205370767697,0.4663711071507969,2.116049429925973,0.039662960944269327,-0.8911287912449792,0.29757360515114,0.17177499674476576,0.7346838471619919,0.06652480082808156,0.06652480082808156,0.0005990669142137989,0.0005990669142134131,True
0.0,1.845469677109832,1.6051669879848736,0.24030268912495845,-0.008663818295357421,-2.608024737268657,0.9713208536147637,0.5912188411382749,0.7202999424484715,0.6879678414289642,0.687967841428964,0.7415197070444675,0.7415197070444673,True
0.0,2.7044114613361177,1.2868168771872144,1.4175945841489033,-0.11204687631560319,0.4367577437079755,0.669237666254743,0.23079931813491256,0.3524142887388714,0.11174374301051908,0.11174374301051909,0.09110234829947661,0.09110234829947689,True
0.0,2.5146891820869652,1.9109330362905015,0.6037561457964638,-2.4988513663623135,-0.027697778763663194,0.9276872909435794,0.7962088192593049,0.1525348927982738,0.4118878212355637,0.4118878212355639,0.5568497819058384,0.556849781905838,True
0.0,1.9709188721941981,1.6041603800799897,0.3667584921142084,-0.5814620468262011,-0.8703448722369941,1.0026999315238638,0.7088156989124939,0.6321108828002927,0.584707345202185,0.5847073452021847,0.6803068610149527,0.6803068610149525,True
0.0,2.2434481562874593,1.79186895320154,0.45157920308591937,0.08606837198272031,-0.7775151410399496,0.8860435413184424,0.9451847293702729,0.5180245239292043,0.45125131978238886,0.45125131978238897,0.5355876639468877,0.5355876639468881,True
0.0,2.8695728833463487,2.096155215959926,0.7734176673864228,-3.7796004551511118,-2.370671541296508,1.2624888740229885,0.1373305079937437,0.7258931850306336,0.19159003477440434,0.19159003477440428,0.5478391046321021,0.547839104632102,True
0.0,2.0892342146193292,1.8954455967635755,0.19378861785575374,1.2688171061324238,-2.37427651544796,0.947009390565659,0.9824070379281109,0.6225653186262715,0.6957451983684215,0.6957451983684213,0.76203107821261,0.7620310782126101,True
0.0,2.0395122259611838,1.5623003466253615,0.4772118793358222,0.2924925465046905,-1.7844332054814256,0.8191784625573771,0.5839193814805216,0.6272774040287267,0.46208893727924827,0.4620889372792483,0.4747308249662379,0.47473082496623786,True
0.0,1.797574044043294,1.2100960694556295,0.5874779745876644,1.428610018250849,-2.3983117375620098,0.684048028975271,0.4674647794362367,0.6635815099777125,0.43480929886283715,0.43480929886283703,0.31719758822513955,0.3171975882251396,True
0.0,1.1176253712117443,0.5372757886417885,0.5803495825699558,-0.1251893623940733,0.2951116491845982,0.29880914158031596,0.9727176379566577,0.024831807580842025,0.8506823909202265,0.8506823909202266,0.11068449868215897,0.11068449868215889,True
0.0,1.6464256291580441,1.3852903967199888,0.26113523243805536,1.707357488381499,-2.705145245994914,0.845010893501543,0.8025684450216464,0.6901697980962378,0.6855500928421749,0.6855500928421754,0.6705254413148157,0.6705254413148158,True
0.0,2.3816919472676443,2.3058733741617856,0.07581857310585871,-0.7307125606744174,-3.367273973774969,1.400178736292087,0.7470613100771756,0.7137782067479738,0.8478108372768567,0.8478108372768567,0.9388868942998773,0.9388868942998774,True
0.0,1.8186547220179234,1.457546921495389,0.36110780052253455,-0.20516249896894723,-1.013367330220364,0.8351741762620464,0.7904293389607185,0.5307683188290742,0.6114246056571547,0.6114246056571546,0.6057989015247927,0.6057989015247928,True
0.0,2.0685851513698186,1.1285741089256096,0.940011042444209,-0.5367028062463477,0.22097864782588417,0.6570683319805148,0.26024050973183777,0.5985166784059957,0.38046230821159555,0.38046230821159566,0.2155131314211868,0.21551313142118686,True
0.0,3.3887240170837276,2.1502781927306005,1.2384458243531271,1.7177096542252261,2.7784683834276334,0.9951088961932664,0.4653461509044628,0.3150558665118396,0.09631390183047699,0.09631390183048064,0.4002583909222001,0.4002583909222016,True
0.0,2.0425394838563835,1.8773507685886495,0.16518871526773404,0.5524838242587309,-1.9336771290728367,1.0176752224851586,0.1469298413963493,0.5931319142294307,0.7433265657755467,0.7433265657755463,0.8160654802312237,0.8160654802312235,True
0.0,1.3910120450094852,1.0921600332981172,0.298852011711368,0.5654741587909337,-1.9003060296554166,0.5910993192791644,0.16809176300260015,0.6947947088593688,0.7191807356837793,0.7191807356837793,0.523047697129714,0.523047697129714,True
0.0,2.1530628084196377,1.690108288160357,0.46295452025928063,-0.08846656164347219,-0.924730395631693,0.7903978292427413,0.8029353105424265,0.6002533383672539,0.4637103316145823,0.46371033161458247,0.48262876900845325,0.4826287690084531,True
0.0,1.7739764009431127,1.559959411690604,0.21401698925250878,-0.9965403026107852,-0.8527774963724636,0.8145473672476332,0.969089278337156,0.460265060554673,0.7619401527090425,0.7619401527090426,0.7481783383508275,0.7481783383508268,True
0.0,2.4237041232253875,1.2353868828325225,1.188317240392865,-0.5246862703473546,-1.3421149350314723,0.7065149377762977,0.5055029318705461,0.6873232568853493,0.15690014176884337,0.15690014176884334,0.1250545795648138,0.12505457956481386,True
0.0,2.9553296263201756,2.3008709088535135,0.6544587174666621,3.550689243548207,-3.9702322214501597,1.1401562446224198,0.447999305479482,0.6809322113330465,0.18659620711954725,0.18659620711954739,0.44137424865594593,0.4413742486559463,True
0.0,1.687217995025315,1.6145575374362773,0.07266045758903772,0.18970501054552888,-1.6614923642501724,0.9553959394633712,0.6829142509817181,0.5202891350791712,0.8996500018200002,0.8996500018200007,0.915242862537043,0.9152428625370429,True
0.0,1.8311657967339159,1.3088332802604898,0.522332516473426,-0.29998623482459597,-1.3310897893729663,0.7148568063686552,0.187492612209041,0.46186080696891174,0.5047485074733938,0.5047485074733938,0.40932851080160293,0.40932851080160293,True
0.0,2.29808322370788,2.095892961620156,0.20219026208772384,0.5717974768142229,-1.935673922380044,0.9821389421541261,0.6190852890880656,0.5438321715275561,0.6630634150443417,0.6630634150443415,0.7643469024955996,0.7643469024955996,True
0.0,1.98559738580866,1.8506013088720488,0.1349960769366112,0.7583204904987326,1.8723239157971707,0.7643104806696331,0.593850316406578,0.2357588292342957,0.8685094597317542,0.8685094597317534,0.8524066968677229,0.8524066968677206,True
0.0,2.615907151723226,1.8136198415214748,0.8022873102017511,2.190206001575827,-3.035801663363353,0.9963381994522263,0.6971561658995887,0.6424594225911264,0.18119588085216937,0.18119588085216912,0.3304644499530494,0.3304644499530496,True
0.0,1.9531303512522276,1.3561880227746477,0.5969423284775799,0.4293585097849154,-1.3656525802776118,0.610004006102729,0.49416723538642954,0.5798788525073676,0.41736214448403,0.41736214448402975,0.28052883563393116,0.280528835633931,True
0.0,2.93419630591773,2.723080565180717,0.211115740737013,-2.980873307516041,-1.2429141461121054,1.364578177726557,0.6214321026317098,0.386947393648152,0.5920356469511721,0.5920356469511694,0.8614370383419563,0.8614370383419582,True
0.0,1.9542638564046375,1.586327229467058,0.36793662693757945,-2.1833246490147653,-0.7645787829955738,0.9372632850532402,0.11412197657684048,0.22642479846680974,0.6540294416541357,0.6540294416541351,0.7100370353097601,0.7100370353097614,True
0.0,1.8806264363775604,1.3671359904603069,0.5134904459172536,0.017468210756282628,0.7137256346419141,0.5402149242133317,0.3700490154937812,0.33858193268902453,0.579723440080942,0.5797234400809422,0.33852689589786983,0.33852689589786955,True
0.0,2.868479707074376,1.7623709434245651,1.106108763649811,-0.45945967706095076,-0.679722416814807,1.0002218979133624,0.1963666716946489,0.4442400122125145,0.10669056062806008,0.1066905606280601,0.27267210955089527,0.2726721095508952,True
0.0,2.4328657465992594,1.7153565374820414,0.7175092091172179,-0.2838553877048666,-1.7797696220409833,0.9720864896794804,0.658320922793153,0.4787316890830424,0.26346183972106274,0.26346183972106285,0.4012401799412391,0.40124017994123923,True
0.0,3.1641132574410946,0.9875704420651669,2.1765428153759276,-0.14240519214705438,-0.7825998609828075,0.6917479591490014,0.9873352468368883,0.5613047896439238,0.019595261494582013,0.01959526149458198,0.02379601313184872,0.02379601313184844,True
0.0,1.823399200882962,1.7571816191873106,0.0662175816956514,0.7664232869205361,-2.836050633648658,1.1031782465911222,0.2513326490747314,0.699850087198616,0.8955815835510188,0.8955815835510187,0.9301015464097495,0.9301015464097495,True
0.0,1.149682008004479,1.029412191815706,0.12026981618877297,-0.9139569499012951,-0.9017205732653659,0.6571671832830603,0.839671642976795,0.6735783096960072,0.9288323638835928,0.9288323638835928,0.838449829406763,0.8384498294067627,True
0.0,1.9201457869028995,1.434404777306453,0.4857410095964465,-0.11586443185965739,-0.8743081501472969,0.6169396818579311,0.03211371002656771,0.6260688097051849,0.5065392794606174,0.5065392794606173,0.3716534890943126,0.37165348909431295,True
0.0,1.9406862532287381,1.7211289926805353,0.2195572605482028,3.637531174430093,-4.135776927169953,1.224581948603613,0.1415601800349015,0.7038806609000826,0.6722527016764062,0.672252701676406,0.793960743207456,0.7939607432074562,True
0.0,1.4435301131659335,1.32306910984338,0.1204610033225535,0.8638507391262654,-1.9538639735011474,0.6852587574858652,0.11162058828558608,0.6101790405224196,0.8591927714985879,0.8591927714985879,0.7976269037979508,0.7976269037979503,True
0.0,2.3884475794873383,1.9983180641330778,0.39012951535426055,-0.7102718937655221,-0.0644201457775676,0.8829385911678012,0.30289503485667096,0.5501169064789012,0.4978151969856921,0.49781519698569204,0.6054138772326529,0.6054138772326534,True
0.0,1.6759144138798143,1.3660132718349351,0.3099011420448792,-0.25765500707489397,-0.4914898958565994,0.7005602628414423,0.1487584620013661,0.540918560096136,0.6954257216641806,0.6954257216641804,0.598810840149916,0.5988108401499153,True
0.0,1.5232696118689044,1.487260094626748,0.0360095172421564,-0.13802516345890142,-1.0325564969113494,0.808602344595438,0.6139498224875961,0.5891646184778245,0.9565022997475459,0.9565022997475455,0.9504716017320867,0.9504716017320864,True
0.0,1.91727189060093,1.1322799261100356,0.7849919644908945,-0.2703801247101524,0.7360911275262945,0.5070932297912484,0.34640423455904795,0.10533195062570877,0.5368456697362141,0.5368456697362144,0.18112053661142527,0.181120536611424,True
0.0,1.451718830314592,0.8530660020462443,0.5986528282683478,-0.04676596702987186,-1.2900176931700826,0.6052590065691902,0.4840921449583231,0.702222651194836,0.5771205549302235,0.5771205549302233,0.3169449323151222,0.31694493231512216,True
0.0,3.8326607513142052,3.2365924061724174,0.5960683451417879,-2.013519952828777,-0.31018761472347367,1.5960501489961683,0.31003121753939356,0.5057855702077155,0.14536455007289056,0.14536455007288676,0.6968013985074158,0.696801398507417,True
0.0,2.146328497736132,1.6972840927288058,0.4490444050073261,0.675170512980679,-2.302419432619791,0.8093629912242594,0.6233608664815912,0.6735839392222815,0.45037437958916976,0.45037437958916987,0.4777729390697565,0.477772939069757,True
0.0,1.6497978938428177,1.1824439271541232,0.46735396668869456,0.8113790168715449,-2.5199904044804646,0.7961982564706076,0.7081991579016942,0.7016646535654674,0.5440533004124078,0.5440533004124077,0.4822143955919327,0.4822143955919324,True
0.0,1.6288853475172054,1.4269282074479377,0.20195714006926768,-0.465552174520392,-1.096817038617841,0.6489794152702855,0.8494526284029951,0.6663267174572771,0.781052925218464,0.7810529252184638,0.6821836407949042,0.682183640794904,True
0.0,2.139131494481835,1.2530868406958071,0.8860446537860278,1.0537887927243454,-2.31017914848002,0.7665321581916892,0.424662234249718,0.6053504151748624,0.2469694050539287,0.2469694050539288,0.2183981913166877,0.2183981913166879,True
0.0,2.947290376503503,1.8074390517870944,1.1398513247164084,0.3532825587856101,-2.193418618051564,0.970994862627328,0.8376582243335677,0.6777122571871824,0.08016299118188647,0.08016299118188631,0.21453559586572316,0.21453559586572338,True
0.0,2.048532729160231,1.213283195651997,0.8352495335082342,-0.006011499455403773,-0.05927951120544661,0.6469360774837476,0.49123146275514157,0.5086919289933733,0.3472665204803431,0.34726652048034345,0.21960423595962156,0.21960423595962236,True
0.0,2.1844617899448315,1.8003459255825378,0.3841158643622937,0.11461499173917232,-2.6410030560930373,0.9628759802232758,0.3492201047605949,0.6957792702768462,0.49490929049426335,0.49490929049426347,0.5989129195147753,0.5989129195147757,True
0.0,3.5932539108612076,1.4461116052842318,2.147142305576976,-0.13110886783439304,-1.0050432001728224,0.8611591834438762,0.34110649686874217,0.5893547227825773,0.007412419929447575,0.007412419929447663,0.04703516355953463,0.04703516355953461,True
0.0,2.3879079414011204,2.137886713388053,0.25002122801306736,-2.9220484939990725,-2.1086825966733604,1.185228585899873,0.8222031772047025,0.6954835111577833,0.6191683930103432,0.6191683930103432,0.8070989180310925,0.8070989180310927,True
0.0,2.387494473074209,1.596818046292758,0.790676426781451,0.5369475146566126,1.5179092689629186,0.8455302381000849,0.26777645970700326,0.36444959619026973,0.3537854956408591,0.35378549564085926,0.4214637350497426,0.42146373504974216,True
0.0,2.491525045623371,1.621894345901303,0.869630699722068,-0.18313907863036707,-0.6791441310384125,0.7980260961272804,0.47915354592262316,0.5735417685799356,0.21424325872263117,0.21424325872263125,0.26262704231392303,0.26262704231392314,True
0.0,2.6969445219426644,2.031250331092226,0.6656941908504383,-1.2581011953857522,1.0303927762424538,0.8541093377320291,0.5757494463624269,0.15893875786852302,0.366707681561002,0.366707681561002,0.4852509529681262,0.48525095296812354,True
0.0,1.0415629067910523,1.0139693355059334,0.027593571285118967,0.921985310644654,-2.0180479177853328,0.5931548417302431,0.971774213849882,0.6290092335795057,0.9742588857623063,0.974258885762306,0.9445659016508571,0.9445659016508569,True
0.0,1.9795165414742357,1.4900823442948803,0.48943419717935543,0.18437336494635814,1.1111699961668058,0.6169971848869954,0.7245743759136155,0.34735863746680884,0.5910703364319665,0.5910703364319665,0.4245429115524944,0.424542911552496,True
0.0,2.139193502260895,1.6360128853739881,0.5031806168869071,-0.8212241280022915,0.14483845505179316,0.7573672222377409,0.010117824101157469,0.38289404852027176,0.5063745127973449,0.506374512797345,0.4829269977898856,0.4829269977898862,True
0.0,3.1998485055805777,2.07875455030875,1.1210939552718275,-0.20998957418715913,-1.919680181861797,0.8970078311128334,0.16671324742138222,0.6636105703685821,0.06418435558322633,0.06418435558322623,0.19754089738733582,0.19754089738733663,True
0.0,1.9983918268054819,1.7433942195473011,0.25499760725818077,-0.3621930020013309,-0.40269189056665344,0.9085588930251925,0.03339453437223999,0.4803974362967049,0.6782569224637919,0.6782569224637915,0.73125903972841,0.7312590397284099,True
0.0,2.1137031452726784,1.9355258695030246,0.1781772757696538,3.206520697578219,-3.9133040676371866,1.1403560199539797,0.9089606732984318,0.664179884714256,0.7028137660645254,0.7028137660645256,0.809585408612653,0.8095854086126528,True
0.0,2.9993686093343968,1.7349251639957224,1.2644434453386744,0.33013681993776706,1.1676160729169975,0.7881597243426062,0.34364038004370656,0.4196171024419517,0.09434055209051288,0.09434055209051243,0.17570970330992422,0.17570970330992539,True
0.0,2.4346592236152413,1.6208102297848972,0.8138489938303441,-0.44163772021610864,-2.0115077390488034,0.9363405413372717,0.29482718085784027,0.6896028990983847,0.22849644596259738,0.22849644596259736,0.33924978489701074,0.3392497848970108,True
0.0,1.87014985502666,1.1286627642941713,0.7414870907324886,-0.022742091657262126,0.4429081856331609,0.662895637017515,0.9010453377109451,0.3632092348776339,0.4759179769056393,0.4759179769056392,0.3037018410638024,0.30370184106380255,True
0.0,2.1139116932222026,2.0399820894644387,0.07392960375776392,-0.23405672051810703,-1.0016576298844284,1.0378642092630126,0.06579548176004313,0.5616023044297674,0.8743737752539458,0.8743737752539459,0.9200591442799014,0.9200591442799,True
0.0,1.2837226534194666,0.8695400661164632,0.4141825873030034,0.020104432998053715,-1.3419739365824628,0.5957831046479263,0.49742119997729933,0.6942866743266766,0.7008483262406486,0.7008483262406486,0.4495692801548004,0.4495692801548003,True
0.0,2.714793295767243,1.8017234289363928,0.9130698668308501,0.37816797988854783,-1.3888521896619772,0.9989154300739937,0.48458139859943067,0.6098150365758789,0.15195619278197736,0.15195619278197717,0.3140780808617824,0.3140780808617822,True
0.0,2.9352680726523,1.237780049579929,1.697488023072371,0.009212745613302122,0.6936386694819645,0.6523703936859275,0.44548980975571784,0.3257122346350897,0.06539630066958527,0.06539630066958543,0.05635196959132585,0.05635196959132604,True
0.0,1.9138187268274427,1.5060922136728228,0.40772651315461994,1.8117584285675967,-2.963807964756948,0.8965794585093277,0.5468567678954455,0.6736836180526489,0.5135761862521064,0.5135761862521065,0.5475490581323852,0.5475490581323853,True
0.0,2.5015873591675697,2.1955684112480722,0.30601894791949746,-0.08785313788557374,0.13867056405242817,0.9363390564116254,0.08391167033938002,0.5099699207548596,0.5420620639992,0.5420620639991989,0.6835840200029281,0.6835840200029293,True
0.0,1.4607201984013918,1.1072513033718225,0.35346889502956924,-0.8242513358470259,-1.077086447670136,0.7033538330082524,0.02343999003168651,0.4782496820771062,0.7284212210929731,0.728421221092973,0.5856956593339057,0.5856956593339061,True
0.0,1.2293040251020009,1.102057374276445,0.12724665082555586,-0.3122287105108026,0.043659773683875525,0.5805908282421807,0.29859621573613115,0.3557003829070068,0.9208464515546326,0.9208464515546325,0.795463884623587,0.795463884623587,True
0.0,1.7092248580640865,1.1226429348557958,0.5865819232082907,-0.12127419087714911,-1.4107033894635563,0.64862278942887,0.9807279321678046,0.6681741495415762,0.5010659543002267,0.5010659543002268,0.32853961605850185,0.3285396160585018,True
0.0,1.9653419667477812,1.5948358292595024,0.37050613748827876,0.6558060482021774,-2.9691938262099495,1.1532976035405675,0.6563184884241298,0.7304481385311887,0.5418253194013016,0.5418253194013019,0.6857623346257642,0.6857623346257642,True
0.0,1.9968454059701497,1.0164024162409937,0.980442989729156,-0.3755734177043063,-1.0810051774302574,0.6599351588154089,0.593574804229116,0.42855969573793506,0.30469970163576643,0.3046997016357665,0.16993395330270045,0.1699339533027001,True
0.0,2.3870278748746356,1.8660383678574852,0.5209895070171504,-2.604432575799635,-0.3187731949664231,1.0082471219559208,0.6366855111745592,0.6335680942374651,0.4742930415647272,0.4742930415647277,0.6565836715194504,0.6565836715194517,True
0.0,2.215568473846525,1.9693559425315774,0.24621253131494747,-1.8489864628602408,-0.4823523115344136,1.0062925482099627,0.648531203001218,0.6033018660525519,0.6766124424465546,0.6766124424465548,0.7892946716983373,0.7892946716983382,True
0.0,1.6050350732732481,0.98412835394035,0.6209067193328981,0.1350906580017285,-1.3110906848324784,0.5518287941575148,0.6827920903642233,0.6861220228874114,0.5108118995205116,0.5108118995205118,0.24311485573257202,0.24311485573257163,True
0.0,1.954250175042095,1.94299193617736,0.011258238864735093,-0.8585165640602956,-2.029589498893703,0.9975242831177208,0.08330851846496512,0.6562930418104169,0.9809685406743769,0.9809685406743773,0.9867088976180934,0.9867088976180934,True
0.0,1.4050311544771827,0.948798901263787,0.4562322532133958,-0.4945388720212308,0.4094651557620883,0.5041916861824209,0.19756357730904467,0.012693154769129689,0.8420873436284241,0.8420873436284242,0.38983232166177356,0.3898323216617732,True
0.0,2.3768606264450707,1.066593453271548,1.3102671731735227,-1.036051490217216,-0.4986613179050836,0.6235450589660708,0.647200741181138,0.6531657946246741,0.19443143707783014,0.19443143707783014,0.08982606540806601,0.08982606540806584,True
0.0,1.4630259855606755,1.3854996500496104,0.07752633551106514,-1.054512623731839,0.11235647623311396,0.625943129737412,0.3659343915385137,0.17849205419240177,0.9520165688119024,0.9520165688119023,0.8803695137366822,0.8803695137366834,True
0.0,3.3517278340633236,0.8508179398635021,2.500909894199822,0.012248247420850232,-0.2358312863115961,0.4116369515463484,0.567856470826288,0.5392704556649156,0.011180707111084305,0.011180707111084215,0.001808327544750341,0.001808327544750038,True
0.0,1.9209909236010034,1.5907494122394517,0.3302415113615518,5.937845469918852,-4.930167925091894,1.1707958437971897,0.9608207064327952,0.731314492718555,0.5544193656981693,0.5544193656981692,0.6848010747394987,0.6848010747394988,True
0.0,1.9424253346561384,1.9183798037884388,0.02404553086769967,0.2890723085164376,-1.2299795640752622,0.7831629238564008,0.46853704749066305,0.5959544217345436,0.9595168377462205,0.9595168377462203,0.9613044624455742,0.9613044624455744,True
0.0,2.5773488843035164,1.4548499798843888,1.1224989044191276,-1.6929765496724698,-0.0487228869215971,0.7810001293570885,0.7132665881280736,0.10895845841562957,0.21799270005327515,0.21799270005327528,0.226102626365638,0.22610262636563663,True
0.0,2.0451014174918054,1.2514680915520777,0.7936333259397277,-0.4826846178895879,-1.4586293848677565,0.8155916027248248,0.12282974035488348,0.6796297545200334,0.33401526667656456,0.3340152666765645,0.3189018171715111,0.31890181717151117,True
0.0,2.6144280853304145,1.6860835709012871,0.9283445144291274,-1.3940536101506669,-1.0605378681056323,0.91013264732302,0.05971182443904166,0.6674110557283579,0.18796474042333158,0.18796474042333172,0.30719223929591893,0.30719223929591893,True
0.0,1.9269205391616047,0.7190377335600425,1.207882805601562,-0.14814436514863488,0.24759211031318484,0.4250092711936374,0.189905635266986,0.4556347685509149,0.3685967633020648,0.36859676330206503,0.04046560924767259,0.04046560924767228,True
0.0,2.5534122782305633,2.211194642562092,0.3422176356684714,0.4202400075489647,-2.4800811370283498,1.2225503355145575,0.22127885214148452,0.6449105522208777,0.4663421715878052,0.46634217158780533,0.7008798642591554,0.7008798642591552,True
0.0,2.7775722798400655,1.5677149571357407,1.2098573227043248,-1.7669111155413457,-1.4784387170975595,0.8750714299411951,0.45384169447684886,0.7079001648869498,0.10864348697966326,0.10864348697966328,0.19596839499848265,0.19596839499848268,True
0.0,2.5015293157924128,1.6651997753482612,0.8363295404441515,-0.006634676011036594,-0.9458496580201281,0.9225467016014003,0.5378449892058959,0.6056254103136528,0.21538731417196916,0.2153873141719689,0.33059955646847194,0.3305995564684715,True
0.0,1.7813861023631352,1.3127251265938005,0.46866097576933474,-1.270736385046402,-0.7155930207960057,0.7608964618626175,0.08239326401842206,0.3744558124434093,0.612470741293574,0.6124707412935738,0.524212169989471,0.5242121699894708,True
0.0,2.8125662530658424,1.4018536100888688,1.4107126429769736,0.047067107789836256,-0.815314159482232,0.6864749570098825,0.15311422112097334,0.5971935200689082,0.07293211320106138,0.0729321132010614,0.07825024166476205,0.07825024166476204,True
0.0,1.6302395124930245,1.2998698561904911,0.33036965630253334,0.02476664234739006,-2.0809880028605034,0.8232994522706799,0.36406966544034036,0.610457733505926,0.6554254925049906,0.6554254925049905,0.6208221741208666,0.6208221741208665,True
0.0,1.8005107392289705,1.7885908984384862,0.01191984079048436,-0.5574930450552029,0.5301320635244307,0.933617283208704,0.1481946478366412,0.5640334554547808,0.9861821291324663,0.9861821291324661,0.9891000195004671,0.9891000195004684,True
0.0,2.0878359462087785,1.7584399686340266,0.3293959775747519,0.820055461886966,-2.0684702086108278,1.0407699352690831,0.513921592374135,0.6517127163833355,0.5568560132054945,0.5568560132054946,0.6730335592403576,0.6730335592403577,True
0.0,2.22363685138357,0.8987271304740541,1.3249097209095158,-0.44086705350516897,0.0013461527209095436,0.424092809591704,0.3213152007987678,0.20672818965449086,0.2400544360021839,0.24005443600218407,0.02849474568465559,0.0284947456846562,True
0.0,2.885648703473983,1.7681618733815607,1.1174868300924221,0.10586260308977229,1.3850072143659649,0.836846020041437,0.5253910763992302,0.48395141836217376,0.15374171522331428,0.15374171522331423,0.265457912256357,0.2654579122563588,True
0.0,2.2065872256237826,1.6965537462135132,0.5100334794102694,-0.895757484080637,0.14580493058233124,0.9352140083282716,0.5371564532892696,0.5693596584677222,0.48537576533190413,0.48537576533190424,0.5898904548321197,0.5898904548321192,True
0.0,3.333869439754753,2.5229374668375333,0.8109319729172197,-0.3340737754190387,1.421033086868289,0.9869925186318914,0.8115771817293562,0.2628902637323815,0.1461004205581039,0.14610042055810457,0.4442407858825387,0.4442407858825367,True
0.0,1.9186817302089765,1.2637446926197298,0.6549370375892467,1.8545140918639604,-2.8414032190809007,0.844584024738445,0.9353080649252363,0.7030098073007056,0.3683479422955763,0.3683479422955764,0.3611985980486875,0.36119859804868754,True
0.0,2.226306865549827,1.6729888944902664,0.5533179710595606,-1.489203580733273,-2.8119762468950387,1.1294101295301437,0.012506060842615907,0.7425562871119012,0.38782705960611047,0.3878270596061103,0.5812956473535805,0.5812956473535802,True
0.0,1.497730290110831,1.0918475865423234,0.40588270356850753,-0.003630836983182528,0.2648174299794266,0.5539462916165423,0.26354937845062243,0.46985091040108407,0.7124532990810736,0.7124532990810736,0.4395031520565555,0.43950315205655566,True
0.0,2.1254775450521937,1.6877066434165808,0.43777090163561283,-1.0375706785524745,0.3155193827109575,0.6968598170874941,0.686399342623223,0.22995077166725808,0.575212298284922,0.5752122982849219,0.5023138237439331,0.5023138237439324,True
0.0,1.3450655452051736,1.2277389098910174,0.11732663531415621,0.08620256066501863,-1.5665000261691941,0.6037553242634868,0.4487629492387964,0.6813397302927835,0.8807380634981339,0.8807380634981338,0.7839857787213033,0.7839857787213036,True
0.0,2.5581253137277056,2.242311160929107,0.3158141527985987,3.2220991932411187,-3.6027213517610956,1.1033646745375405,0.508157497706873,0.6346392013668956,0.47821397841532265,0.47821397841532237,0.6680969489768671,0.6680969489768674,True
0.0,2.4332634336166032,2.1264098843864265,0.3068535492301767,-2.2717278380247223,-1.5373523372075917,1.1832351063425872,0.8251930324424988,0.6321151622135743,0.5532273524419276,0.5532273524419273,0.7680779616186182,0.7680779616186176,True
0.0,1.6614051060977848,1.359294542893393,0.3021105632043919,0.09725700918016907,-1.943115872090496,0.8420831605864519,0.8901895739158276,0.7038700422193445,0.6705344522209451,0.670534452220945,0.6522989485266355,0.6522989485266355,True
0.0,1.5107795739845462,1.3570043648192833,0.15377520916526288,-1.0304121116367588,-1.1906901303859905,0.8540357330270063,0.6546500431574206,0.6839723102143708,0.8512084236190242,0.8512084236190246,0.8358280730267215,0.8358280730267218,True
0.0,2.90691256592135,1.9044639004896662,1.0024486654316838,2.2532509370004035,-3.080104164472848,1.057391801301631,0.8715048567545697,0.665369505901177,0.09805595907212275,0.09805595907212306,0.2705824576164518,0.2705824576164518,True
0.0,2.471079828114285,1.059844404515713,1.4112354235985722,0.16872714504935063,-2.0455417167710803,0.7520787609130987,0.2007781288357599,0.7401708209453866,0.10615680749304174,0.10615680749304168,0.09327916913859176,0.09327916913859191,True
0.0,1.6680584615750282,1.5088942220427468,0.15916423953228143,-0.19691167116999025,-1.480134209530549,0.7420258524399501,0.4874035115449224,0.6399607225724104,0.806764631126647,0.8067646311266473,0.7673950577856561,0.7673950577856565,True
0.0,2.3846501821947372,1.3358186573102095,1.0488315248845277,0.649232877359154,-2.1595534132964196,0.8301765232139009,0.9512148306423194,0.6995997933604278,0.16594512616122883,0.16594512616122886,0.19422638861097444,0.19422638861097413,True
0.0,1.7070793162365416,1.422581272085218,0.2844980441513236,1.8010936551668273,-2.8831937609903306,0.8861431941119028,0.46080599241861164,0.694051489913318,0.6531287358975698,0.6531287358975703,0.6602260212342073,0.6602260212342075,True
0.0,2.044752263985985,1.3424429831076112,0.7023092808783737,-0.9899727779664294,-0.07805602406764534,0.7127165963622171,0.5588872713902342,0.22348268671531352,0.4540066234402754,0.45400662344027537,0.34578785461681316,0.34578785461681205,True
0.0,2.1057091888431803,1.5784903058975108,0.5272188829456694,-0.0060080848989221905,-1.2014067496470602,0.9174811795802513,0.9427019049739502,0.6379534262461427,0.4288607822338836,0.4288607822338836,0.5028332825090396,0.5028332825090396,True
0.0,2.662858572688041,1.5685997436134638,1.0942588290745772,-0.116662918177394,-0.20884707286217552,0.6273418883398415,0.9751720560671142,0.558296981045463,0.14097979639756295,0.14097979639756283,0.12295841662941975,0.12295841662941955,True
0.0,1.8073858690639446,1.4922923468435265,0.3150935222204181,1.756353820515429,-2.9053772578932477,0.8287637797106531,0.89589429962389,0.6999009462412621,0.6088238434077734,0.6088238434077733,0.6013741517030322,0.6013741517030322,True
0.0,1.5228588145116886,1.3173178625110844,0.20554095200060418,0.6111429384133743,-2.547057833236974,0.7878293659486681,0.0019358119491565962,0.7310939871047573,0.766532892499696,0.7665328924996957,0.722630135314437,0.722630135314437,True
0.0,1.1977554231056882,1.0117672488413514,0.18598817426433678,0.07316490552429768,-0.8565338856906985,0.4339404994291861,0.8954061438904786,0.6154579514402247,0.8533601860542428,0.8533601860542428,0.5829549110216928,0.5829549110216922,True
0.0,1.3082671400704098,1.1001929860261668,0.208074154044243,-0.7393046648135785,-0.4156255362006518,0.65948140751648,0.08745846660281315,0.28988395742519735,0.867610941712614,0.867610941712614,0.7313837656946502,0.7313837656946505,True
0.0,2.1336843990574828,1.8179424010484124,0.3157419980090703,-0.6166502364930577,0.594268597602523,0.8305201425373714,0.6153737428324584,0.38245160475059153,0.6495600709978137,0.6495600709978142,0.6800900766564549,0.6800900766564545,True
0.0,2.4082464765716494,1.5042234097645428,0.9040230668071065,0.015896714564521793,-1.5723922408172062,0.8380917600720524,0.29640516227443975,0.5368054597051799,0.2062219396423793,0.20622193964237942,0.25570177244966935,0.2557017724496694,True
0.0,1.4058324945749197,0.5559566418695859,0.8498758527053337,-0.3011905495974212,-0.04065624929655254,0.27606906769200973,0.6328930215080757,0.04670650296651235,0.6666469896938143,0.666646989693814,0.02904585000162308,0.02904585000162325,True
0.0,2.8118104158900015,1.379268001688408,1.4325424142015935,-0.9253491544474405,0.6007310703021362,0.6495898681442343,0.4698659501324328,0.05117172612359833,0.13557666216673975,0.13557666216673978,0.09405315924216226,0.09405315924216291,True
0.0,2.0284619997880884,1.2873341043090831,0.7411278954790053,-0.9927626553271174,-1.554042804406728,0.8466473879293178,0.7095225392455803,0.720505834972455,0.3687835268128191,0.36878352681281906,0.3719545643257732,0.3719545643257738,True
0.0,2.1631673356471217,2.087934345371958,0.07523299027516384,0.37412625179090775,-1.914823272497603,0.9369915665948737,0.24641487264034667,0.6323635629460594,0.8634770332664782,0.8634770332664784,0.9008201785993019,0.9008201785993019,True
0.0,2.1256936036295846,2.0422095050306153,0.08348409859896933,-0.3880050741565311,-1.2437554623345402,0.8520588225797192,0.9296925271696836,0.6297046027628799,0.8583314784723793,0.8583314784723788,0.884354597426799,0.884354597426798,True
0.0,1.6983866442803048,1.1959989097750277,0.5023877345052772,-0.08043801208484194,-0.3261342409547634,0.5696797799994221,0.935671369349661,0.5611181716693285,0.5750479779429976,0.5750479779429976,0.3451815687296636,0.34518156872966294,True
0.0,1.7936889285108955,1.7549029603242867,0.03878596818660873,-0.09295534015133357,-0.033659075667887395,0.7043941129139344,0.9637254353876353,0.5405290658945584,0.9471495086273132,0.9471495086273132,0.93685043260542,0.9368504326054188,True
0.0,1.0217971358951814,0.7415823302310534,0.28021480566412804,0.04410663372328663,-0.8565350055413166,0.4500817152273135,0.5788256321090367,0.53541457034808,0.8358680935316947,0.8358680935316947,0.4850280241963768,0.4850280241963771,True
0.0,1.525956473218047,1.4411760328934546,0.08478044032459242,-1.657862742515193,-2.1131703410725273,0.9523929320207878,0.08553968119022659,0.7427870698514004,0.9086465571545568,0.9086465571545569,0.9179276047009688,0.9179276047009688,True
0.0,1.475002825442325,1.3896764655042861,0.08532635993803894,-0.37726494429548874,0.0035940714395001905,0.7780334250787783,0.05151644847165748,0.5813084934711945,0.9222551226007978,0.9222551226007976,0.898115197300243,0.8981151973002427,True
0.0,2.248912880240702,2.092452096854141,0.156460783386561,-0.8773809981046706,-2.0281753247066288,1.084599899329489,0.06161639073166936,0.6816819668867086,0.7382883072634212,0.7382883072634211,0.8414202245513793,0.8414202245513792,True
0.0,1.3988419550777906,1.2041788281382262,0.19466312693956445,-2.2008208164671053,-1.3020586369011533,0.8585781753437577,0.47852504696291576,0.7424648283523442,0.8871588494914294,0.88715884949143,0.8486684691565717,0.8486684691565721,True
0.0,1.4015566748965804,1.1952518222209214,0.206304852675659,0.902269375424665,-2.228459557606806,0.6974430089502794,0.8587963565833483,0.7020718329878188,0.7821008206060752,0.7821008206060752,0.6881090504375783,0.6881090504375784,True
0.0,2.087973795226152,1.4810912340737294,0.6068825611524225,-0.014065802540581764,0.958064983735925,0.8110747056147793,0.34555090162601354,0.4534956510114647,0.5007909634391089,0.5007909634391089,0.4921509885777191,0.4921509885777183,True
0.0,1.9366100568909006,1.0872938994373522,0.8493161574535484,-0.27364231473246575,-0.43020437641782394,0.4538375016390853,0.8467353536202529,0.6296617346751582,0.3761994105379969,0.3761994105379968,0.10419364668174536,0.10419364668174518,True
0.0,3.637580802629153,1.3530156323068185,2.2845651703223346,-0.31381777856768694,-1.1743399007620954,0.798348988008212,0.7061875096584753,0.568027614033978,0.005741128028979708,0.005741128028979637,0.03047582985855588,0.030475829858555844,True
0.0,3.066078564733748,2.749784275715629,0.31629428901811885,-2.072703830578561,-2.6109718868820675,1.3644410445017738,0.19075605373818966,0.6621543519632591,0.42623385722019275,0.4262338572201922,0.7576330282448503,0.7576330282448516,True
0.0,2.154286095248825,1.298574876405335,0.8557112188434901,-0.3333610418234911,-0.2856917324503133,0.825227527424512,0.28551273512250164,0.39520755769179317,0.31489037526516395,0.3148903752651641,0.3211275876552862,0.32112758765528604,True
0.0,1.122208193749667,1.0665719650659156,0.05563622868375151,-0.010339292693028359,-0.3027485019641787,0.7468916784912163,0.41057713346992386,0.546029901913372,0.9589371969253778,0.9589371969253782,0.9341680697545467,0.9341680697545469,True
0.0,1.4862996131512065,0.9560089909571928,0.5302906221940137,0.4270898351937157,-1.665185623456203,0.49262156911648186,0.9584856530362035,0.7052004172815469,0.5690972595687585,0.5690972595687583,0.24697377213909855,0.24697377213909813,True
0.0,2.4296876936664535,2.3291725938603034,0.10051509980615014,3.0582435697939734,-4.151592764668761,1.4081361349362023,0.8601514392863084,0.7005068257360985,0.7922329102247779,0.7922329102247776,0.9095032161264551,0.9095032161264551,True
0.0,2.8435085372907105,1.6548992646649014,1.188609272625809,-0.8864087617162224,-1.173777132152308,0.914291545342358,0.7049996374880083,0.6615388620758237,0.0970180785339468,0.09701807853394684,0.20871325648779152,0.20871325648779213,True
0.0,1.8734109796435807,1.8450183264578666,0.028392653185714156,-2.3920581765297038,-1.6036758402238933,0.9669346392698857,0.03807647704773648,0.7019195430768307,0.9604100614657024,0.9604100614657024,0.9706729736264132,0.9706729736264141,True
0.0,2.912616292878258,1.7679772643402276,1.1446390285380303,-1.8229114648431137,-2.164118790013197,0.9750212329981582,0.6524160390824093,0.7213744060892597,0.09312591095335922,0.09312591095335934,0.2396960724688651,0.2396960724688651,True
0.0,4.132464708462092,1.4641701397997984,2.6682945686622936,-1.5510786697136272,-1.6639917479314232,0.9457128845572459,0.8983314383748014,0.6834873141486699,0.001141787685496394,0.001141787685496325,0.034740285588081656,0.03474028558808174,True
0.0,1.2807360304759712,0.8962987377110632,0.384437292764908,-0.13180152584195612,-0.1548565173014368,0.38176285143200284,0.6671941318411845,0.582463052715618,0.768553897982844,0.7685538979828438,0.29605283472252086,0.2960528347225208,True
0.0,2.658333769030194,1.4423213338052947,1.2160124352248993,-2.6234545909368765,-0.6746155026444473,0.8646941462637879,0.0479581568164168,0.07986691192312012,0.18303579172257955,0.1830357917225793,0.25339741768291113,0.2533974176829103,True
0.0,1.7830953437187034,1.6460191935942592,0.13707615012444418,0.4538604675448303,-2.429087052929809,0.8611334159305796,0.4586630557004375,0.694643149866229,0.8068787169076794,0.8068787169076795,0.8157671959083712,0.8157671959083711,True
0.0,2.3482500681855702,2.1581678420592083,0.19008222612636194,3.26184462954373,-3.660880349656602,1.2033385551396207,0.2154048351298038,0.6634099325276328,0.6587412885054656,0.6587412885054665,0.8052354442215185,0.8052354442215184,True
0.0,2.2206349691432465,1.545480104093566,0.6751548650496806,0.061445893228650766,-1.3865513256006199,0.8745259840729619,0.6481638873406526,0.621014444935172,0.32503072135360883,0.3250307213536087,0.3846926628209759,0.3846926628209762,True
0.0,1.4459062463388472,1.4035121041046965,0.04239414223415072,-1.2720303314373127,-0.512308316237977,0.8670132351527943,0.5457100845751685,0.3540462067202809,0.965418101792133,0.9654181017921327,0.9604129666100779,0.9604129666100776,True
0.0,1.784955994783709,1.7749763760321164,0.00997961875159259,0.31446149030642634,-1.1257698512239132,0.9353435934444149,0.3220502167941532,0.5638804741265817,0.9845161408809983,0.9845161408809987,0.987350667658286,0.9873506676582855,True
0.0,2.357527816942977,2.3045768649031966,0.0529509520397804,-1.5764234806734188,0.07430309502178312,1.0872656809509782,0.6463033448524292,0.32205020769834125,0.9088389520762468,0.908838952076247,0.956523161581572,0.9565231615815725,True
0.0,2.155588219970467,1.5360519509156172,0.6195362690548498,-0.42109325512736817,-0.5803648328416797,0.7396297781861303,0.4144787599924091,0.42114370388235456,0.39220475310895636,0.39220475310895625,0.3650330038713478,0.36503300387134785,True
0.0,2.3036264429332167,1.7922528829023943,0.5113735600308225,-0.025028266013991482,0.24554148158281164,0.9012704813386078,0.3854687342064801,0.48302335930573465,0.4275218014095236,0.4275218014095233,0.5319337771953979,0.5319337771953979,True
0.0,2.8631070789149113,1.4465973949322344,1.416509683982677,1.1242054561373473,-2.6000301110588526,0.8809498823302492,0.7091773755822908,0.7074876360646193,0.05609221278207065,0.05609221278207058,0.1171029449344217,0.11710294493442192,True
0.0,2.4274646309741263,1.608125904078474,0.8193387268956522,1.384723004677608,-2.695336025126649,0.8663403096866769,0.896315484341405,0.6605273163780421,0.2092580679547388,0.20925806795473892,0.2781724662777247,0.2781724662777249,True
0.0,2.7784204325249324,1.8406170968652673,0.9378033356596651,-1.4424007288537508,-0.7155735987540268,0.8485308536201929,0.8657176844896016,0.637101920109026,0.16289111596301464,0.16289111596301462,0.27268241966008694,0.2726824196600872,True
0.0,1.9573513787735315,1.4988632553485983,0.45848812342493317,-1.7389693391177818,-1.0363409079864025,0.8067588315380837,0.8257986549185055,0.6870997368625288,0.5628360102928637,0.5628360102928637,0.5403693974695614,0.5403693974695615,True
0.0,1.9162163698640948,1.8328676917736517,0.0833486780904431,0.2627510475156022,-1.1101915323651714,0.8669615837817993,0.14980328785199026,0.5853935021066546,0.8712636501042953,0.8712636501042949,0.887403561233298,0.8874035612332974,True
0.0,2.0973469984686606,1.0638965410264813,1.0334504574421792,-0.7683173915708329,-0.9099217310060077,0.6502095839675015,0.21738203837558812,0.382406450270098,0.28553158579688603,0.285531585796886,0.15421526099775834,0.15421526099775804,True
0.0,2.730581009215087,1.6045597547334454,1.1260212544816415,-0.6636050420859028,-0.7781070234551496,0.9998527880130536,0.14705194811313832,0.6132811717166292,0.12370000496343983,0.12370000496343979,0.2780265567997639,0.27802655679976435,True
0.0,3.1705970772537935,1.5551091696810722,1.6154879075727213,-0.12248317489231376,-1.1392055895871145,0.7840736654569339,0.6290334738327678,0.6022738719776467,0.03200625851403895,0.03200625851403889,0.07616257548593199,0.07616257548593204,True
0.0,2.342183698427219,1.961935267263407,0.38024843116381213,-1.2404528099021799,-1.2516279911574673,1.0763626100347379,0.1988045564297542,0.5643255560465387,0.49694987377412403,0.49694987377412364,0.6758920694326385,0.6758920694326378,True
0.0,1.6105007587975844,1.5842735024619585,0.026227256335625837,-0.03947087224582915,-1.1446381285615357,0.925507118954627,0.9456124531817679,0.6355112717056487,0.9652320733489348,0.9652320733489347,0.9689477816276884,0.9689477816276877,True
0.0,1.855270836307699,1.7859116253804173,0.06935921092728181,3.055834841371838,-3.5786010360911766,1.064483673557678,0.9349353412131411,0.6424682204922136,0.883719850317777,0.8837198503177769,0.9169512885347645,0.9169512885347645,True
0.0,2.443875959347977,2.4124740441478023,0.031401915200174546,3.529063474963659,-3.785876016702226,1.2994414168600006,0.033332332080467764,0.628298904600386,0.9282873259424583,0.9282873259424569,0.9672350581448557,0.9672350581448559,True
0.0,1.4085619792811905,1.27907497617619,0.1294870031050006,-0.03626815923535981,-1.7614442570076356,0.6902087733555333,0.7937122899955544,0.7035377554369828,0.8631067354580199,0.8631067354580199,0.7958155135720819,0.7958155135720819,True
0.0,2.3075572937463744,1.5316586025741403,0.7758986911722341,0.06484897637945794,-1.8414467602451898,0.8298067684545455,0.3047963022348323,0.6572102411803966,0.26215326014555423,0.26215326014555423,0.3022230644968202,0.3022230644968202,True
0.0,2.012376029261299,1.3671037542382753,0.6452722750230235,0.368035815448156,-2.0045514247180667,0.7001042485299188,0.6013409725997455,0.697699152471859,0.37443998371557535,0.3744399837155753,0.29946614969241475,0.29946614969241425,True
0.0,2.1585937911404462,1.353604371377079,0.8049894197633674,-1.095490662013078,0.26437647510616014,0.698410204225849,0.5636506589996045,0.11974142528841664,0.4355905828506743,0.4355905828506745,0.30232148971604494,0.30232148971604494,True
0.0,1.2948408817276769,1.240163489315481,0.054677392412195935,-0.21084114132686288,-0.39720440198724016,0.5510025424138276,0.22048092827704008,0.6086773383273305,0.952139920527384,0.9521399205273845,0.889387788883722,0.8893877888837224,True
0.0,2.3674564402008182,1.8691486312532168,0.4983078089476014,-1.4098246952969633,-1.4288430146910247,1.166793350798558,0.1086198321723702,0.6757858417671035,0.40697175520277684,0.4069717552027769,0.6411675706112563,0.6411675706112558,True
0.0,1.7457193331359564,1.694082977946559,0.051636355189397465,-0.09536925738526568,0.2683387972472868,0.6985555460973079,0.7418970348806814,0.4656327216526476,0.9360698625303833,0.9360698625303833,0.9190249745890523,0.9190249745890534,True
0.0,1.7582406258406686,1.198210641617362,0.5600299842233067,-0.02750827661171663,-2.128397404628352,0.7351343787065796,0.2873792769457165,0.7328196307599553,0.48549472207105293,0.48549472207105326,0.38851961561433523,0.3885196156143351,True
0.0,1.62870485268861,1.0942733191289484,0.5344315335596617,0.4105597269931479,-1.9578698119984383,0.7093378526638269,0.9284687667120514,0.6233529069055451,0.5250527195333067,0.5250527195333065,0.39417029528147485,0.3941702952814752,True
0.0,1.879809320853357,1.8700852134392045,0.009724107414152527,1.4465367116644976,-3.275704396293182,1.107370899492883,0.7001489335491671,0.711792011187456,0.9828229186057138,0.9828229186057142,0.9889242297930841,0.9889242297930841,True
0.0,1.7851089421525066,1.7521411222491898,0.032967819903316764,-0.35030789069223306,-0.6734356439925137,0.7517347091479455,0.7570980587446013,0.4616485592156253,0.953393955260303,0.9533939552603033,0.9485294974103651,0.9485294974103647,True
0.0,2.141143761755741,1.8048369848199142,0.336306776935827,-1.402599189213392,-2.4730382155266972,1.0844650214098126,0.5063502933996751,0.7243790170472104,0.5600636164651062,0.5600636164651064,0.7038891635772683,0.703889163577268,True
0.0,3.0883527781779643,2.1516223406156656,0.9367304375622987,-0.4621001325403351,-2.4864089160507703,1.1717909702834937,0.23022321639301702,0.6679243509613546,0.10155074545910714,0.10155074545910694,0.360275767549122,0.36027576754912183,True
0.0,1.3237418326430124,1.1936860833524399,0.1300557492905725,-0.2898773957125384,0.19512939485975545,0.5911680022841236,0.2763103163582695,0.3390943250522066,0.9115312127520336,0.9115312127520335,0.7920148113091092,0.7920148113091093,True
0.0,1.8914924972980969,1.7064991050354597,0.18499339226263722,-0.27655783503962383,-1.2611695080829453,0.783451046821988,0.9826281785485851,0.647748687116922,0.7517337730943301,0.75173377309433,0.7457899972306707,0.7457899972306711,True
0.0,1.8898619225013236,1.7471044935407194,0.14275742896060417,0.2423308643000327,-1.484551598430027,0.9217050942479423,0.4076839545833756,0.6350310372749222,0.7938546519890246,0.7938546519890239,0.8271170255090571,0.8271170255090575,True
0.0,1.6847925682399327,1.2764200731156625,0.4083724951242702,-2.319742131707258,-0.5675739268285501,0.8843824192678053,0.6302175117659627,0.6955536642992531,0.8133084466341762,0.813308446634176,0.7564864808621409,0.7564864808621414,True
0.0,1.1818620298804463,1.0883845655692055,0.09347746431124082,0.07572575307423589,-0.5779993114583992,0.5945124133821232,0.4917645356673789,0.5738315196334661,0.9234406545853838,0.9234406545853838,0.8367708780661467,0.8367708780661473,True
0.0,2.297209882992694,1.3303929613919712,0.966816921600723,-2.5273248807211335,-0.5814358300051305,0.8433221520839567,0.7702297228145708,0.6979501287239588,0.3752258300165895,0.3752258300165903,0.3636871482200059,0.3636871482200058,True
0.0,1.2379341894298008,1.2174641727655295,0.020470016664271284,-1.0070128068906783,-1.5168098074680245,0.7956633395964897,0.8886411506265658,0.7149456057819887,0.9825082779877298,0.9825082779877296,0.9754387980212487,0.9754387980212487,True
0.0,1.9916125871956605,1.2347199477726967,0.7568926394229638,-0.43746640410008564,0.8825066390503462,0.7050831909274333,0.5602931834215554,0.004727182466649105,0.5841888806446993,0.5841888806446992,0.37562646555333296,0.37562646555333346,False
0.0,1.7023520397137932,1.1007820712053344,0.6015699685084588,-0.16013536300857034,-1.5927525973536278,0.6782466459481252,0.02136305794264315,0.7107372734280983,0.49409318475098485,0.49409318475098457,0.3399506018613556,0.3399506018613559,True
0.0,1.669375296796651,1.5052016935213417,0.1641736032753094,0.25183932328089326,-2.070700682258193,0.8856918038564262,0.9340268876319979,0.5729053407155436,0.7926273738878141,0.7926273738878141,0.7995200206286728,0.7995200206286726,True
0.0,2.8417353433987427,1.497297134739951,1.3444382086587916,1.1243354794256728,-2.1798458903761677,0.7943572834963535,0.7655655346694061,0.6505897433434026,0.06458737128571035,0.06458737128571018,0.10499214404042373,0.10499214404042398,True
0.0,2.538571133676215,1.9690580422983612,0.5695130913778539,2.677455086129609,-3.4062837521443936,1.1327783054635205,0.9300616727827056,0.6739072261838059,0.28856143604988055,0.28856143604988044,0.5021935142732635,0.5021935142732641,True
0.0,1.4891156031776573,1.267269685209279,0.22184591796837827,1.8723042866088537,-2.8838549928463744,0.8068448560342354,0.7201327675212152,0.6509130507007793,0.7445427261934252,0.7445427261934252,0.703036732022235,0.703036732022235,True
0.0,2.1574825675210603,1.7069012886313006,0.45058127888975963,0.13244532614803256,-1.8616312730305062,0.8670722010277994,0.04331928746336511,0.6662101935852948,0.45604411653945104,0.45604411653945115,0.5141192342174948,0.5141192342174951,True
0.0,2.3437847846040816,2.0509902428151405,0.29279454178894104,-0.23782812452301266,0.009578800165610968,1.0776814468393887,0.747771048799942,0.43462609049451356,0.5839231410803698,0.5839231410803698,0.7481519610972682,0.7481519610972686,True
0.0,1.613927088076891,1.0982451679242429,0.5156819201526481,-0.5598352849957685,-0.8291266594057256,0.5445559288375712,0.3464998989518883,0.6750719230708347,0.6001882835536303,0.6001882835536307,0.3173859649465166,0.31738596494651655,True
0.0,1.9733117486885636,1.2086515829164055,0.7646601657721581,1.5675070930254833,-2.6034873315777114,0.6646843210610198,0.674040713916852,0.7034264686307177,0.31528614039796465,0.3152861403979646,0.21016986991775374,0.21016986991775408,True
0.0,2.7405421388309414,1.9381316890999818,0.8024104497309597,-0.1362035898597119,-1.1582639643782406,0.8791587983189928,0.22621591429295523,0.5570840176165764,0.18451690095562398,0.18451690095562392,0.3144102280777489,0.3144102280777494,True
0.0,1.9365424544823717,1.2141611980824254,0.7223812563999463,-0.45517250669136283,0.0010610225356300074,0.6077466034620915,0.7935323824189033,0.5116333010775788,0.45352642254532105,0.45352642254532105,0.2555717640959728,0.2555717640959732,True
0.0,2.4039441821617817,1.9576626611061736,0.44628152105560814,-0.023771761495494075,-1.8908228103350637,0.996369387990345,0.061005683121811816,0.49867269989660556,0.41196845427656853,0.41196845427656853,0.5662466823982998,0.5662466823982997,True
0.0,1.905772838265351,1.8177283356953653,0.08804450256998564,-0.24110698639053907,-1.7624992304184968,0.942242532572621,0.5575608701228374,0.5024567140386921,0.8653594601004765,0.8653594601004767,0.8928421965220802,0.8928421965220797,True
0.0,3.1775247621548774,0.990526090523615,2.1869986716312626,0.672811258928331,-2.202759550283483,0.7114920606089524,0.7348439877443977,0.7337620849783894,0.014317291328050374,0.014317291328050359,0.019851364601578256,0.019851364601578235,True
0.0,1.3817675597513484,1.359002623061717,0.02276493668963142,-0.2219110330696754,-0.29627481970088,0.7206122522817869,0.035927664829382866,0.43706407732863234,0.9778111906389009,0.9778111906389004,0.9667624493608805,0.9667624493608805,True
0.0,1.8228340307883848,1.1595549674534598,0.663279063334925,-1.763910193762646,-0.368185662957646,0.6604308447300938,0.9313820655201186,0.015104240022208115,0.644236303788816,0.6442363037888162,0.3648994953262166,0.36489949532621585,True
0.0,2.2572564800897106,2.1980078996699595,0.05924858041975112,3.9804216407843143,-4.41757355653556,1.1787120410231149,0.7759878820209942,0.7071233496465934,0.878329832853691,0.8783298328536905,0.9322478970065287,0.9322478970065281,True
0.0,1.7723381529245488,1.4419064223947218,0.330431730529827,-0.25557075171488985,0.8757849356107066,0.9447658420252742,0.22605922471594853,0.2902540852112353,0.758843375946412,0.758843375946412,0.7942644668743162,0.7942644668743154,True
0.0,2.581248898409213,1.7343507393236979,0.8468981590855149,-3.0216983218844664,-0.13705166062698593,0.9021829903699027,0.12036583186246808,0.03973708315471908,0.35061739485255056,0.35061739485254967,0.45785250381567943,0.45785250381567916,True
0.0,1.380126487474287,1.1055239684705553,0.27460251900373156,-0.7599709015425805,0.005644645889743005,0.6680862501655496,0.1254192029725827,0.22831721960318846,0.8566684756417383,0.8566684756417383,0.6845618739257516,0.6845618739257519,True
0.0,2.3697335119943848,1.9747266067247495,0.3950069052696352,0.8283868742947734,-1.8744400309465048,0.9940315810050447,0.8802993325818496,0.6069364681601281,0.45086819700135483,0.45086819700135505,0.5952187011573911,0.595218701157391,True
0.0,1.5669154468284407,1.2222528091009328,0.34466263772750794,-0.18097622637149077,0.6630976901439611,0.5607612184857849,0.27379079213516955,0.30910459092980264,0.7819577720613311,0.7819577720613309,0.5168406854674931,0.5168406854674943,True
0.0,2.187051969464845,1.7896800222068705,0.39737194725797464,4.8469452320981175,-4.729768692738801,1.2722845021394371,0.35642526680854203,0.7219287662376579,0.455148485504649,0.4551484855046493,0.6584525374128177,0.6584525374128181,True
0.0,2.0307895579874335,1.3183789846449503,0.7124105733424833,-0.40085184023388254,-0.8029918445720852,0.6211493761886462,0.8416199850707066,0.6500087789137159,0.3806517173157895,0.38065171731578956,0.24326837995572598,0.24326837995572562,True
0.0,1.2311677149175508,1.1347394037185665,0.09642831119898432,-1.2946211083487134,-1.310989745811801,0.7939444210696718,0.7033571439060413,0.7302670633623904,0.9334528314748556,0.9334528314748557,0.8997229521721216,0.8997229521721221,True
0.0,2.0916807332946235,1.658979465753073,0.43270126754155047,0.7287955108625221,-2.155629180416259,0.9286418918221977,0.7668303670144734,0.563527603309848,0.4732450291209129,0.47324502912091265,0.5496066129380562,0.5496066129380568,True
0.0,1.8669664983935297,1.7036860139149674,0.16328048447856225,-0.5960102530066798,-1.9757981510974028,1.0030737259342741,0.3965406544952552,0.6605228719847701,0.7763243189027313,0.7763243189027313,0.8300219119959773,0.8300219119959775,True
0.0,1.6772431119271265,1.2097848167095653,0.4674582952175612,-0.46025106158022905,-1.3384712608677471,0.7418256690488577,0.6245932965088179,0.4641752456493574,0.5816279760773936,0.5816279760773937,0.4824156968413325,0.48241569684133256,True
0.0,1.8116157518829759,1.7163589621966493,0.09525678968632656,0.5285789608606503,-2.104325037607931,0.8713443912464824,0.37345010364882536,0.5778747467946831,0.8580304075611207,0.8580304075611203,0.8696097632119977,0.869609763211998,True
0.0,2.167405556145594,1.0473606994804576,1.1200448566651364,-0.5593209255326644,0.12970092120523513,0.6233811622333846,0.35742100665517207,0.22582377273261578,0.3047641381708974,0.3047641381708975,0.13935052673295195,0.13935052673295215,True
0.0,1.9164844516078374,1.7151107292184555,0.2013737223893819,-0.22016487308121968,-1.996831226079478,0.8893077337394468,0.3735332494651633,0.6799336861725331,0.7232096574701173,0.7232096574701172,0.7551112260743981,0.7551112260743988,True
0.0,2.157683170536714,1.0416924137777144,1.1159907567589997,0.4296340701525841,-1.3700106806984604,0.4918909048386493,0.9241831513375178,0.6460185472694935,0.20643507149209275,0.20643507149209273,0.05651923824829957,0.05651923824830031,True
0.0,3.2011838175683116,3.1652506168119925,0.03593320075631912,-4.499454323197908,0.5667608732059797,1.3318052530588695,0.6108048966447175,0.18987265516107732,0.9177579646531099,0.9177579646531183,1.0024620074467678,1.0024620074467685,True
0.0,2.0994596171477116,1.3463749478743263,0.7530846692733852,-2.2278272300314144,-1.4112558272850837,0.9000183179816698,0.9937545412636055,0.7214919152768282,0.39583025733371824,0.39583025733371807,0.4403978674494245,0.44039786744942483,True
0.0,2.287197628309299,1.4763086004653168,0.8108890278439824,0.43373021056422234,-2.5039417102187764,0.8292868814866242,0.7392304045523345,0.7071672658934662,0.24542447642905663,0.24542447642905676,0.27736255269385185,0.27736255269385207,True
0.0,2.3360339851321195,1.4130868270811996,0.9229471580509199,-0.3091738400850779,-0.8890400547686539,0.7973718565985233,0.7114748126863559,0.44777007415038406,0.23104840213440314,0.23104840213440317,0.24751538834247394,0.2475153883424743,True
0.0,2.816596222956367,1.7175476970699086,1.0990485258864582,0.17767491386424294,1.2369258873870335,0.7857657896960634,0.04360409469105997,0.3641669597811724,0.15663962388953898,0.15663962388953923,0.23009495239026426,0.23009495239026445,True
0.0,1.5894950853967649,1.3099730068182696,0.2795220785784953,-0.6871063212058219,0.4868744837767929,0.747534780713983,0.6934562601943319,0.4687895293591572,0.8396168940309878,0.8396168940309877,0.7280402034816044,0.7280402034816044,True
0.0,3.102244587118778,2.3618081211633837,0.7404364659553941,-2.1260345648097,-0.8927348460829252,1.023909817779587,0.04295258989950529,0.646081730266222,0.17071729985518191,0.17071729985518178,0.4337135059770884,0.4337135059770898,True
0.0,2.2892962327259823,1.4782633204158575,0.8110329123101248,0.06494991622591349,-0.8663128369167179,0.6242876313547522,0.49633738436947544,0.5987131157155036,0.2664946704281793,0.26649467042817926,0.19474124747923408,0.1947412474792345,True
0.0,4.399200608330198,1.4009643542255013,2.9982362541046967,0.06256373366159432,0.8108537063159342,0.7525919070889708,0.8709549159681118,0.4795540850499116,0.000549707895146614,0.0005497078951463459,0.014320804045254607,0.014320804045254125,True
0.0,2.193377455388384,2.0758676380351972,0.11750981735318655,1.1007291324402748,-2.3161145190357377,0.9146693694068306,0.22513857748383387,0.6256043112851837,0.790297114908745,0.7902971149087444,0.8412748673714183,0.8412748673714182,True
0.0,2.3085677417170305,1.4500637711708708,0.8585039705461597,-0.16304448097917842,-1.4733432212752477,0.9105538700916505,0.2937357481110731,0.6430995044341788,0.2426105479047542,0.24261054790475434,0.3203775276196961,0.3203775276196965,True
0.0,3.127982410787978,1.5192822251304945,1.6087001856574836,-0.016544569786632535,0.42392210377315354,0.9156110095732415,0.03995031192143672,0.4158937940080364,0.04456951696450673,0.0445695169645067,0.14456635252581437,0.14456635252581448,True
0.0,1.4239184767810837,1.0536120565709415,0.37030642021014226,1.6695864532038307,-2.6074989662097945,0.6846810789000554,0.04840856839242924,0.7010590351920487,0.6429797365587435,0.6429797365587432,0.4976026353990048,0.49760263539900434,True
0.0,1.7649537067198282,1.7382404799915678,0.026713226728260375,-0.2157923235158951,-0.3343076029907972,0.7896351618597831,0.9701436712390475,0.44967002004575696,0.9632062899726457,0.9632062899726453,0.961534320333393,0.9615343203333937,True
0.0,2.705598848537176,2.0470336117827066,0.6585652367544692,0.9188084097031846,-2.134816605283476,1.0100389330669648,0.9130085972987352,0.6234961786260129,0.2301595527357367,0.230159552735737,0.41979577598382806,0.4197957759838283,True
0.0,2.0984266773974327,1.8574210128015893,0.24100566459584338,-0.877170434191768,0.6668909071799587,0.7109333372696661,0.7510489256728503,0.22441535349451625,0.7386374326453125,0.7386374326453123,0.6970854510158133,0.6970854510158152,True
0.0,2.395831539039004,1.0495644975605587,1.3462670414784452,-0.15848521520911482,-1.3686162811323819,0.5876281815040666,0.01878630956182248,0.7063411807596007,0.1355172623581366,0.13551726235813663,0.05698193511068225,0.05698193511068241,True
0.0,2.321711110987694,1.4619788337577577,0.8597322772299361,1.003256921781601,-2.2597799431951087,0.8104727742841698,0.2878557387929759,0.6241871000474656,0.2197630694756455,0.21976306947564553,0.2443734818196213,0.24437348181962115,True
0.0,1.3040718944919931,1.1280988925069924,0.17597300198500077,0.7425534370311669,-2.1236629266672526,0.6940768122154262,0.08009339942172933,0.6732187675158622,0.8238777650646391,0.8238777650646391,0.7331604461849215,0.7331604461849217,True
0.0,1.1591577233543604,1.0641065927693576,0.09505113058500281,0.2952118939238806,-1.8229170577395744,0.6346736080438626,0.024036308883650437,0.693481682312375,0.9134731795394234,0.9134731795394231,0.8371703340992664,0.8371703340992666,True
0.0,2.214182780099538,1.0576869528626822,1.1564958272368557,-0.4759263668734692,-1.2213196115780849,0.60873071594521,0.5161715407960726,0.7068218192972082,0.21007236976837865,0.2100723697683786,0.09629147304226258,0.09629147304226283,True
0.0,1.9751604486209067,1.603415458771622,0.3717449898492846,-1.4425842004217289,-1.1304042332637203,0.969117520572753,0.1914472570106412,0.5347252408023638,0.596333925837081,0.5963339258370809,0.6773240887951008,0.6773240887951014,True
0.0,2.6774357136147082,1.0690830118447952,1.608352701769913,-0.0019912781800888583,-1.1151291301060096,0.5578099394952657,0.6696926631472402,0.6025837580610607,0.07204250602932477,0.0720425060293248,0.029126240463142116,0.029126240463141686,True
0.0,2.1941084559389195,1.7089624965087338,0.4851459594301857,-0.052322456062180014,-1.0427476468806123,0.9100318460614769,0.7297421067322448,0.4931125639751942,0.4377038032438423,0.43770380324384234,0.5239362145309902,0.5239362145309902,True
0.0,2.39649551443657,1.9680273680836333,0.42846814635293673,-2.667112929598476,0.6275043536291665,1.1266130793986935,0.0007914104523565335,0.01734588708328949,0.7220922479406509,0.7220922479406472,1.064466240785274,1.0644662407852696,False
0.0,1.5691143557152702,1.4830804835943545,0.08603387212091573,0.49348697204083625,1.4194247537602953,0.6114773304857212,0.30278129168199397,0.3570226895459425,0.9370412826741678,0.9370412826741664,0.8686594861769814,0.8686594861769822,True
0.0,2.5974739487484375,1.9516822123582924,0.6457917363901451,-1.2926690066121558,-0.29298176481037075,0.8530877825337662,0.6010744979956747,0.3311310301072259,0.3030475910607546,0.30304759106075463,0.42078030239021363,0.42078030239021486,True
0.0,2.2246579223771,2.172277163897508,0.05238075847959234,-0.10073774421622532,-1.548775213780396,1.0096569087914848,0.17824682815998555,0.5977949317141872,0.9012562976088394,0.9012562976088399,0.9371953230963,0.9371953230962998,True
0.0,1.8772180574216981,0.893625368393278,0.9835926890284201,0.4487634128668778,-1.5226724245888068,0.5158699567661836,0.023145948027889773,0.5917623880792773,0.3021684835412837,0.3021684835412836,0.08668295779139872,0.08668295779139895,True
0.0,2.5621633880792687,1.8497015417182845,0.7124618463609842,-4.734491226662178,-1.7012665105092972,1.2892683066977397,0.7085694241246934,0.1648411554698243,0.3269796674643708,0.3269796674643703,0.8014863143171763,0.8014863143171753,True
0.0,1.8757042765835275,1.7531308268823835,0.12257344970114392,-1.6467659550361446,-0.707265870863254,0.8653870947379123,0.18477227552443692,0.6602873708028062,0.8512765240766427,0.8512765240766429,0.8632004682556372,0.8632004682556369,True
0.0,2.1299544416398635,1.2801084485843748,0.8498459930554887,-0.6360299022889594,-0.30081771623769693,0.7633284328061493,0.4462747666416287,0.6263747287966002,0.3383286706487976,0.33832867064879774,0.29305664216734284,0.2930566421673428,True
0.0,1.4540062644874165,1.316202819210984,0.1378034452764325,0.39179221179010393,-1.8804859231995905,0.6942571301385291,0.32716516812556506,0.6355415071629202,0.8449850945264478,0.8449850945264483,0.7792416430751041,0.7792416430751038,True
0.0,0.9593744941483284,0.8093058115976857,0.15006868255064276,0.2578068778030092,-1.221797541342203,0.43757935261107106,0.23351302579548316,0.6753246251340385,0.8988115221952163,0.8988115221952162,0.6579118356372492,0.6579118356372493,True
0.0,2.1374306614208667,1.9358703815647498,0.2015602798561169,0.7026671577639118,-2.2734075764098316,0.9467586560113812,0.1701841332478944,0.5922163678661805,0.6832832740444215,0.6832832740444214,0.7564730669940518,0.7564730669940516,True
0.0,1.636985191180288,1.2390295040849872,0.3979556870953007,1.3859185052137273,-2.405532225281612,0.6562575000503245,0.8037474846216568,0.6831633055170394,0.5834317630801855,0.5834317630801855,0.443846197557807,0.443846197557807,True
0.0,1.879899130225881,1.1433235331828449,0.7365755970430361,1.258705979202269,-2.6094317278609447,0.7082131145715359,0.9918224080364446,0.724031529489874,0.35125964872665755,0.3512596487266579,0.25235321690934204,0.25235321690934226,True
0.0,2.263314246585637,0.8832800435404714,1.3800342030451658,-0.8137404290117307,-0.544221872297833,0.5756474582414816,0.08125998474657808,0.7017651081235388,0.21079259849292115,0.21079259849292115,0.06402290249649017,0.06402290249649041,True
0.0,2.677258266842838,1.7511327480161851,0.9261255188266531,0.44356422412815294,-1.9947282985070123,0.9034962626784687,0.9140541660882953,0.5994556559766585,0.15020882866296362,0.1502088286629637,0.26079544006714866,0.26079544006714855,True
0.0,2.133601151757197,1.3680364831236034,0.7655646686335937,-0.5707162665393438,-0.025427403093212453,0.5874933102976613,0.10936847690766804,0.3294385614404278,0.3747317136390521,0.37473171363905217,0.2161754606377313,0.2161754606377308,True
0.0,2.136471466097747,1.480580071835897,0.6558913942618498,1.1701965530195944,-2.2709255052923716,0.7491851601289855,0.8953172811435236,0.6212529155138333,0.33020936077471474,0.33020936077471474,0.3084339279712579,0.3084339279712579,True
0.0,1.3186522440397392,1.315235945708166,0.0034162983315733086,0.10088331314605418,-1.5203035855373792,0.732280848069918,0.06190589725319301,0.5132264990988269,0.9962118963119142,0.9962118963119143,0.9945432142737871,0.9945432142737877,True
0.0,2.8990505599951315,1.527200975686209,1.3718495843089225,-2.0590857930710746,-1.66132228885367,0.9825724277525537,0.7395814330561776,0.7083391398845014,0.07666313755571537,0.07666313755571522,0.20845752786551575,0.20845752786551572,True
0.0,2.1145817203012154,1.9450571768228715,0.1695245434783439,-1.8210751455034193,-1.4735876884284724,1.088976158338131,0.5084987697045846,0.3765837466575198,0.7530204596400895,0.7530204596400895,0.8519620704069645,0.8519620704069644,True
0.0,1.5165188411382826,1.5122312786701952,0.004287562468087369,0.44018382479095103,-1.402053303850308,0.7345275326718792,0.726542479372226,0.5702134744794254,0.9943183425293654,0.9943183425293656,0.9927250259546406,0.9927250259546406,True
0.0,1.9223198084695332,1.7309817050213643,0.19133810344816893,1.0959829089025943,-2.261377904013811,0.8514593755154314,0.5972074043058966,0.6410660536136062,0.7220636267079049,0.7220636267079048,0.7426078214729713,0.7426078214729714,True
0.0,2.2198638107890116,1.1898196107365333,1.0300442000524783,0.16438447041621523,1.3509613161376395,0.4354898125830077,0.13017736299283278,0.005615293396698751,0.4290134432536263,0.42901344325362656,0.0813958152323925,0.08139581523239162,False
0.0,2.729845751050549,2.4166632785596627,0.31318247249088627,0.7524059654375933,-1.886373716991393,0.990238697061699,0.3998295135462737,0.5849145026398876,0.469557045747551,0.4695570457475508,0.6559336199723353,0.6559336199723346,True
0.0,2.0187612686713314,1.9166366183054644,0.10212465036586704,0.1429376007078771,-1.7108155554916396,0.8246453619814499,0.07321213025413237,0.6417798435133202,0.8344834613204484,0.8344834613204484,0.851804233894048,0.8518042338940474,True
0.0,1.8361532498973845,1.342840208872327,0.49331304102505746,1.1692684296147056,-2.409562837642474,0.8075795091507398,0.030209978743646226,0.6572074838265556,0.48098686982834693,0.480986869828347,0.45241085579470447,0.45241085579470414,True
0.0,2.003886040449848,1.2085483079233343,0.7953377325265136,2.0138555990733025,-3.0689790029129167,0.7974506033496321,0.3184688932259011,0.7189711330509905,0.2918515591800948,0.29185155918009476,0.2627418411105281,0.2627418411105282,True
0.0,1.7165938917117354,1.240318149975379,0.47627574173635634,1.2596695969728626,-2.855981567647098,0.8185442212550978,0.5393626470203744,0.7379176399219571,0.5152462110826245,0.5152462110826245,0.47549256638071846,0.4754925663807183,True
0.0,1.9190078749753317,1.676460758548268,0.2425471164270636,0.8163718551449002,-1.9076758051420382,0.7759011587666983,0.33453747993262395,0.5920840229843896,0.6702066339407644,0.6702066339407643,0.6616703095651919,0.6616703095651912,True
0.0,1.942818961513924,0.9803608791420887,0.9624580823718353,-0.29757136389776256,0.2938845522476372,0.5346035814572923,0.29026835346839913,0.429890926510668,0.4149689437359576,0.41496894373595766,0.13272958341874005,0.1327295834187404,True
0.0,2.269263660605762,2.0386586208948096,0.23060503971095248,0.4280946382482319,-1.624127811983879,0.9182114152108976,0.5481347275783468,0.6197276282581671,0.6348068336799866,0.6348068336799871,0.7217006415886256,0.7217006415886256,True
0.0,1.609546365316208,1.2251705714007282,0.38437579391547994,-0.24645331758364208,-0.7878912558871579,0.7260712300428774,0.776450089587087,0.606230064308264,0.6541724559864207,0.6541724559864207,0.5491656347027631,0.5491656347027627,True
0.0,1.3916164178658503,1.084997510082843,0.30661890778300727,0.4621346689938223,-1.9713940968420438,0.6351771375192337,0.27056337997568747,0.7190351123560881,0.7151901274154463,0.7151901274154462,0.5466438202064298,0.5466438202064298,True
0.0,2.340578668935645,1.7098400211870046,0.6307386477486403,0.07808681335097813,-1.7154275150601537,0.8210085987459068,0.445414201817385,0.6029399403292284,0.31593329798646436,0.31593329798646436,0.37028057342452675,0.3702805734245267,True
0.0,1.4022971953253063,1.329225086990617,0.07307210833468925,0.7384338676987933,-1.9569902083170456,0.6816519376887441,0.2631526146147031,0.6574326892485087,0.9137581558409745,0.9137581558409742,0.8719455828945719,0.8719455828945721,True
0.0,1.570631677090912,1.545858320445829,0.024773356645082956,-0.6813849151128399,-0.07059550026081807,0.8233078094692464,0.7592810105121339,0.5937122499696501,0.9746174928845892,0.9746174928845894,0.9712267600750782,0.9712267600750774,True
0.0,1.9242414019519316,1.2635195888217479,0.6607218131301837,-0.1823172371167687,0.7909805480713015,0.7324144881588209,0.5886437623963261,0.41351557748098555,0.5507056137993654,0.5507056137993653,0.4246466552876045,0.424646655287605,True
0.0,2.5524595879247207,0.9466952467193409,1.6057643412053797,-0.09594527427492966,0.26266860086891297,0.505061708619513,0.6138873436400256,0.5455734485130433,0.12127877273566719,0.12127877273566728,0.027416064475405746,0.027416064475405733,True
0.0,2.1082630395999056,1.3541654474965548,0.7540975921033508,-0.09906306903012874,0.07707105968759342,0.6035947186402358,0.5249848344385186,0.5045974104126043,0.3662098774578849,0.366209877457885,0.2270444645487773,0.2270444645487761,True
0.0,1.830298867035018,1.7467534780204756,0.08354538901454234,2.329586972123007,-3.6172692579642236,1.143254597027473,0.49029824651470727,0.7142885478306714,0.865293926716034,0.8652939267160333,0.9116496933219902,0.9116496933219901,True
0.0,2.247630569854674,1.6895019323360554,0.5581286375186187,-1.8996278662199462,-0.12083574227727312,0.8771463149516189,0.34060780536970603,0.6409281248860006,0.4875039616616121,0.4875039616616123,0.5478164920737233,0.5478164920737233,True
0.0,1.4866517793316125,0.9601735866158918,0.5264781927157207,-0.033244042487015374,-0.2568271268155842,0.5697991753925092,0.1501668795271267,0.4989843002029851,0.6323653208377529,0.6323653208377528,0.3493101682703479,0.3493101682703483,True
0.0,2.066541834413326,1.1045482266081148,0.9619936078052111,-0.8249123107993059,0.35704780358979704,0.6009845370180726,0.04676962293188919,0.010474175136202302,0.4526264607365344,0.4526264607365345,0.18386214644796145,0.1838621464479608,True
0.0,2.496569685784648,2.12834241236706,0.3682272734175882,-1.3771877382772073,-1.6553645194745337,1.1673929832187673,0.17430508606825218,0.4480459196256391,0.4721368552778198,0.47213685527781923,0.7002659728422853,0.7002659728422849,True
0.0,2.8087720466001107,1.9618855100146515,0.8468865365854592,-1.677987116409337,-2.1497749908610064,1.0867462290366448,0.6323229604884241,0.6973907105724332,0.16451592345321642,0.16451592345321625,0.3939656372191627,0.3939656372191628,True
0.0,1.5110381202100702,0.9577402964023625,0.5532978238077078,-0.25141496162932764,-1.1809478332767998,0.6122448415929854,0.38566849923047664,0.6793874232694455,0.5884361061130947,0.5884361061130945,0.3467168753338241,0.34671687533382367,True
0.0,1.4581151106875259,1.3934508785758581,0.06466423211166772,-1.1290488516080601,-0.6819220823055053,0.8414427093353055,0.7585391844738469,0.45717109480591234,0.9422384652891109,0.942238465289111,0.9319670738734154,0.9319670738734156,True
0.0,1.935957499095299,1.544879401813988,0.39107809728131104,-0.27023944218415946,0.023829954242536422,0.6910908675424114,0.684601372804042,0.5342161644564144,0.5965465194167141,0.5965465194167137,0.5180410381740713,0.5180410381740709,True
0.0,1.7952783189919295,1.3981746940578408,0.3971036249340887,-0.6748200967640628,-1.7914474896041048,0.8681607096325183,0.029573684231947284,0.6702956851260924,0.5887262036818449,0.588726203681845,0.5926917826765011,0.592691782676501,True
0.0,1.7966305212121292,1.7535356312562504,0.043094889955878735,-0.7483777589745227,-0.3220386825733659,0.8670373220245314,0.5744453698889431,0.3942235709387515,0.9437223773793167,0.9437223773793164,0.9485389257444865,0.9485389257444863,True
0.0,1.5272142550891101,1.3535864931290165,0.17362776196009366,-1.050182911098361,-0.3925562387616487,0.6890613686605904,0.05672411248404724,0.6226718650580952,0.8583438689960443,0.8583438689960441,0.7669339873980142,0.7669339873980134,True
0.0,2.0533967687860093,1.84721145149286,0.20618531729314937,3.389008568075583,-4.0506496642294545,1.1336770223090522,0.41767510338101127,0.6908643141310871,0.673900995111042,0.6739009951110424,0.7830711061672644,0.7830711061672642,True
0.0,1.780189956923331,1.7133541505824943,0.06683580634083675,1.0477741502358104,-2.874801084731428,1.0174416906290018,0.3498992058516561,0.6915479180555064,0.8963983598502927,0.8963983598502926,0.9211153490414502,0.9211153490414503,True
0.0,1.7615906733037265,1.1355650954070093,0.6260255778967172,-0.35278935159068225,0.8216798301825385,0.4271028294293436,0.4446307730026887,0.007014277387761447,0.7048656541059479,0.7048656541059477,0.19634198660482186,0.1963419866048203,True
0.0,2.717958011210967,0.9366594413762354,1.781298569834732,-0.4548346957779008,-0.6539501699785769,0.4780549608095891,0.04353513145068505,0.6765224179195717,0.06991404362404124,0.06991404362404119,0.013424770847293984,0.013424770847293677,True
0.0,1.9400125226057006,1.5864008231042326,0.353611699501468,-0.08150055069732637,-0.7632251999410318,0.663571059070545,0.5607775727697615,0.5325777613236167,0.5920602130244697,0.5920602130244699,0.5131396592329737,0.5131396592329743,True
0.0,2.237606733745152,1.9723221447106931,0.26528458903445906,0.26959734428196264,-1.4336871391199204,0.8343537206502961,0.9144320200207436,0.6169941974905524,0.6034029565138167,0.6034029565138164,0.6620966746786486,0.6620966746786481,True
0.0,1.758614215826714,0.8716399539612892,0.8869742618654247,-0.9227407122940814,-0.3216046969620673,0.6441391293910513,0.06004854346130728,0.1697998826451685,0.5282771605884098,0.5282771605884097,0.2530090404742856,0.2530090404742855,True
0.0,2.49879917547833,0.5826117439230705,1.9161874315552596,-0.04380667943251202,-0.45557168504759116,0.2839038319075205,0.7569568258746804,0.6353309045558925,0.09378841059878894,0.09378841059878892,0.001039329064757063,0.0010393290647564438,True
0.0,1.8072767202083444,1.6986087012604045,0.10866801894793987,-0.5796435340830705,-0.8520239048463876,0.9945470895952576,0.5570229916616629,0.6377972674304404,0.8566483673759305,0.8566483673759305,0.8920143968769796,0.8920143968769801,True
0.0,3.1841238233398563,1.1706755734229053,2.013448249916951,-1.6493838210021246,-1.3794779837306783,0.7841411923391778,0.07656719968854525,0.7388659178936117,0.025272609564258284,0.025272609564258215,0.0506531799047663,0.050653179904765984,True
0.0,2.48409783689874,1.7916894231066336,0.6924084137921063,-2.0126235952549663,-2.6558796425254343,1.2888455074048912,0.33161512919189917,0.7129662820105039,0.27292201564187135,0.2729220156418714,0.5771727219007792,0.577172721900779,True
0.0,1.710271061579082,1.5569106042088092,0.1533604573702727,0.06450307380354862,-3.087233371279447,1.0452944443486483,0.8351128311129221,0.7480254405173986,0.7964198313028129,0.7964198313028127,0.8441635879260567,0.8441635879260567,True
0.0,1.4503071363667959,1.4173972420323926,0.03290989433440328,2.946393245768038,-3.4405535500303,0.8923253225257131,0.35491923915907697,0.6823657505260918,0.9541750696758691,0.9541750696758688,0.9532342189701908,0.9532342189701908,True
0.0,2.5168934902985343,1.4904346919946463,1.026458798303888,-0.1539652604448437,0.3941547148710405,0.7461943054620727,0.8628548983438475,0.537066189916943,0.2017387479739186,0.20173874797391855,0.21148589347578547,0.21148589347578556,True
0.0,2.4289203257742153,1.2294014561780284,1.199518869596187,-1.5450941296796539,-0.23204950090676046,0.6555985361084063,0.822294549014027,0.07338808008913084,0.24020413346154287,0.24020413346154296,0.13381813660008313,0.13381813660008274,True
0.0,2.3505430645425114,1.1752389434100887,1.1753041211324227,-0.7005545847801509,-0.21145072417561894,0.6020326141169451,0.521391050972978,0.35879646190476433,0.21496398238704406,0.21496398238704406,0.10319680160083546,0.1031968016008351,True
0.0,1.3249127014975104,0.8014447237777796,0.5234679777197307,-0.39918906008069616,-0.20807179485016936,0.5062899993033562,0.24203036398652933,0.3216590850771239,0.7393396445631071,0.739339644563107,0.3271024845011982,0.32710248450119844,True
0.0,2.9632656266658732,1.3180898789512163,1.645175747714657,0.1263763099829463,-2.0631917810833587,0.7338306052956979,0.49274453427270287,0.7073110988152617,0.039569048965745854,0.03956904896574594,0.05577948244769223,0.055779482447692305,True
0.0,2.4048507262702254,2.201935331094186,0.2029153951760394,0.2567786787036212,-2.005648031354964,1.0198764636231572,0.2196042372902693,0.6028860395422763,0.6492982625761913,0.6492982625761915,0.772379214203951,0.7723792142039506,True
0.0,1.859534393004478,0.9745854665296411,0.884948926474837,0.28760987634958934,-1.4402556176921595,0.5464284737548631,0.8467880029336581,0.558294579514486,0.337853716927362,0.33785371692736194,0.12632425033956018,0.12632425033956038,True
0.0,1.8505257934957124,1.7339916788298597,0.11653411466585273,0.631853131851387,-2.018775594527556,0.8546041909643479,0.5293310161182331,0.5595158078711684,0.8262363558770242,0.8262363558770238,0.8384806295261106,0.8384806295261107,True
0.0,2.0599786027483984,1.2727017985888054,0.787276804159593,-0.9151130970239578,-0.1896635771748595,0.759200534759882,0.7152643932314342,0.5440089255772484,0.4072210605765666,0.40722106057656665,0.33676871937405656,0.3367687193740564,True
0.0,1.7821412672429302,1.3552180218562437,0.42692324538668647,-1.3409901991492976,0.3373277895800586,0.6784089742109818,0.04338638903848174,0.019801757720316282,0.7944680630315024,0.7944680630315022,0.551770545218306,0.5517705452183065,True
0.0,2.101334458218242,1.6611085379253212,0.44022592029292085,2.128257506347611,-3.2720290226002016,0.9325657342658655,0.6961352475613167,0.7043032353526304,0.4506805610329838,0.4506805610329838,0.5267877521739516,0.5267877521739516,True
0.0,1.9150687835110878,1.0808869013460687,0.8341818821650191,0.37835891323904763,-2.097406397512743,0.6651249509831011,0.6385371029103234,0.7219375016378379,0.3268144600958903,0.32681446009589044,0.19928409350878504,0.19928409350878462,True
0.0,2.0945331132811846,1.3915486360578997,0.7029844772232849,-0.23812361444218788,-0.7497249181725446,0.6779233347260697,0.8759180064900417,0.6029663689124793,0.3627166046916481,0.36271660469164835,0.2793795460944797,0.27937954609447985,True
0.0,1.3665561498908796,1.119307578816788,0.24724857107409148,-0.14387442424988892,-0.3017699419285662,0.5709831478300968,0.5380293351872952,0.5990072960461272,0.8064054398673789,0.8064054398673792,0.6076434124162422,0.6076434124162428,True
0.0,2.105602686327904,1.9129739620074633,0.19262872432044076,1.2083311946390738,-2.7145772843910767,1.0338057516968053,0.41716839638378317,0.6320181126012664,0.6943782119627389,0.6943782119627387,0.7837390370313205,0.7837390370313199,True
0.0,2.5267464349082926,2.5197312899807467,0.007015144927545958,-0.05532452436736139,-0.6139789072988509,1.09719830698059,0.8889582783360401,0.5294979988761608,0.9842313789733466,0.984231378973347,0.992288355786647,0.9922883557866472,True
0.0,2.2591807980317866,1.4659604466111076,0.793220351420679,-1.7477378788460707,-1.7390876869933025,0.904731098084772,0.7708770764154305,0.7276222201437048,0.3010403349179254,0.3010403349179254,0.3747562864362369,0.3747562864362363,True
0.0,2.0944771028508695,1.7542908563170894,0.34018624653378016,-1.020218708653782,-1.087830346557673,0.8803890645942511,0.8768090390026101,0.3987303369364191,0.5822360363675205,0.5822360363675206,0.6382674119685237,0.6382674119685248,True
0.0,2.589819509490566,1.5331094757948842,1.0567100336956818,2.263311878900628,-3.0425811098538085,0.8311865237110555,0.12386218844597091,0.6773465971547701,0.12268780491987993,0.12268780491988016,0.17251909126979828,0.17251909126979814,True
0.0,1.7978351043467493,1.2183961325813846,0.5794389717653647,-0.2889240096061417,-1.2618528167286336,0.6080844621937128,0.6195971979945005,0.6840329308558017,0.4872873572190934,0.48728735721909344,0.30300931210261434,0.3030093121026139,True
0.0,1.7858366329802158,1.3714284705111173,0.4144081624690985,-0.7239328571755124,-0.06230533531646809,0.6589296557678389,0.11422823592663267,0.2992725112458728,0.6477754294821227,0.6477754294821226,0.49610995531719815,0.49610995531719904,True
0.0,2.320326304489506,2.1041401344952226,0.21618616999428353,-3.8499270871509985,-1.481070308312367,1.1424133009175814,0.7652409776686961,0.698450457855563,0.6965349271225424,0.6965349271225426,0.8584129204370303,0.85841292043703,True
0.0,1.8082624453605705,1.6205421226102183,0.1877203227503521,2.2607848784991664,-3.4956275147738407,1.1649411783079995,0.3347105809869841,0.7196002042815399,0.7323612423674974,0.7323612423674972,0.8202260698961439,0.8202260698961437,True
0.0,2.2367578650575792,1.7191400234252217,0.5176178416323576,0.10164537457094,-2.8368861372825402,1.026555241839835,0.649940180896525,0.7235127891201333,0.3893733015882735,0.3893733015882735,0.5299169483315157,0.5299169483315158,True
0.0,2.1053113293479444,1.35426957441451,0.7510417549334345,-1.897510667932078,-1.543580960699091,0.9278917645224912,0.5849041831299236,0.721904930631066,0.37280496923977813,0.372804969239778,0.44066481538816094,0.44066481538816077,True
0.0,1.2725861804104728,0.9071387496601206,0.36544743075035213,-0.0871945957792717,-1.1945943505461458,0.5879098729476887,0.7711191371064763,0.7037099168495715,0.7351114866866865,0.7351114866866865,0.48995470921556145,0.4899547092155615,True
0.0,2.1929428045802,1.396005763510368,0.7969370410698322,0.767427428835801,-1.861018958548136,0.6805997380041586,0.8089819110554989,0.65027791604863,0.2697597968527879,0.269759796852788,0.21245948871453255,0.21245948871453238,True
0.0,2.203312187429743,2.1470831575344844,0.0562290298952588,-0.3053108808836471,-1.9933334625034758,1.156832013501192,0.07318403020329572,0.656697688039878,0.8950417735094678,0.895041773509468,0.9435009979107978,0.9435009979107971,True
0.0,2.714176872228715,1.610092239003044,1.104084633225671,-0.058082361285382286,-0.49167674987855037,0.8216953121517802,0.20989766746711275,0.5158399897635517,0.12601772602855382,0.12601772602855382,0.19462402289020733,0.1946240228902071,True
0.0,2.0290039820005723,1.5754068468214701,0.45359713517910216,-0.20358236095356963,-0.34242735079541653,0.7414118764519898,0.7758852776174848,0.5604533620561368,0.5155315662142809,0.5155315662142809,0.4823632520515391,0.482363252051539,True
0.0,2.8432223404910424,1.479051654004057,1.3641706864869854,1.5020183043314637,-2.899490864525385,0.8392103296768821,0.6727785272482151,0.6947456946486948,0.060364804681537175,0.06036480468153714,0.11033847502514342,0.11033847502514318,True
0.0,2.111958986547811,1.1334578246810134,0.9785011618667976,-0.4159868166007492,0.7365871520702831,0.5218379835087731,0.49422278797704644,0.046668440339245554,0.43652113956237265,0.4365211395623731,0.12917516994731604,0.12917516994731584,True
0.0,1.292602295873105,0.7763506866303655,0.5162516092427394,0.31771145490057634,-1.144737255895424,0.39713245678213943,0.1477297944972762,0.6265645350477386,0.6441724121456207,0.6441724121456206,0.19077105308583137,0.19077105308583092,True
0.0,2.3323107795343003,1.8738055258303539,0.45850525370394646,0.8364167553450297,-3.0551351005194833,1.1559827830319038,0.21185046235585242,0.7072183305350113,0.4034635584675609,0.403463558467561,0.6039495023465825,0.6039495023465825,True
0.0,1.5944615722634903,1.4766368078536416,0.11782476440984868,0.12329728175922117,-0.9593567724744214,0.7961855688737737,0.3246144913135859,0.5952427063135166,0.858989616931478,0.858989616931478,0.8404854984955009,0.8404854984955005,True
0.0,3.7218781572810586,1.0022148583309476,2.719663298950111,0.3675844867452192,1.368074639835735,0.44523611598796925,0.5399622915344986,0.005277025360105436,0.008264323393262227,0.008264323393262057,0.0029883108237249746,0.002988310823725721,True
0.0,1.7942152310364705,1.4179289551901273,0.3762862758463432,2.727931380997008,-3.563509700577739,0.9371013408926828,0.34579093910882586,0.7251644120068601,0.5528834809157401,0.55288348091574,0.5888445838999099,0.5888445838999098,True
0.0,2.330718186787515,1.1905083084560086,1.1402098783315062,-0.2212362693911976,-1.0545363115951547,0.5554606678104721,0.6886256387589436,0.6648053221605696,0.1823509494360124,0.18235094943601235,0.07808034864421856,0.07808034864421877,True
0.0,1.8726953590559514,1.5364355817929873,0.3362597772629641,-0.6059394814236524,-0.40031501930803004,0.834133580500247,0.027953892989256768,0.5690918024974289,0.645644978480138,0.6456449784801379,0.6458327657302033,0.6458327657302029,True
0.0,2.1241642969419763,1.9609946549868769,0.16316964195509942,0.44079246658184684,-1.9771031689746321,0.8385392997577106,0.4082837552968689,0.6519790182909113,0.7365819871328777,0.7365819871328775,0.7734575508708957,0.7734575508708951,True
0.0,2.2807734725383084,1.8770181233300895,0.40375534920821887,1.0426747350578842,-3.9408932160021206,1.3573306027420704,0.9881616261710928,0.7466681167279249,0.4499997886317394,0.4499997886317395,0.6983099574211645,0.6983099574211645,True
0.0,1.80167141846949,1.7744772854708835,0.027194132998606513,0.20270611337580657,-0.9082733607003226,0.7104676911215136,0.2602774019273033,0.5618332742393859,0.9587876696847026,0.9587876696847025,0.952627516247955,0.9526275162479533,True
0.0,2.5673507854631623,1.8160975663601453,0.751253219103017,0.170037304421248,-1.3144707432619853,1.1220303227978643,0.07443825296503365,0.616356618843642,0.22577643224255892,0.22577643224255897,0.44774188454451047,0.4477418845445103,True
0.0,1.5450885768699827,0.9536704475729759,0.5914181292970068,-0.11880314896813683,-0.7568079591022127,0.4893152543836287,0.26841705076723643,0.5504526580789109,0.569939014894928,0.5699390148949282,0.2259587211906528,0.2259587211906528,True
0.0,3.171297082276078,2.4780112241403085,0.6932858581357695,0.5746213292835383,-1.9652889736436125,1.1526799599181863,0.2872967865106264,0.536696225194003,0.1576990635505149,0.15769906355051394,0.45158192361486404,0.45158192361486454,True
0.0,3.5556004842544624,2.398030275893021,1.1575702083614412,0.7521381128588162,-3.835020679624029,1.324467997861025,0.9965355380165276,0.7091118405220406,0.03640425075260281,0.036404250752603146,0.30664214728410105,0.30664214728410116,True
0.0,1.904731152479209,1.3914668335375426,0.5132643189416664,-0.9529917677792203,-0.20302649104654402,0.7517146778383708,0.2918780227030421,0.29848990091554206,0.5638410183536996,0.5638410183536998,0.4852133792127101,0.4852133792127104,True
0.0,1.4490738494500643,1.177111944178213,0.2719619052718514,-0.9865781693628878,-0.9389871849571119,0.7389287888234591,0.703474219719014,0.35027034330926693,0.7889622820927704,0.7889622820927704,0.6887957050375838,0.6887957050375844,True
0.0,2.496718727163735,1.229248222367065,1.26747050479667,-1.3083080718118572,-0.7583784017769561,0.7778351646372514,0.5211417451953096,0.6639118106180222,0.16411815803063445,0.16411815803063448,0.16303603394353425,0.16303603394353403,True
0.0,2.469137090333097,1.7335163147328998,0.7356207756001971,-1.1009593645501614,-2.1874787731600196,0.9425905991057119,0.2727598100574551,0.7108730436115576,0.2542299529250144,0.25422995292501427,0.3815662741304452,0.38156627413044525,True
0.0,2.164449954646469,1.3344498473817599,0.830000107264709,0.695662377156643,-1.835233997637832,0.8683713142872881,0.954437237668722,0.6610267387779114,0.26599579179482885,0.26599579179482885,0.29973216892938565,0.2997321689293854,True
0.0,2.1604275802084376,1.5740407312377445,0.5863868489706932,0.3422514111217139,1.649485749096943,0.7034039476670602,0.892136745319015,0.10056489386979567,0.5872184153655263,0.587218415365526,0.45703564228608135,0.45703564228608284,True
0.0,1.8727816675073548,1.8194342571226063,0.05334741038474844,-2.6057341111000656,-0.23677498110416406,0.9308685798372921,0.5356268569968432,0.15051824059939756,0.9527350966575482,0.9527350966575471,0.9604966786349419,0.9604966786349405,True
0.0,2.237673981929261,1.5721825840312929,0.6654913978979682,-0.3131862782802809,-1.5358896036676266,0.7560524171306768,0.9042816645454927,0.6714554517688907,0.3294106459878968,0.32941064598789677,0.32651454788810563,0.32651454788810547,True
0.0,1.827891538498193,1.626439446284317,0.20145209221387606,0.1070824902896961,-1.417620644619537,1.0436265877849416,0.20105933489265365,0.5531061734481965,0.737437469653316,0.7374374696533159,0.8058571056935938,0.8058571056935936,True
0.0,1.9166674018702807,1.8347768348767768,0.08189056699350394,0.2146561159824744,1.0313333993401592,0.7804064334217649,0.42835402829454594,0.4111009865561888,0.898843929211201,0.8988439292112009,0.8971130158933135,0.8971130158933127,True
0.0,1.921845673999694,1.776233367002324,0.14561230699737004,0.5993098735766277,-2.838510395461319,1.1704994523994348,0.9500778084513934,0.7114762001170079,0.7789416959443238,0.7789416959443239,0.8631349058145764,0.8631349058145765,True
0.0,1.7037732742622365,1.0329813435698718,0.6707919306923646,0.6691211564994641,-1.7654697645406812,0.5674863962250806,0.258612683519024,0.6185699646068694,0.43901947604405667,0.4390194760440566,0.21399938077081104,0.21399938077081124,True
0.0,2.4258262605525522,1.5950798623833997,0.8307463981691525,0.01593377709070171,-0.8733030310258336,0.7845134245623185,0.7055495010116777,0.5840055039554576,0.23233263169402918,0.2323326316940292,0.26640988407724114,0.2664098840772411,True
0.0,2.536588722006649,1.576926224986379,0.9596624970202703,-0.22735359598471735,-0.5896964929273388,0.7164285898244809,0.2933429008695316,0.5443429437815479,0.18491176103828402,0.184911761038284,0.1924399880307324,0.1924399880307326,True
0.0,2.140818760322704,1.4686361201706855,0.6721826401520183,0.39760743522645353,-1.5647128971975004,0.7074057669603986,0.010500839360706948,0.6467168845505635,0.33680627042506506,0.336806270425065,0.2905065254120583,0.29050652541205874,True
0.0,0.7730916041124817,0.7578203096503557,0.01527129446212594,0.1345705491849711,-1.072671041487514,0.4281692249833533,0.30106306029232144,0.6660354158381545,0.9912683915944647,0.9912683915944651,0.9600441647253405,0.96004416472534,True
0.0,1.7787213552830483,1.2163873205947433,0.562334034688305,0.7235933086401038,-2.357256373215125,0.6917274667433956,0.40061957175478763,0.7221239127759451,0.46274224174963563,0.4627422417496359,0.34530909016555533,0.34530909016555494,True
0.0,2.6083100522032345,1.8234887362589267,0.7848213159443078,1.0887479813215837,-2.6628740101405777,0.867817818975054,0.37567606938996356,0.6851217734391996,0.19373878470409608,0.19373878470409595,0.29320955393196285,0.2932095539319621,True
0.0,1.6743779925864128,1.4877944699661878,0.18658352262022504,-0.5067645012264004,-0.685589565813129,0.660468687341174,0.8926066271536554,0.6309075564787504,0.7957122099906135,0.7957122099906137,0.7122474525866298,0.7122474525866307,True
0.0,1.6170570119949972,1.3006117563614412,0.31644525563355597,-0.8303947839910305,-0.1648095870069768,0.6561662533587888,0.3840933077592949,0.26992878249197555,0.7529144030330144,0.7529144030330148,0.5940293753454491,0.5940293753454485,True
0.0,2.1648537980875413,1.5251670416595176,0.6396867564280238,0.014322832122581702,-0.9606056982423797,0.7971418363961605,0.2693444035111706,0.6179054202675798,0.3608820993975584,0.36088209939755833,0.3715479785684342,0.37154797856843363,True
0.0,1.6266720091570268,1.3997449402699595,0.22692706888706726,-0.6390744754682223,-0.6497780209462278,0.7186573321547872,0.667501983946474,0.6028596097040356,0.7752829136832834,0.7752829136832836,0.6999312673584773,0.6999312673584775,True
0.0,2.0920120869982184,2.0580224041605835,0.03398968283763493,1.0973258092652658,-2.1772198085941987,0.9242225952345904,0.6092544513802723,0.5983754825343616,0.9361634112561378,0.9361634112561371,0.9521282306620346,0.9521282306620347,True
0.0,2.158593828243762,2.008986512918562,0.14960731532519977,1.4937256272709836,-2.468728519205037,1.0217876386776639,0.26909838861467583,0.6145832872367363,0.744636594914199,0.7446365949141992,0.8231409545285338,0.8231409545285346,True
0.0,2.226243765888101,1.9913401030013493,0.2349036628867518,0.8540325725734368,-1.8941528380672068,0.9168368049706551,0.27326209012778707,0.5792101131186399,0.631683576324202,0.631683576324202,0.7128898575847732,0.7128898575847732,True
0.0,2.157573957870163,1.254346503952767,0.9032274539173959,-0.8977873823202756,0.5289881319536829,0.606334712972489,0.4741959523302673,0.01026394632741684,0.4558435201671235,0.4558435201671233,0.2058409255101372,0.20584092551013639,True
0.0,2.239446736694065,1.5949153340463096,0.6445314026477553,-0.16309558430877905,-0.8591264151778906,0.8302875842550518,0.8515297591106856,0.4811757923491298,0.3467377225962513,0.34673772259625146,0.3889997440233535,0.3889997440233529,True
0.0,2.4646545950143053,2.2053077497771922,0.25934684523711304,-0.16946988964457974,-1.267782667686463,1.1632797988493462,0.19580986281216323,0.49562350793570165,0.5791106571150386,0.5791106571150387,0.7662232136978785,0.7662232136978782,True
0.0,2.0755328265068402,1.2905655580350637,0.7849672684717766,-0.360529997704703,-0.5664749376691904,0.5647554379451905,0.9609410550774058,0.6341140608383316,0.34907207227453585,0.3490720722745358,0.18223638025503797,0.18223638025503833,True
0.0,2.5959047169292826,2.3486494287184603,0.24725528821082232,0.19964410370110283,-1.362996798861499,1.094680483997071,0.07728967565240785,0.5842356762840659,0.5704139527752526,0.5704139527752525,0.7511669314767607,0.7511669314767605,True
0.0,2.563011904580766,2.1199109110972394,0.44310099348352683,0.5410350404398667,-2.062638604392585,1.1043334956336217,0.3747496041769738,0.6417996186265795,0.38064901099135606,0.3806490109913563,0.5956462316965447,0.5956462316965445,True
0.0,1.5551041108560337,1.5093510056334436,0.04575310522259013,-0.41938149808644165,-0.08389092692133249,0.7388818270485408,0.3606032625588948,0.5412309404686149,0.9519579236864013,0.9519579236864012,0.9357163069687155,0.9357163069687153,True
0.0,2.3618801702563843,1.0917180379434608,1.2701621323129235,-0.1819758411116704,-0.09147534066706764,0.504395884808017,0.6434890988422889,0.5651756684341179,0.18143733072234683,0.1814373307223469,0.05196334851568081,0.05196334851568043,True
0.0,1.6558226264281701,1.4676292766028787,0.18819334982529146,2.6995437417061843,-3.404021486539637,0.9789593556719333,0.7042830190291334,0.7108859039796666,0.7494863880581465,0.7494863880581465,0.7809571135631937,0.7809571135631937,True
0.0,1.5854559552666738,1.403098086121024,0.18235786914564978,0.06390554411353029,-2.3396754124933468,0.8177849810889815,0.33111759374804883,0.7257256048644062,0.7858644382757374,0.7858644382757376,0.7622433893249025,0.7622433893249024,True
0.0,2.5552841586976993,2.4955481940535047,0.05973596464419462,-2.0375152391718685,0.6548680866495777,1.3306151401011876,0.7128488568200673,0.5885280080600962,0.8989306800423129,0.8989306800423128,0.9900671125220293,0.9900671125220313,True
0.0,2.0389268263390803,1.5415735522571687,0.49735327408191154,0.5358782444816454,-2.1343769564056387,0.7182246705115449,0.5990310958000302,0.6856830247035727,0.44342113810240263,0.4434211381024026,0.3988513232849442,0.39885132328494416,True
0.0,1.8501072310140483,1.5661613391229878,0.28394589189106045,-2.25502417105825,-0.9945418361565587,0.9280463742320532,0.27067634239590865,0.6992822613755802,0.7281991900978969,0.7281991900978968,0.7631407628230787,0.7631407628230797,True
0.0,2.119100930676642,1.6846816818223698,0.4344192488542722,-0.24104680895887506,-1.4547214031206621,0.8622822368709003,0.34709275293318975,0.6504250810418366,0.4850370524608319,0.48503705246083173,0.5357271086932902,0.5357271086932901,True
0.0,2.0103510522929313,1.8006480864990702,0.20970296579386116,-0.8183250814630639,0.005795194258064962,0.9537940930837308,0.6793724371765678,0.3435728705436586,0.7432092884343419,0.743209288434342,0.8064415202540397,0.8064415202540394,True
0.0,1.6403133495850062,1.0283000906744815,0.6120132589105247,-0.7659164658403812,-0.8393916499363265,0.6378634923391148,0.8449241406765455,0.34793011503510807,0.5676748316040674,0.5676748316040674,0.34136684194226685,0.3413668419422666,True
0.0,1.735535727021087,1.298979204778519,0.436556522242568,-1.2768759398704776,0.11521575513033921,0.5928762896932842,0.9725421054242369,0.0782270310767505,0.7483836857478511,0.7483836857478511,0.4545824167201518,0.4545824167201512,True
0.0,2.8095826438615,2.809130104903491,0.0004525389580090078,-2.124138555374235,-1.6631632565425547,1.401944017660137,0.013244802231927755,0.6204133793065613,0.9988512439715272,0.9988512439715282,0.9996514347766157,0.9996514347766152,True
0.0,2.3053518466945904,0.5831037900683486,1.722248056626242,-0.1437507168594478,-0.706359686426774,0.36560398792998827,0.16052619884854136,0.49716810467661,0.1385266832629392,0.13852668326293918,0.004758647071340374,0.004758647071340307,True
0.0,1.7468796843422179,1.32390364807133,0.42297603627088787,-1.0841297000092844,-0.05273375197185404,0.668568137874771,0.5212914035658747,0.1891063088777205,0.6916008592775413,0.6916008592775414,0.5136413878436262,0.5136413878436251,True
0.0,1.6764218738093521,1.0644656773006647,0.6119561965086875,-0.7054964064009959,-0.4137562977687692,0.5887671566308749,0.5443338023686848,0.278078427206235,0.5792807679091256,0.5792807679091256,0.3075757528176095,0.3075757528176095,True
0.0,2.409824626305664,2.1826983466351026,0.22712627967056154,1.6434722567309183,-3.0154912221465078,1.0801792365532794,0.998160152976953,0.6428815338713543,0.6078008436972714,0.6078008436972709,0.7517779408012091,0.7517779408012085,True
0.0,2.891427139702543,0.9875178168676914,1.9039093228348518,-0.7236304165976503,-1.1961268705068344,0.6354407289323218,0.9811992337440101,0.7234984252677565,0.04394435311578903,0.043944353115788974,0.027713324531497007,0.027713324531496778,True
0.0,1.5018700070465842,1.3590184569478918,0.14285155009869244,-0.580787949093016,-1.7002898005849687,0.8615527252018345,0.4611736475412576,0.5225425339449392,0.8470332946135205,0.8470332946135207,0.8358326274069547,0.8358326274069545,True
0.0,2.5053788274410436,2.0832394652331687,0.42213936220787485,-0.45543028395121793,0.36458104849005424,1.0079050231612554,0.6306534796199338,0.5457728578097486,0.4563479198662628,0.4563479198662628,0.6441625123009754,0.6441625123009759,True
0.0,3.05901490111053,2.10700069641871,0.9520142046918201,-0.2909932137772274,0.3139197497523283,1.056694045331737,0.01119347802678472,0.5170739325466743,0.12157311999991931,0.12157311999991903,0.3696750507517183,0.36967505075171797,True
0.0,3.0637053292731795,2.060944191624504,1.0027611376486756,-0.6198948694483203,0.5828748845283527,0.9057742707400682,0.44090706216484565,0.34306040711218655,0.1215507934986189,0.1215507934986187,0.2984712217133213,0.2984712217133209,True
0.0,2.6028536242916256,2.135858637937266,0.46699498635435965,-0.49922506388697585,-1.400253647273611,1.0435474373284535,0.20849155880840314,0.6401881869430829,0.3694771331482932,0.36947713314829356,0.5758884482019572,0.5758884482019568,True
0.0,3.03318123442329,1.3550287439905677,1.6781524904327223,0.10164370100234074,-2.165573588292081,0.9267096772197535,0.4409208243178323,0.7177238884440109,0.03373479000519676,0.03373479000519673,0.10001484163411815,0.10001484163411806,True
0.0,1.8282770799729307,1.7255756696101965,0.10270141036273417,-2.0561688419419895,0.5535140068514064,0.79541364449351,0.6513654363744406,0.01720783791548297,0.9841816534443821,0.9841816534443832,0.9138351983003988,0.913835198300396,False
0.0,3.4420506244200975,1.720588660397116,1.7214619640229814,-0.38541893837854924,0.29476754878573264,0.8166485832626389,0.30622718209173116,0.5500531614900531,0.02271319238687735,0.022713192386877325,0.09024090919388283,0.09024090919388318,True
0.0,1.8285513005287033,1.7303831688452482,0.09816813168345506,4.145533203742453,-4.243494420146238,1.1054494664702965,0.7172132312615872,0.7171421208178322,0.8402655415104704,0.8402655415104706,0.888105476099515,0.8881054760995146,True
0.0,1.9744355301574255,1.2053425604054542,0.7690929697519713,0.07083621274863026,-0.7502261253093447,0.5206637903842224,0.6091557328188428,0.5973556432550322,0.36171873503401325,0.3617187350340132,0.15777416583502404,0.15777416583502424,True
0.0,2.54474525689754,0.8232929185321595,1.7214523383653804,-0.18257201991785946,-0.03139894984348579,0.42659781917478123,0.18656096200794292,0.5105786311166377,0.10910322487158138,0.1091032248715814,0.010921053637392075,0.010921053637391619,True
0.0,1.8749802496150325,1.630714376568559,0.24426587304647351,-0.5021854703875546,-2.0042086937312984,0.9563193177477183,0.4937342127491714,0.5409823015398676,0.6889291632118892,0.6889291632118894,0.7417891727509097,0.7417891727509094,True
0.0,3.095867183150713,2.49848592138387,0.5973812617668428,-1.8172833271082813,-2.307703490478777,1.3050949710670858,0.11147918044760236,0.6594840033097085,0.21490746924506118,0.21490746924506104,0.579335401872204,0.5793354018722033,True
0.0,2.505070638295815,1.663970559520173,0.8411000787756422,-2.5158428003731315,-1.1598619930684677,0.9883853889241323,0.1801781936545001,0.2579209880157498,0.2586987932368772,0.2586987932368773,0.4274240124390055,0.4274240124390054,True
0.0,1.2624490726068942,0.4550501303306385,0.8073989422762557,-0.011405499996305862,-0.18898178775614993,0.19479584965923702,0.0859341115643611,0.5878068967668224,0.6573862685401505,0.6573862685401506,0.010086948838585543,0.010086948838585175,True
0.0,2.1676139337930764,1.5662108277147908,0.6014031060782856,-0.6498354138537564,-0.7661141559308148,0.7720551601020318,0.8083976059182272,0.6190772386691271,0.3986470354352124,0.39864703543521257,0.3940329040439386,0.39403290404393904,True
0.0,2.577660190150235,1.4097042815892131,1.1679559085610218,-0.20991891993286907,0.18184615001417148,0.6886883056583205,0.2092199317566073,0.5007469521368547,0.15740318783046434,0.15740318783046425,0.13978123521647287,0.1397812352164723,True
0.0,2.0614224509087298,1.7847870827742225,0.2766353681345073,0.019309811518344013,-2.50728091450161,0.9538060110071106,0.2088053452469663,0.7039306596966475,0.6157950185005298,0.61579501850053,0.6924323547724256,0.6924323547724253,True
0.0,2.081885749922548,2.0484816030712154,0.03340414685133242,-0.3981914442183024,0.12156687914468911,0.903078663107691,0.6199216552208975,0.5353962822811261,0.9463701901852025,0.9463701901852027,0.960068669563045,0.9600686695630455,True
0.0,3.318475368366246,2.0686129242852593,1.2498624440809865,-0.5357494210347106,-0.1867811331676108,0.8896732187494285,0.1797876980939836,0.5771840620383698,0.05127882492057409,0.05127882492057398,0.18776089165990134,0.1877608916599021,True
0.0,1.8483926187494737,1.5243464676369025,0.3240461511125712,-1.8274770498761155,-0.7001574467040004,0.8071681463724146,0.5499230554321352,0.676918273513817,0.7000783177196884,0.7000783177196888,0.6664944319377039,0.6664944319377036,True
0.0,1.3172327754649527,1.271980319186146,0.045252456278806585,-0.993658743343846,-0.774455593561336,0.6283221769142671,0.37199880259405804,0.6814802342142348,0.9638813131967408,0.9638813131967408,0.9237633984170028,0.9237633984170035,True
0.0,2.2148001870701477,1.7298520363083227,0.48494815076182496,-3.600381584634862,-1.4435475009474072,1.1114216002866142,0.93003684350219,0.20138615518672714,0.5194548538962594,0.5194548538962599,0.7386718105722194,0.7386718105722196,True
0.0,2.0091317324701063,1.3467899511373338,0.6623417813327726,0.3045671432491658,-1.350626815849441,0.6469026637906429,0.41805801332040815,0.5773089152118223,0.3761984780774612,0.37619847807746126,0.26718923081076634,0.26718923081076656,True
0.0,2.8291719811387934,1.6027889132636712,1.2263830678751222,-1.0772848800291042,-0.5007567338943484,0.8749447386702411,0.22030524247947242,0.5477705153295365,0.10566586427364609,0.10566586427364605,0.20192508597816633,0.20192508597816577,True
0.0,2.0385993126407076,2.037657479171515,0.0009418334691924102,-0.33042171823370114,-1.0393804654735626,1.0567101554908576,0.10755832923181985,0.6181202762699216,0.9983336783297501,0.9983336783297496,0.9989794805004384,0.9989794805004392,True
0.0,3.219150530855622,2.70209112580569,0.517059405049932,5.047593394938268,-5.343379636708983,1.6020480761322569,0.360355562384975,0.7148537673793072,0.22153159441453557,0.22153159441453324,0.634471350718366,0.6344713507183662,True
0.0,1.959626080492149,1.1054685533965787,0.8541575270955704,-0.8628049053752339,-1.2512830248679607,0.6649674180018142,0.23586668235214625,0.7156185964532791,0.36161804577163054,0.36161804577163054,0.2176829779617637,0.2176829779617639,True
0.0,2.3870977157189612,2.2441080788281313,0.14298963689082989,-0.3483373723693819,0.7266475536705579,0.8767518761978558,0.8671017284241638,0.3460942473257179,0.771332033534355,0.7713320335343552,0.8385094439739219,0.838509443973923,True
0.0,1.9835125911417637,1.0845472665981692,0.8989653245435945,-0.9187596537488831,-0.6245654250569687,0.5853356128689241,0.7218406304442045,0.684278442840943,0.3780691701301351,0.3780691701301351,0.1652134651059356,0.1652134651059353,True
0.0,1.8580655961334436,1.4652907191571198,0.39277487697632374,-0.3592957750110034,0.8295494374741499,0.775021363082946,0.5890094040749394,0.48509493028557055,0.7040756753780122,0.7040756753780127,0.6318243226922315,0.6318243226922315,True
0.0,2.571653368227397,1.7527765576753334,0.8188768105520636,0.4202623547786948,-1.5825542222762696,0.9734199258254782,0.8505516325668291,0.577007668132766,0.19801962394060807,0.19801962394060793,0.3423382024913776,0.34233820249137753,True
0.0,3.2984145607714583,2.0639010270142175,1.2345135337572408,-3.1959763469720133,0.5578154217658442,0.8849465941214666,0.6331260156048822,0.010141025511908486,0.1287725370901705,0.12877253709016648,0.298356746480536,0.2983567464805318,False
0.0,1.332376045378518,1.2988366957474726,0.033539349631045434,0.15242295511917583,-1.3965477921404619,0.6351701871878123,0.9431291855489461,0.628240688010441,0.9635253163574382,0.963525316357438,0.9367940868388144,0.9367940868388144,True
0.0,1.202917174545861,1.1526230795119143,0.05029409503394655,0.0371230021861572,-0.8980956015386259,0.5734462895983122,0.9750733208439604,0.6329131741303614,0.9547716736506752,0.9547716736506755,0.9005982820972005,0.9005982820972009,True
0.0,2.336503600216356,1.6238657905896237,0.7126378096267325,2.2904957284766176,-3.2359634989578137,0.9785285187959805,0.9791274434483583,0.6436189826525562,0.25644010385451776,0.25644010385451793,0.3717987670569993,0.37179876705699927,True
0.0,1.912647918021836,1.8298936400588328,0.08275427796300328,-0.756701259117127,-1.0758441709110662,1.1292038527626358,0.6033141257969679,0.429793833106061,0.8790640343573913,0.8790640343573907,0.9289830578578911,0.9289830578578908,True
0.0,2.9065223219486187,1.9345768733419584,0.9719454486066603,-0.3378303679054233,-0.3409322109299955,0.8264108156786232,0.11225898359269565,0.5824415912895511,0.1282824279204585,0.12828242792045827,0.24007727436803933,0.2400772743680395,True
0.0,2.7895656672416855,2.08211514908515,0.7074505181565356,0.9257517062424285,-2.4043299369934426,1.2568113836247021,0.4124450132919455,0.6546944639147508,0.19689117799035322,0.19689117799035288,0.4856299050621537,0.48562990506215375,True
0.0,1.368562302745925,0.7934160921051877,0.5751462106407373,0.7550139735695085,-1.8183484289506242,0.5584169251256582,0.7021384944832487,0.6689878813091364,0.5710455917853295,0.5710455917853297,0.2776214651714982,0.2776214651714983,True
0.0,1.8063210234179836,1.0326278698708993,0.7736931535470843,-0.3623097708455328,-0.009638860069494215,0.5603334012265302,0.2544250547287876,0.3145383907273932,0.48308345389351603,0.48308345389351603,0.20685623341471365,0.2068562334147139,True
0.0,1.8228552237444227,1.389319505830697,0.4335357179137256,-0.4917419863123007,-1.1939801977839446,0.7378958152507238,0.8947339455584552,0.6661329894934397,0.5659527652274686,0.5659527652274688,0.4938499976364053,0.49384999763640575,True
0.0,1.7563627609650063,1.7021260306225876,0.054236730342418715,-0.21128321255386814,-1.2298462286755825,0.8465241524204317,0.7927947707623451,0.63058414589107,0.9231721095054564,0.9231721095054565,0.9261086692332725,0.926108669233273,True
0.0,1.887620490126607,1.1474652534084069,0.7401552367182,-0.4955025943882783,-1.1081987394041848,0.6798025779117275,0.8480292439380875,0.6687500270472662,0.4083937057657715,0.4083937057657716,0.2729595014627724,0.27295950146277237,True
0.0,1.4299092982383312,1.0648752400865529,0.36503405815177836,0.022261303201229776,-0.469174561899915,0.6067784031454916,0.9053063579234877,0.5123449087664349,0.7100633140465619,0.7100633140465618,0.5003041604027624,0.5003041604027628,True
0.0,2.0016771082996847,1.4766869519758212,0.5249901563238635,-1.2699392785385144,-2.3118771090911734,1.0173396107612367,0.03348738888712682,0.7414320284261784,0.46202069414686775,0.46202069414686764,0.5716848380212776,0.5716848380212775,True
0.0,2.488943575695455,1.410180346559782,1.0787632291356732,3.0099277655522765,-3.788678131220275,1.008514994860142,0.6654776217114905,0.7408890390539267,0.1279137982029527,0.12791379820295273,0.23343115089789201,0.23343115089789188,True
0.0,2.559316908994682,1.330879377583498,1.2284375314111842,-0.387153660200539,-0.36769958930771995,0.72602011006816,0.06509621485319467,0.40574676100882645,0.14113438982825477,0.14113438982825482,0.13512621852116788,0.13512621852116793,True
0.0,1.9462384724861326,1.7032215384175518,0.24301693406858083,-0.2025225115405062,-2.159878811621961,0.8494613141157696,0.9781457626459477,0.6932743065716676,0.6733866792171098,0.6733866792171099,0.6956503348942404,0.6956503348942398,True
0.0,2.398879761068299,1.5279384788190804,0.8709412822492186,-1.1400075771074163,0.21235096826072364,0.9124319202647285,0.759734801003596,0.408340722595522,0.31038103014532825,0.3103810301453282,0.4137605882394769,0.41376058823947603,True
0.0,2.264859940956082,1.844130134654777,0.42072980630130496,2.452035561895093,-3.17724097785379,0.9132800334283181,0.19012238015134675,0.6639856062922755,0.4341154629083136,0.4341154629083134,0.5268828304076492,0.5268828304076493,True
0.0,2.3077254458396137,2.282335626363881,0.02538981947573271,2.3756241562852445,-3.3276454193863074,1.4872155563299831,0.3582098155681068,0.6532599229023895,0.9453479613229203,0.9453479613229203,0.9787499746255531,0.9787499746255534,True
0.0,2.2530764830659136,1.6213742223032512,0.6317022607626623,1.308293321422987,-2.528055059389639,0.8628393439091749,0.5908627499013502,0.6225357573426407,0.3158331134217331,0.3158331134217328,0.3739414155994156,0.3739414155994155,True
0.0,2.7747253359836677,2.689391594115831,0.08533374186783682,0.8910758127373091,-2.071218237307927,1.5931746523799313,0.8861921355141485,0.6067456869475034,0.8022122949175745,0.8022122949175775,0.936703089560021,0.936703089560021,True
0.0,1.991750325391386,1.1649967659564142,0.8267535594349718,0.1502346073934758,0.966138152316625,0.5362727773950802,0.029472709011514386,0.27634772660118734,0.45948654600546923,0.4594865460054694,0.18433970962064775,0.18433970962064722,True
0.0,2.5882072916786876,1.4107608769796998,1.1774464146989878,-0.012004722736956012,0.4942045368931287,0.5822271101508636,0.27073511658488414,0.5018184916355236,0.15977166049928415,0.1597716604992842,0.09810705230615507,0.09810705230615557,True
0.0,2.3163797460895506,1.5938253666884452,0.7225543794011053,0.6748334383699367,1.9675534037282567,0.8803620277883443,0.819326505059353,0.07070672214821,0.5230942464297007,0.5230942464296999,0.5713363612340784,0.5713363612340768,True
0.0,2.2065777470964933,1.9716643435865087,0.2349134035099847,-0.3779080203191552,-0.7876008071534746,0.835080471781123,0.45488428999614894,0.5771886863526894,0.655322795860999,0.6553227958609987,0.7075753815170784,0.7075753815170781,True
0.0,1.8119798642329996,1.5200620989750782,0.29191776525792146,1.6187078228415572,-3.1142915966156512,0.9815832793118711,0.8967260553779075,0.6529921242579039,0.6291875608187161,0.6291875608187156,0.6850314307264895,0.6850314307264892,True
0.0,1.3521606394967447,1.1131052502109255,0.23905538928581915,0.4169868503764635,-1.9986876502903494,0.6082213867582634,0.33580575367884646,0.7208851862940757,0.7716019304910411,0.7716019304910409,0.6077167312487168,0.6077167312487163,True
0.0,2.409123762273216,2.1156894227933822,0.29343433947983355,0.3383615638626995,1.60162440091614,0.8403174913665987,0.37964529737905767,0.3138305462429725,0.6326828599507182,0.6326828599507187,0.7118489642797906,0.7118489642797917,True
0.0,1.7067182503293017,1.694778477372648,0.011939772956653716,-0.44665257258693436,-1.2614247196281339,0.8189342030048417,0.34964929116539195,0.636687785098756,0.9831420024161789,0.9831420024161793,0.9827609613997276,0.9827609613997271,True
0.0,2.2385823472585855,1.550345940605992,0.6882364066525934,-0.412596342249016,1.2208163593679724,0.5818777528912877,0.9499850955987719,0.035126100781813774,0.5399320147722132,0.5399320147722139,0.2883782040843255,0.2883782040843242,True
0.0,2.0202401817409195,1.1237048697658496,0.8965353119750699,-0.28143556583336066,-0.7186633039414907,0.588556125025725,0.390708560306551,0.4583378777760583,0.32503284135207294,0.325032841352073,0.15571977911929208,0.15571977911929266,True
0.0,1.0722879874140498,0.8344059238325058,0.23788206358154407,0.1462086115040134,-1.2839794019138586,0.438417372621896,0.8639686769403407,0.704483965159154,0.834951523110247,0.8349515231102467,0.5091144330911916,0.5091144330911919,True
0.0,2.33154571035262,1.4073909709926435,0.9241547393599765,-0.12436115594488849,-0.2105129898361945,0.5807843967539562,0.3647545005030714,0.47136760959188934,0.2441788213974266,0.24417882139742686,0.14644223086024985,0.14644223086025027,True
0.0,2.6339198069697276,1.6936330306380971,0.9402867763316305,0.8162346768609036,-2.432125904917144,0.9106576149569161,0.4708390207581711,0.6744131476952798,0.14892673038879897,0.14892673038879894,0.25294469255357754,0.25294469255357743,True
0.0,2.9492773502165948,2.2663167865260543,0.6829605636905405,1.613622085147877,2.5877955948169937,0.9809294801619062,0.4294415940929964,0.2476293176137826,0.28986663186033296,0.2898666318603325,0.5717060194077173,0.5717060194077185,True
0.0,2.5270079902340323,0.6852863356004539,1.8417216546335784,-0.7187712822067239,-0.5957407743569639,0.5079150845386965,0.38501922867823607,0.6770327179376183,0.11144101137905804,0.11144101137905801,0.016492887475457966,0.01649288747545795,True
0.0,2.2652428441533594,1.631526820532832,0.6337160236205275,-0.9047285281707231,-0.8309342160586973,0.9557330826728979,0.656658446250596,0.5138490705298571,0.3632435654545379,0.3632435654545379,0.48212081108284305,0.48212081108284316,True
0.0,2.4985379629541993,1.811535636689823,0.6870023262643763,-0.566202905625437,-0.8187176528446573,0.8995479051460156,0.3552276674674136,0.5279213561837126,0.27937327027909736,0.27937327027909753,0.3993092960226355,0.39930929602263626,True
0.0,1.768828623781362,1.0511572221315995,0.7176714016497625,-0.22630211030428707,-1.151627347757859,0.6387794516498315,0.2659707665420177,0.6761949636199385,0.4417361906642496,0.4417361906642497,0.25777327795150834,0.2577732779515084,True
0.0,1.7354406115153929,0.9565485033726763,0.7788921081427166,-0.14125759160842652,-1.3219210292470873,0.5841628676511341,0.7511558136278522,0.6790725975225145,0.42464099232821895,0.42464099232821884,0.19362269217882935,0.19362269217882958,True
0.0,3.35940803204983,1.933911592828161,1.4254964392216691,-0.1724003055638745,0.41384833313547587,0.9163322534454068,0.08276713358024623,0.5118393668826215,0.03886257274661432,0.03886257274661424,0.16944471379093912,0.16944471379094006,True
0.0,1.818600712391998,1.6457179416235737,0.1728827707684244,-1.1304746703286723,0.35287274812156655,0.9018861984405067,0.3545381711441936,0.22561414257552925,0.8480173777164374,0.8480173777164374,0.8602855134307341,0.8602855134307333,True
0.0,2.1013684057859234,1.6633243154549875,0.43804409033093594,-0.3221625428308796,-0.9188678005594632,0.7082722512445423,0.8415177036224546,0.610198077032719,0.4967917622333875,0.4967917622333875,0.4615216644425855,0.4615216644425865,True
0.0,2.3677457364125725,1.5601937012533178,0.8075520351592547,1.3451115482986893,-2.5198697955556884,0.7551809081382304,0.03110737073689318,0.6716141891133248,0.22408538945167725,0.22408538945167722,0.23409254060210855,0.2340925406021084,True
0.0,1.54642630019311,1.255417600026463,0.29100870016664704,-0.30850654457529236,-1.601465832708385,0.6322768072476114,0.3224215297694599,0.706573253104295,0.7145544743153732,0.7145544743153732,0.5636043607708972,0.5636043607708977,True
0.0,2.3853362971664795,2.0605607481277124,0.32477554903876715,0.07630054415497586,-0.8025064844520642,0.8100332112167073,0.3997917237985486,0.5447466879337725,0.5265267369333797,0.5265267369333795,0.602047100409857,0.6020471004098579,True
0.0,2.06932688092046,1.6682263665839416,0.4011005143365183,-2.8631771313248975,-0.5908122440031964,0.9500499443702368,0.42205764261971135,0.1355905535221214,0.6562565545977345,0.6562565545977347,0.728551508914874,0.7285515089148734,True
0.0,1.1948773560384163,1.1891029695412323,0.005774386497183981,-0.22285580846468223,-0.7030180660470559,0.5422005724159911,0.08364783678917004,0.5741407652294918,0.9950251977148123,0.9950251977148126,0.9874089532477843,0.9874089532477832,True
0.0,2.851418468433473,1.5801846776871464,1.2712337907463267,-0.11758552232550534,1.487672828969254,0.7352080097552985,0.28361766973470204,0.01421690347936444,0.18476601744075458,0.18476601744075463,0.18715574117523753,0.18715574117523723,True
0.0,3.349906656628949,1.9548772407011397,1.3950294159278092,-0.002099061667126457,0.7443011954147634,0.7849031178874363,0.08368072460651738,0.46220290399205227,0.04348661797131856,0.04348661797131859,0.13415512655592435,0.13415512655592526,True
0.0,2.8925671379994657,1.27665341762811,1.6159137203713558,1.4437699540764362,-2.67009341082675,0.7714188839921878,0.4454449024005727,0.6964664746120579,0.04080762486537483,0.040807624865374786,0.060565600270639494,0.06056560027063957,True
0.0,1.6408583002756427,1.3670120877516259,0.27384621252401686,-0.19704169185588052,-1.2560548916357046,0.7009280541584554,0.01616820657472723,0.6647018143441429,0.7108986038853623,0.7108986038853619,0.6208730743752896,0.6208730743752895,True
0.0,2.37374414698182,2.3476009117812877,0.02614323520053219,-1.4523658835485653,-0.04996194655101016,1.022416230431617,0.15371177713133644,0.36330342512087344,0.9517975094047845,0.9517975094047841,0.9741603682356054,0.9741603682356041,True
0.0,2.236031066883582,1.542591113505576,0.6934399533780058,-1.2835442133311807,-1.0141251259960247,0.8600569261909436,0.8445991646524393,0.6240062990775916,0.35109459674141935,0.35109459674141924,0.4024917365853452,0.4024917365853461,True
0.0,2.6915090981890724,2.437221730006589,0.2542873681824833,-1.1745102646995191,-1.968132919608502,1.2944696573508612,0.3506741769520283,0.6630386038073024,0.5520526285595698,0.5520526285595697,0.7948540987324955,0.7948540987324954,True
0.0,1.6635954378166888,1.3605270867582595,0.30306835105842933,0.09087821653219465,1.1435710841449622,0.5560308976924282,0.07357566025401496,0.21819504786891852,0.8096308213813289,0.8096308213813297,0.5625174485455596,0.5625174485455593,True
0.0,2.257391309717745,1.7201898299633571,0.5372014797543878,0.690755668514449,2.0518528472182362,0.837126619794735,0.0620709702172228,0.1316984108534574,0.6346050283931717,0.6346050283931703,0.6254027477842488,0.6254027477842465,True
0.0,2.2050739820057386,1.4655934619863622,0.7394805200193764,-0.7910599916586366,0.8721243257544009,0.7698610202642518,0.8782666418507292,0.034893600900078536,0.5180261648669398,0.5180261648669394,0.4226515104181762,0.42265151041817633,True
0.0,1.6286662532489073,1.2511087714297653,0.37755748181914206,0.03037095635267403,-0.418419113694411,0.5909044956541252,0.749322313087351,0.5295469288783844,0.6536315744076454,0.6536315744076456,0.46055735051008106,0.46055735051007995,True
0.0,2.2033229114312425,2.10359569578183,0.09972721564941267,0.4596587839503653,-1.933031558642272,0.9973322724121712,0.6576984109508484,0.5341989030686868,0.8205144926300151,0.8205144926300152,0.8788984212976665,0.878898421297666,True
0.0,1.7701943244858314,1.565907504907223,0.20428681957860828,0.28695719148346943,-1.772848702500709,0.8491829999748582,0.14873787945081945,0.5280463657823559,0.7383421995466207,0.7383421995466206,0.7421356777571871,0.7421356777571869,True
0.0,4.10225574080499,1.8521078704431015,2.2501478703618885,-0.42287647301088116,1.3084407548399914,0.8831522124683681,0.3124153724642681,0.45059524107303245,0.004502624820465555,0.004502624820465486,0.0795903304821951,0.07959033048219544,True
0.0,1.5475308649387847,1.43126622213913,0.11626464279965476,0.652132499093577,-2.2538816225792915,0.8634894627360142,0.42648825878462726,0.5673398783465091,0.8543445178826409,0.85434451788264,0.8488999201505737,0.8488999201505736,True
0.0,2.4241097510247474,1.5010710950559332,0.9230386559688142,-0.3245363717359607,-1.4642594271446228,0.7888070936821041,0.20865983786470144,0.6779551492303333,0.203841324195353,0.20384132419535284,0.22942728890180503,0.22942728890180475,True
0.0,2.3009350479402855,1.7116716928267401,0.5892633551135453,-0.15928877610016057,1.025254347717436,0.772478155259024,0.08540513700288954,0.43990741626882524,0.4512568876104969,0.4512568876104969,0.457729677163392,0.45772967716339075,True
0.0,2.546188782918639,1.8525982016988032,0.693590581219836,0.0021794291965178303,-2.490486316159827,0.9722453497256506,0.05935719249563104,0.7007978734755537,0.24461304461389227,0.24461304461389238,0.3954401362563327,0.39544013625633306,True
0.0,2.0647245269136216,1.742411099765257,0.32231342714836453,0.3864638396226757,-2.0238201199888826,0.7640718551068478,0.8219545222215093,0.6707883985466647,0.5717387610455743,0.5717387610455744,0.5725815661350181,0.5725815661350171,True
0.0,1.7679903352906963,0.8273071286039537,0.9406832066867425,0.29831201248303746,-1.265403496737147,0.4851781904044139,0.6202538705825192,0.6662840834086637,0.35390631744108175,0.35390631744108186,0.08617431201332629,0.0861743120133265,True
0.0,2.678481098053842,1.2415662199550337,1.4369148780988084,-0.02434015320787638,-0.5029403889432966,0.49164195682696316,0.8581586657582732,0.5871714629467006,0.09080536986862624,0.09080536986862621,0.03287644068713816,0.03287644068713913,True
0.0,2.928487205283127,2.207249901659821,0.721237303623306,0.2120980580784784,-1.1856694376336558,0.8907976293004184,0.6937992514944252,0.534456312954473,0.1822469942158802,0.18224699421587995,0.3526547874007416,0.3526547874007419,True
0.0,2.38413125079089,1.219801364634989,1.1643298861559008,-0.36498231885035065,-0.3829693902535998,0.6023497712565242,0.3010915251871118,0.39243858445885177,0.18637133208942994,0.18637133208943,0.09856895541800509,0.0985689554180051,True
0.0,1.9338646439938092,1.124165086209029,0.8096995577847801,-0.16171186066812585,-1.255873777511919,0.6621344938340644,0.571061243160313,0.6313772679243559,0.35564833842638294,0.3556483384263829,0.22198408231894468,0.2219840823189446,True
0.0,3.148850861843874,1.1607165245774107,1.9881343372664633,0.2437986064110761,-1.8889066860602406,0.6434191764868901,0.8074860514184476,0.7109098147653385,0.01959190514591582,0.019591905145915887,0.02071691704646927,0.02071691704646939,True
0.0,1.683457158373368,1.3794840750743023,0.3039730832990657,1.2060336342288132,-2.442641871460493,0.7858715858515909,0.44463831979338014,0.6854088288323507,0.647231183043637,0.6472311830436372,0.6047237277018622,0.6047237277018621,True
0.0,2.998547164580252,1.063278536585637,1.935268627994615,-0.002269971779728706,-0.4601386782110082,0.5318877345245568,0.5241190216544847,0.5896958766023098,0.034262698306255224,0.03426269830625513,0.014543575861164691,0.014543575861165215,True
0.0,1.793505658734881,1.6551644315571292,0.13834122717775177,-0.4874762228101939,0.8141542922691865,0.8648867053963213,0.6083671521592637,0.5496738800576007,0.878092668310044,0.8780926683100435,0.8778056718632856,0.8778056718632867,True
0.0,1.5364050182439735,1.2352346562284677,0.30117036201550573,1.5664918797090805,-2.5607972898267817,0.7308211572056105,0.6975090553126015,0.6755696830472089,0.6723576583560146,0.6723576583560146,0.5836935618224072,0.5836935618224071,True
0.0,3.0467400941890475,2.028474711083572,1.0182653831054753,2.606827011744027,-3.731021292185015,1.1950258802876317,0.535710399470725,0.6089329198160748,0.0816959561601625,0.08169595616016244,0.3076859304828922,0.3076859304828922,True
0.0,2.1072748846828837,2.0932080780349676,0.014066806647916152,0.4274755557936073,-1.8171934821068798,0.8919104766753486,0.0288200115208031,0.6196551145634754,0.9732908681557296,0.973290868155729,0.979583229774079,0.9795832297740794,True
0.0,3.096541296689149,1.588454994859596,1.508086301829553,-1.5671345653859141,0.5798754048115125,0.7768430956063669,0.3549774664302934,0.011886359490299758,0.09441142013877821,0.09441142013877854,0.14264802354432868,0.14264802354432796,True
0.0,2.265253564237249,1.5990545856037957,0.6661989786334532,-1.4000094946995538,-0.4861732247420091,0.794339268204004,0.7609068090801197,0.6478071434941254,0.3799718011947395,0.3799718011947398,0.3925485231174677,0.39254852311746824,True
0.0,1.7797699536216456,1.4811538212523552,0.2986161323692904,-0.6711101015144465,-0.08744143014284167,0.7450223610109058,0.23387740593355472,0.3402130316240298,0.7129017383854126,0.7129017383854126,0.6495037714443394,0.6495037714443406,True
0.0,2.055842777618418,1.8879077484645486,0.16793502915386926,0.008314579922003087,-2.3185290786906187,1.1034840219697977,0.3515900065843678,0.6639942514448929,0.7398396611368251,0.7398396611368251,0.8327944168072259,0.8327944168072258,True
0.0,2.53800364938568,1.6491149059259442,0.8888887434597359,0.16555063128464215,0.8683242639836295,0.8745076371312724,0.5477502551796227,0.3950023152782284,0.24026513434059918,0.24026513434059893,0.34581706494429043,0.34581706494428976,True
0.0,1.7892499414714729,1.7062243434694806,0.08302559800199227,-0.14845158607469136,-1.9887503810070426,0.8457337420734037,0.42678104908855147,0.6728184558423052,0.8796527335362371,0.879652733536237,0.8845644348244961,0.8845644348244962,True
0.0,2.01965325514265,1.349831656951646,0.6698215981910041,-1.2149325173029049,-1.6439474487859163,0.8888858924161693,0.032265439891694836,0.379859878579902,0.40212801109610746,0.4021280110961075,0.43577646799145997,0.43577646799145975,True
0.0,1.4968236041113152,1.075726007521303,0.4210975965900121,-0.08803492651979473,0.7617153039186726,0.46660391735826423,0.7577735189226602,0.2722911567275246,0.7893740287341063,0.7893740287341063,0.3690959532190201,0.36909595321901906,True
0.0,1.1188081464440747,1.0003686878676215,0.11843945857645322,1.992433916996486,-2.827488821082974,0.6878622070276328,0.18038116505287283,0.7035573741031345,0.8824663584026345,0.8824663584026343,0.8083161418239708,0.8083161418239709,True
0.0,1.6733878198028291,1.137952979312351,0.5354348404904781,0.6866946641306731,-1.9007661564743643,0.6297963734085402,0.5671982626228401,0.6890654953966836,0.5073505691230267,0.5073505691230269,0.331262298683171,0.3312622986831709,True
0.0,2.17596739133163,1.7851815719582278,0.3907858193734024,-2.2448775688863596,-2.149272858084636,1.1127114531791238,0.7754779986018239,0.7198285717114862,0.5254080239097991,0.5254080239097993,0.6987954891337845,0.698795489133784,True
0.0,2.2218727499678814,2.179002263439601,0.042870486528280516,0.6017972354248653,-1.6380390119884944,0.9147691528437019,0.14961961881687091,0.5916334735129548,0.916812270117289,0.9168122701172898,0.9403871490824012,0.9403871490824005,True
0.0,1.8729800652847757,1.1155900982050462,0.7573899670797295,0.1777068870976932,-1.9770741776834013,0.7026744970937657,0.20865687534271077,0.7023758084865374,0.3689376771069213,0.3689376771069213,0.25747860665663125,0.2574786066566315,True
0.0,1.666942640346712,1.516730257714833,0.15021238263187908,-0.08187085945549079,0.030061728659561027,0.5825247484077969,0.9173185333679166,0.5398863085803152,0.8360557595613943,0.8360557595613941,0.7343153924395064,0.7343153924395083,True
0.0,2.3044828891312354,1.5337189724657687,0.7707639166654667,-0.09651525478873497,-1.638883016074615,0.8789254547000696,0.4157295849054512,0.5726445563583921,0.26879230508102553,0.2687923050810256,0.3355243615726809,0.335524361572681,True
0.0,2.102830788249847,1.292738198375453,0.8100925898743943,1.4835213855608498,-2.5830633083538146,0.8457032216376271,0.2950510982766616,0.6987227854763808,0.27236626884419984,0.2723662688441999,0.2841197152792948,0.28411971527929464,True
0.0,2.9850296811338457,2.4503433219491355,0.5346863591847102,-0.8959039069589158,2.0527050675697134,1.043671887998493,0.15940466049882462,0.01749968333296903,0.5181666299817054,0.5181666299817052,0.8632340882924313,0.863234088292436,True
0.0,1.6439983552205937,1.5557904961568536,0.08820785906374007,-0.023453123063170083,0.4223942692802085,0.8037192785624665,0.4067831160140325,0.485049241690421,0.9058698684704559,0.9058698684704558,0.8950357015428794,0.8950357015428794,True
0.0,1.4803380431293691,1.296019548323118,0.18431849480625107,-0.018745898082500552,-1.6237318702465504,0.7123170345561242,0.5285152316122324,0.6923748950184779,0.8053358510511593,0.8053358510511591,0.7309824892717406,0.7309824892717406,True
0.0,1.778052791949902,1.186065024448684,0.5919877675012182,0.2443808553809938,1.0998629419737025,0.5530108992716557,0.6463722236822276,0.29384930330928793,0.6271018030679503,0.6271018030679499,0.3205988082798952,0.3205988082798958,True
0.0,2.397817218083834,1.9538691981915073,0.4439480198923267,0.9354915330232221,-2.6111845731392025,1.125981133167481,0.16421707394605922,0.6631635330064356,0.40341439832452175,0.4034143983245215,0.6011933402473146,0.6011933402473146,True
0.0,2.41787220391526,2.1035747348194733,0.3142974690957865,-1.3380904598175543,-1.627915923985479,0.9489966271387505,0.15689876485148702,0.673117914407899,0.536275578332752,0.5362755783327521,0.6670356492334063,0.6670356492334064,True
0.0,1.9258103109068796,1.6995356797608434,0.2262746311460362,-0.4562018529945348,0.20201411785925005,0.7794995228550903,0.8909597004583505,0.4089332692726184,0.7407345313674528,0.7407345313674525,0.7284690597563312,0.7284690597563311,True
0.0,3.1821268153128575,2.707225968058052,0.4749008472548053,-2.831032381898141,1.6417390081014172,1.0178094221902032,0.07700681518462327,0.02024265522799551,0.545119042894499,0.5451190428944833,0.8582403002293971,0.8582403002293985,True
0.0,1.930104489070309,1.654827828728935,0.2752766603413739,-1.0755935823838036,0.1415355837341401,0.889502078305099,0.4802982678891261,0.5972002974686289,0.7259037313427363,0.7259037313427361,0.7538523554862337,0.7538523554862347,True
0.0,1.6934054870809714,1.255725061068761,0.43768042601221047,-0.43536208287717865,0.8765921955680427,0.49131691320698445,0.5265603431704287,0.021568933050289174,0.8073955662799589,0.807395566279959,0.37972757524938616,0.37972757524938405,True
0.0,2.264160403220066,0.9698431552989588,1.2943172479211074,-1.0665267551634499,-0.5688276952979839,0.5749038654243729,0.7381961147086709,0.15990512981266786,0.23169955287563998,0.23169955287563995,0.0749990843087966,0.07499908430879672,True
0.0,2.0380942502414885,1.7553822540320827,0.2827119962094058,-1.226473377597986,-1.9795801824558783,1.038910119070134,0.9823566046977168,0.645597553983516,0.6322516171030558,0.6322516171030559,0.7385301918588189,0.7385301918588192,True
0.0,1.7468926709173627,1.6977320758389487,0.04916059507841397,0.8216832165142638,-2.0403948358581205,0.9289509468512726,0.5816235504769042,0.6419334061677848,0.9252100111169456,0.9252100111169457,0.9358255095221091,0.935825509522109,True
0.0,2.191787019645422,1.3010033650918513,0.8907836545535706,-0.18032443186245067,-0.5632169635242333,0.7080652304360645,0.8967717140040863,0.6160202097693963,0.2790878821419169,0.2790878821419169,0.2204148528226029,0.220414852822603,True
0.0,2.3610835825393446,1.681149451544025,0.6799341309953195,-0.08765485661587435,-1.8535876697485878,0.7834788925266781,0.14713784646570466,0.6742304248453851,0.29016313009235845,0.2901631300923586,0.3240269662745684,0.32402696627456784,True
0.0,2.536586718656519,1.1832751719635282,1.3533115466929908,-0.6488932779902157,-1.573216567862714,0.6890327932863839,0.7343538515762407,0.7182737211529787,0.11515012433720924,0.11515012433720931,0.08721036673112643,0.08721036673112637,True
0.0,2.041451107218545,0.8278030204792981,1.213648086739247,0.07473017081427238,-0.8338599667737906,0.4436984524114088,0.8226484181440381,0.6530482776345028,0.2390946046134969,0.23909460461349694,0.03535594474974355,0.035355944749743316,True
0.0,1.7208194011379088,1.3952796413301343,0.3255397598077745,-1.4428498000203653,-0.8507759957974818,0.7981363593119363,0.27228711458134325,0.6771681775942838,0.7092571742944201,0.7092571742944203,0.6590879376348654,0.6590879376348663,True
0.0,2.609669168867507,0.6788384933136501,1.9308306755538567,-0.23283003316112438,-0.29890879329387976,0.4271598717267164,0.8530734718728439,0.5678826130983803,0.0839135564425787,0.08391355644257865,0.006371994957762515,0.006371994957762014,True
0.0,2.9711787020763682,1.9021777197605867,1.0690009823157816,-0.14139832656023638,-0.8054932022104444,0.9939185095287892,0.36099940842861045,0.5717979918243259,0.09686627879405207,0.09686627879405187,0.26759057869676595,0.26759057869676556,True
0.0,1.9622740711089899,1.4963760373548076,0.46589803375418226,-0.28256144416208384,0.2758231790701908,0.7292039098901211,0.3993880227785951,0.4950552832485834,0.5596146047521091,0.5596146047521089,0.49442931114760275,0.49442931114760236,True
0.0,1.7184694069655961,1.669848958794756,0.0486204481708401,1.3102918233990788,-2.3026027624887964,0.8768526401876477,0.9692124344234772,0.6346763732600093,0.9257667457150944,0.9257667457150943,0.9304550335556538,0.9304550335556544,True
0.0,1.976181806643276,1.5383938749350061,0.4377879317082698,-2.4016032534747036,-0.025021965660674494,0.7708973167808014,0.7650456796808325,0.016090564561856202,0.7638319828947802,0.7638319828947798,0.6126642686587117,0.6126642686587113,True
0.0,1.8738944470181873,1.1951332595458022,0.6787611874723851,0.3890932329143487,-1.371993009575039,0.6957729827275722,0.10250974517593409,0.5974505458483411,0.4015629484494915,0.40156294844949153,0.29324668081725047,0.29324668081725047,True
0.0,2.663477745043522,2.2887545164032574,0.3747232286402644,-1.4757819362808353,-1.918508888328672,1.1191894938003353,0.17945468826101946,0.6741933087308286,0.434234489287416,0.4342344892874162,0.6682800317076162,0.6682800317076164,True
0.0,1.8319071591881388,1.736366189606635,0.09554096958150393,-1.0011468987685321,-0.936777107526213,1.0326970737732213,0.015706030263407167,0.6398027429962219,0.8734304070297423,0.8734304070297425,0.9123693082373967,0.9123693082373966,True
0.0,2.758868641458318,1.4767400795156207,1.2821285619426974,0.03893819025877761,-0.5836954723944372,0.6285309451275668,0.48728298868220793,0.5194063956218252,0.09366407849901162,0.09366407849901143,0.08262536996076249,0.08262536996076195,True
0.0,2.38322805911378,1.4390481392022836,0.9441799199114964,-0.26631624984310315,-0.8061172311537347,0.6642308590135322,0.7146248517378379,0.49573088849060665,0.21613468457627735,0.21613468457627721,0.17145305200074965,0.17145305200074948,True
0.0,2.8472108381858034,1.9142342339360874,0.9329766042497161,4.1329461228027204,-4.685535004867034,1.2353649006189793,0.9837667225107091,0.7368267646421689,0.11256949233540478,0.112569492335405,0.34798642875082697,0.3479864287508267,True
0.0,1.7955905975652966,1.539732604562924,0.25585799300237255,-1.7494506276724122,-0.6779363456682879,0.8666702177236847,0.6152601026935269,0.3326336112338084,0.7571287316651621,0.7571287316651619,0.7569350250223097,0.7569350250223097,True
0.0,1.6495002382308535,1.5002207819427622,0.14927945628809125,-1.5942871262495741,-0.6071667138868935,0.9058106257481299,0.48064937127525614,0.26099163478418813,0.8643460308970393,0.8643460308970394,0.8695093212397678,0.8695093212397675,True
0.0,2.582766838792567,1.347856241383667,1.2349105974088999,1.6232857358367074,-2.8954745478821264,0.8522555768534007,0.12282029865636629,0.6890904130844203,0.09902053996675715,0.0990205399667571,0.14176526782043825,0.14176526782043833,True
0.0,1.4393405725407418,1.1580982721678568,0.281242300372885,0.09030197900290714,0.9951945464877772,0.5685069239456948,0.489092508208287,0.3380740811453963,0.862321496933161,0.8623214969331621,0.6129594158947991,0.6129594158947989,True
0.0,1.1527013084673954,0.9231864218724034,0.22951488659499197,0.026004020818855108,-1.2949252616155063,0.6394647769143468,0.9617760288906784,0.7036033359406878,0.828783121724639,0.8287831217246389,0.6764596743358978,0.6764596743358978,True
0.0,2.3316692040692546,1.5450408515536274,0.7866283525156272,-0.8060737807832068,0.7448560367715777,0.7974444456903101,0.9514592758121034,0.5614992991113809,0.40212159668941566,0.40212159668941583,0.3920736131666573,0.39207361316665695,True
0.0,2.4144994753454463,1.9944632829144704,0.4200361924309759,-0.4303139070240597,-1.73108138167425,1.003970907812531,0.48251109309698514,0.4815997206781856,0.4348079895732211,0.43480798957322114,0.5942744465325273,0.5942744465325268,True
0.0,2.5892903384721917,1.8860430954870733,0.7032472429851184,-1.240665217270702,-2.018772006627443,1.0267339697942341,0.005896237335672738,0.681227044941103,0.2469204930611384,0.24692049306113842,0.4365461797445005,0.43654617974450033,True
0.0,1.6401877008426864,1.0924259046337412,0.5477617962089452,0.5173682450757311,-2.260327328552197,0.7240542144793958,0.7387014692070685,0.7259630492249141,0.5101036022332107,0.5101036022332108,0.3900384902328829,0.39003849023288284,True
0.0,2.112976058443545,1.830557902313516,0.28241815613002896,-1.108347844250189,-0.39848981663100347,0.8161516821991741,0.2944612166528634,0.34377884544430326,0.6485170777695399,0.6485170777695397,0.6754970281354771,0.675497028135477,True
0.0,2.3387789243724377,1.450790997240896,0.8879879271315416,-0.9527372561678189,-2.4372421338130072,1.050716144901953,0.9304425523888468,0.7444467516442312,0.22774265122430595,0.22774265122430598,0.3811974537613731,0.38119745376137304,True
0.0,1.7874127167935612,1.2843257112952011,0.50308700549836,-0.1819462943708611,-0.14398896010323048,0.5571711447844351,0.5226631167061755,0.5361752340287642,0.562169359976675,0.5621693599766748,0.33776830801934826,0.33776830801934843,True
0.0,2.1452400975184824,1.2994175398904078,0.8458225576280747,-1.0284283258869955,0.49797230140174165,0.6337307054405719,0.17053910763756247,0.009704998687522781,0.4852929771479628,0.48529297714796277,0.24889224847571742,0.24889224847571814,True
0.0,2.300463558752306,1.4337022126565286,0.8667613460957773,-0.04437516071534018,0.29383424389499146,0.6239395998095221,0.18014098146178137,0.4231816923496365,0.2849662235514663,0.28496622355146606,0.19627581479455647,0.19627581479455602,True
0.0,1.735234928010215,1.4300027826050294,0.3052321454051856,-0.18867277625665535,-0.7448419427061487,0.7910691749885729,0.8035394567316418,0.46486712769984456,0.6766454201275295,0.6766454201275296,0.6419326578275142,0.6419326578275144,True
0.0,2.17530534891313,1.8890216256186072,0.286283723294523,-1.4841575555348039,-0.2995945806770438,0.9167389896393406,0.3161124980144126,0.3404040016259232,0.6459329371479487,0.6459329371479485,0.7245364596874933,0.724536459687494,True
0.0,1.56007524836317,1.5173203600876155,0.042754888275554404,-0.9236291870916594,-0.9782572300121712,0.7445541085179448,0.008158645271415188,0.6619085831967544,0.9518595615636851,0.9518595615636852,0.9371188798416928,0.9371188798416926,True
0.0,2.2904278928970663,1.9305542098748647,0.3598736830222016,-0.965204419336102,0.15388041321148016,0.895289235714412,0.24227085828699063,0.5112577174792339,0.5613947368479638,0.5613947368479638,0.6550253630481427,0.6550253630481419,True
0.0,2.7237633342552563,1.9881990871837392,0.7355642470715171,-2.4245837597544306,-2.5156228023907237,1.2527083445978655,0.994874574337303,0.713094170408809,0.21608704540344434,0.21608704540344392,0.5307202485751599,0.5307202485751599,True
0.0,2.709568052558092,1.0463776253584585,1.6631904271996336,0.016868280085309145,-1.7052619633552093,0.572171499445443,0.987271954318607,0.7235740510151301,0.06146219951708105,0.06146219951708109,0.02641024325693931,0.026410243256939452,True
0.0,2.40044021501837,1.6719147638076315,0.7285254512107384,-1.3795972052378662,0.7065155216303454,0.8888255614206303,0.7019936436646259,0.05887699361060461,0.45028978992926155,0.45028978992926133,0.5198121179707046,0.5198121179707021,True
0.0,2.4049808629062763,1.3464444672432916,1.0585363956629847,0.03474224453988297,0.5642186765506025,0.7043438561595935,0.7819201513288301,0.4258214055209791,0.22498980435539698,0.22498980435539714,0.18719730245694235,0.18719730245694152,True
0.0,1.916944712955523,1.255658447546784,0.661286265408739,1.0071604869735684,-2.377589599227766,0.7374085627081732,0.91744722125433,0.7020268221100291,0.3777893978008767,0.3777893978008768,0.3074539995026739,0.30745399950267405,True
0.0,2.2039896090473916,1.7916039744604946,0.41238563458689703,2.4727617437984972,-3.3187467175495464,0.9272477378940255,0.7727957838299664,0.6792968903558951,0.4509075619851825,0.4509075619851824,0.5400707880318791,0.5400707880318789,True
0.0,3.036339410456764,1.8702466712362136,1.1660927392205505,-1.8620505070478248,-1.0228140637516638,0.9618541182876092,0.453064123099876,0.3415373753570665,0.08656927196037446,0.08656927196037452,0.24755946748639054,0.24755946748639027,True
0.0,2.159419384636054,1.7973355434613671,0.3620838411746867,-1.0787925265346656,-0.5683339919562398,0.9453252260568128,0.7170413277722265,0.633409469826939,0.565422474652907,0.5654224746529071,0.6626940476931366,0.6626940476931371,True
0.0,1.6846723965472181,1.3503739117569713,0.3342984847902468,-0.842831543237315,-1.2298270173499448,0.7117838009074937,0.41265944107188074,0.6894478071866832,0.6749328893791101,0.67493288937911,0.5765003216374082,0.5765003216374085,True
0.0,2.2790524634104283,1.3613072833901372,0.9177451800202912,-2.989000849762363,-1.4398910963600426,1.044842967019602,0.48400450818318785,0.743891066791917,0.3259006067016039,0.32590060670160376,0.5161165330037432,0.5161165330037434,True
0.0,2.3594634985073766,2.196691923022683,0.16277157548469345,-0.7128311364294178,0.3010676010159903,1.1018145169249882,0.3549105835644688,0.45487849913768036,0.7440093722539366,0.7440093722539365,0.8677874270812699,0.8677874270812702,True
0.0,2.897077530002565,1.6346694095219347,1.2624081204806301,0.27915085353717506,-1.211195110794157,0.7550756761484632,0.9713773876794649,0.5526430105078175,0.07442071503929568,0.07442071503929559,0.11858151463611358,0.11858151463611326,True
0.0,2.3441034236848357,2.197081736574391,0.1470216871104446,-0.16231414190743884,1.2795849918760904,0.943799887778713,0.26524891475399964,0.27583162400430494,0.7913483515188372,0.7913483515188375,0.868000140264764,0.8680001402647608,True
0.0,2.0140158336532528,1.5141254289204147,0.4998904047328381,0.13690569294849717,-1.6430128585306318,0.8479453494378937,0.8500802533548124,0.6694208526346532,0.4575954923365285,0.4575954923365287,0.4799798468382192,0.4799798468382189,True
0.0,2.768817663493733,1.7208240723008037,1.0479935911929295,1.550402626216253,-2.8680388760906865,0.9253000801427006,0.057954462125919204,0.686686299166806,0.1063147552896843,0.10631475528968415,0.21354643771324208,0.21354643771324228,True
0.0,4.0642244471763025,1.6182282317578391,2.4459962154184636,-1.7684795588400077,-0.4995904679064338,0.8975831293524122,0.4434385407756389,0.26292649288890757,0.002415029116086591,0.002415029116086598,0.04776929423137581,0.0477692942313763,True
0.0,2.700466943394607,1.1683635764976896,1.5321033668969173,-1.2251592779849998,-1.1304467999837704,0.7023967576101788,0.34485081795052297,0.7166903428023969,0.08963578729086619,0.08963578729086616,0.07554515718008753,0.07554515718008781,True
0.0,1.7238814924845356,1.1348044518757345,0.5890770406088011,-0.5383095354127598,-0.6192147495994496,0.6679466520111917,0.7549625564453659,0.48924925055610063,0.5415378666050384,0.5415378666050387,0.3684020386189491,0.3684020386189496,True
0.0,2.6099297756201083,1.343956088466963,1.2659736871531453,-1.4912361733553192,-1.163041541957436,0.8006017034388361,0.678267364754568,0.7091636375273218,0.1320247818406193,0.1320247818406193,0.16018342411974673,0.16018342411974662,True
0.0,1.5648415884556721,1.0540525654761952,0.5107890229794769,1.1244433743254791,-2.250474624575008,0.6611396540932561,0.1199812857931517,0.7078103755571314,0.53669157623649,0.5366915762364898,0.3687194445946853,0.3687194445946854,True
0.0,2.542815882190305,1.7186788516040732,0.8241370305862317,-1.2777694288641517,0.8337259017288812,0.946156432604008,0.8832711556515755,0.06343804947509935,0.36912753827397166,0.3691275382739717,0.5263299481013993,0.5263299481014,True
0.0,1.2814996953937243,1.2354273918415106,0.0460723035522137,0.01784424742802269,-0.49647254245296835,0.5299238810655271,0.14637652016081337,0.5184969618153581,0.9571347905883352,0.9571347905883357,0.8996560430507301,0.8996560430507304,True
