gamma,lambda_1,lambda_2,spacing,det_R,trace_R,sigma_estimate,distance_t0t1,distance_t1t2,p_spacing_naive,p_spacing_stable,p_tspacing_naive,p_tspacing_stable,valid
2.5,5.470956784539263,1.9576177927281813,3.513338991811082,-0.0852173367653125,-1.2336090178586183,0.8758167209465076,0.000483663702636139,0.49148098014144653,4.122559238320918e-06,4.1225592385048705e-06,0.009534775990795255,0.009534775990795377,True
2.5,4.524971855246891,1.7618818438203117,2.7630900114265793,-1.2159224932799864,0.0673619373604295,0.8027231307747494,0.017720682901579188,0.2885650359030476,0.0004675663013468926,0.0004675663013469256,0.02315637865468498,0.02315637865468509,True
2.5,4.886332881837863,2.080293798092727,2.8060390837451354,-0.5166861115235849,-0.645087905746,1.0055160602899291,0.010902476407655182,0.527905173625208,0.00010951526961850082,0.00010951526961837436,0.03626623843881629,0.03626623843881616,True
2.5,4.877034350843747,1.6520393152270432,3.224995035616704,-0.6209302886031675,1.0856741948291044,0.757195726159575,0.005230112212749716,0.16655486105649875,0.00013808789442706747,0.0001380878944271848,0.014160588213578204,0.014160588213579371,True
2.5,5.276873221786941,1.992864673402554,3.284008548384387,-1.8690592517340634,0.6063799558689755,0.9689149728563717,0.022776027080626482,0.12988320934685965,2.8962398379679334e-05,2.8962398380159985e-05,0.034197173537387215,0.03419717353738748,True
2.5,3.538249985873043,1.8314974518485208,1.7067525340245224,-1.1961679755910326,0.7288690208886506,0.9472604819006714,0.003861785778777993,0.15166411017312198,0.027808534319125628,0.027808534319125472,0.1720439401148872,0.17204394011488783,True
2.5,5.834483175951755,1.0871321859885634,4.747350989963191,1.1185532604064938,-2.180107899213235,0.6202269567607627,0.00837043360897427,0.6505657128762837,1.3335098546911693e-07,1.3335098547819633e-07,0.00031837784472818243,0.0003183778447283256,True
2.5,4.353568261229341,2.223092531832271,2.1304757293970704,-0.6621992928226296,-1.2976560494898584,1.1938839604722775,0.00855348307944398,0.4516645119832664,0.00142139196008673,0.0014213919600866752,0.10995677890856825,0.10995677890856817,True
2.5,5.099680258991511,1.4847788154953134,3.6149014434961977,-0.02991258000783219,0.47372194279469726,0.6356455235953542,0.00496997666621396,0.49402484489356174,2.1536507356154758e-05,2.1536507355967882e-05,0.003227376576909784,0.003227376576909682,True
2.5,5.001854101541304,3.0746475237024784,1.9272065778388257,0.7769673275507312,-2.541017850898915,1.4152113465570924,0.0029080331260192827,0.630765248492549,0.0005349769067287842,0.0005349769067319963,0.16136588785853298,0.16136588785853295,True
2.5,5.624743705813048,2.0051388593417503,3.6196048464712973,-1.8771193102001111,-0.08869127647520236,1.0799211478982182,0.008284735970407464,0.2961167251524143,3.2468830928254017e-06,3.2468830931293404e-06,0.028046989023990967,0.02804698902399067,True
2.5,5.377197540797371,1.0467048064946032,4.3304927343027675,-0.28449129043827953,-0.2607981123175662,0.48575722118613013,0.0026023006829556383,0.4372755007588725,2.9741037633528466e-06,2.9741037634455463e-06,0.0002832993575548033,0.00028329935755463454,True
2.5,4.3003292909878015,2.5297946841487393,1.7705346068390622,0.7212938579679249,2.395180440637032,1.0763388176530275,0.009610624728632,0.20442639669601975,0.007325284428986886,0.007325284428992748,0.2546478131205862,0.25464781312058504,True
2.5,6.987730497001624,1.7672837849607619,5.220446712040862,-2.3628173896167213,0.43059553178871446,0.8497199161513732,0.004393660712275038,0.013214111542684925,1.0688105485262077e-09,1.0688114857653963e-09,0.0032767483096702655,0.003276748309668227,False
2.5,5.178330698727473,1.8182055691562768,3.3601251295711965,0.4420133021368997,1.3692804003174759,0.8912745512994076,0.02012629834517904,0.4122543318681611,2.91015266738629e-05,2.9101526673078652e-05,0.020320159946571714,0.02032015994657115,True
2.5,5.579465341111134,1.3348465307413198,4.244618810369814,0.4496750414141725,-1.4668430699366848,0.7134660701325418,0.002565731430483331,0.6148306684793875,8.571856110364486e-07,8.571856110047929e-07,0.0014159605362033024,0.0014159605362035832,True
2.5,5.3512154062986195,2.745347323434967,2.6058680828636525,-3.3057807512920774,0.5391116202752442,1.3234872475857304,0.011046467514571612,0.2758709825562742,7.946918526170861e-05,7.946918526344194e-05,0.20705963712283765,0.20705963712284,True
2.5,4.634102028283367,1.939422877172429,2.6946791511109383,-1.4154447026088253,0.8820815412491914,0.8135271207296818,0.00580786920299009,0.1080987282825705,0.0005944813171239464,0.0005944813171235804,0.03495099545949757,0.03495099545949809,True
2.5,4.45865474787097,2.303329839273613,2.1553249085973567,-1.0326023330314427,-0.6729000529130112,1.0290041903090363,0.004964854693524368,0.5091597508703112,0.001183123197191444,0.0011831231971914508,0.08228113681169726,0.08228113681169648,True
2.5,5.583211003250741,1.1932911331995104,4.389919870051231,1.3399435977967573,-2.3650676185705772,0.6987129134613569,0.004553272888880688,0.6637275083865426,5.856348325340332e-07,5.856348325741343e-07,0.0008425005326784771,0.0008425005326782641,True
2.5,3.8970459830868123,2.0772352875054416,1.8198106955813707,-0.1677978276126176,1.594648270391068,1.0389176131251785,0.012737821951364858,0.42162260587955036,0.013249133920262219,0.013249133920262902,0.21028169354912363,0.21028169354912243,True
2.5,3.7265785212356994,1.5775444829843253,2.149034038251374,-1.3591110996330165,0.23720478228666453,0.8903043009395173,0.0023897578739134895,0.15541316466361788,0.009799595849950321,0.00979959584995038,0.08009218721772397,0.08009218721772317,True
2.5,5.948575848797531,1.4806847003941574,4.467891148403373,-0.5280362344297088,1.0614915495594945,0.6364478533417448,0.0018077204210925624,0.03507337041783115,4.628380282451231e-07,4.6283802816488367e-07,0.001643507626429388,0.0016435076264301122,True
2.5,5.157850973811571,2.319723900810209,2.838127073001362,-0.8726226270243328,1.6551484267754466,0.954210777711473,0.02538461768964234,0.1012488279983666,0.00012195950293181433,0.00012195950293164021,0.06291262172219045,0.06291262172218691,True
2.5,4.3425901407998895,2.1269585112143674,2.215631629585522,0.13328286291950175,1.583022936261937,0.8694260945367391,0.015177017680121418,0.23271664221967547,0.0023217925458430076,0.002321792545844382,0.07420266809576552,0.07420266809576508,True
2.5,4.609658961289473,2.1902722223675157,2.4193867389219577,-2.5232528718359584,-1.7570341185362186,1.2758832089804077,0.0011057200153868907,0.6781321469994257,0.0004836188889209179,0.0004836188889212582,0.10986098664526815,0.109860986645268,True
2.5,5.428471760833153,1.2032363868236329,4.22523537400952,-0.3948612154924056,0.24859393163431975,0.5495985043225265,0.004206911158542881,0.2836660075941668,3.3154955943492352e-06,3.3154955943656275e-06,0.0007256464361310687,0.0007256464361314434,True
2.5,5.355437347621377,1.4082150174256443,3.947222330195733,0.18636495201602452,1.4031612302507073,0.6637312052255593,0.004160015144178242,0.13421801075391832,1.034127294533994e-05,1.034127294571286e-05,0.0035112022948956176,0.0035112022948947845,True
2.5,5.112082289155917,1.6231804425945264,3.4889018465613906,-0.710509850283017,-0.05713164561974604,0.7809363211123519,0.0014848282981355654,0.6000081979655763,2.2635426521195908e-05,2.2635426521127332e-05,0.007923521561362855,0.007923521561362949,True
2.5,4.4480951365211086,1.269959239258857,3.1781358972622513,1.4038138877408306,-2.4572640239852612,0.7308475374307142,0.004651241409151852,0.651727580724758,0.0001645867403255769,0.00016458674032564553,0.00475636298819006,0.004756362988189764,True
2.5,5.3177207148774235,2.123439175591882,3.1942815392855413,-0.3841447361774368,0.558158556265067,0.9118498081172035,0.024584377047025208,0.3734612086905501,1.852663476585856e-05,1.8526634765997183e-05,0.022532599833018988,0.02253259983301839,True
2.5,4.45850790613394,1.4994405606650747,2.9590673454688656,0.18376178514498048,1.590107076776115,0.5728203671134555,0.002794073236024819,0.023213308244967756,0.0008914227928061322,0.0008914227928069501,0.0074062439370651606,0.007406243937067538,True
2.5,3.470164616598363,0.92597190838925,2.544192708209113,-0.35178331617194847,-0.7278554146140642,0.549242748835738,0.01176114323969707,0.6760358047327795,0.007773266978307302,0.007773266978307256,0.005285793517819274,0.0052857935178196045,True
2.5,3.579511889881354,2.1915812068323426,1.3879306830490115,-0.8818236071377701,-0.47811857876458197,0.9562345190533034,0.004271025623149904,0.4405367357085187,0.027433958118614134,0.027433958118614148,0.1761767312603357,0.17617673126033576,True
2.5,2.878218482070657,2.160002880951221,0.7182156011194363,-2.6221636273161146,0.9425800249952614,0.8651822708995018,0.0018579128551993174,0.01707219127163162,0.4072748711416444,0.40727487114164135,0.510201690477442,0.5102016904774466,True
2.5,4.439080997238217,1.5398497248893757,2.8992312723488416,-1.018863317394968,0.7005848518846569,0.6598302322205137,0.007715669966322725,0.07296491793310783,0.0007748303445066988,0.000774830344506688,0.011465601553293188,0.011465601553294713,True
2.5,4.905414675990576,2.3325511833068355,2.5728634926837404,-3.9051793790377567,-0.6919925689095627,1.2305089171652144,0.007795492272609339,0.23918251436156263,0.00023467290603721008,0.00023467290603412512,0.1270220592485463,0.12702205924854512,True
2.5,5.350270204144485,2.2516249616998496,3.098645242444636,-1.1831491998172834,1.0546258132250825,1.2436746950157018,0.0015551275939805764,0.49561241919950555,2.9033887199233372e-05,2.9033887199431496e-05,0.10764173603204856,0.10764173603204712,True
2.5,3.7819731400374423,1.259298321113028,2.5226748189244144,0.4776677685345563,1.5764680902850525,0.6463412963125419,0.0008899979807170944,0.4017495434042763,0.008347609837899086,0.008347609837898564,0.02016095923061092,0.020160959230610263,True
2.5,6.658712893846825,2.401863418335121,4.256849475511705,-1.7194971531765948,-0.9795085835197821,1.1394876496411992,0.018186939975625815,0.6211849772755146,1.0180645379004677e-08,1.0180645828730795e-08,0.01448412774074993,0.014484127740748948,True
2.5,5.810782366725778,2.386514785096168,3.42426758162961,-1.9173895160312702,1.0570723228246983,1.0426942795243257,0.00508325113182112,0.1363420906059517,3.723402202101239e-06,3.723402200222208e-06,0.04471482241043023,0.04471482241042983,True
2.5,5.246346649078775,2.203631748474421,3.042714900604354,1.1739461016147896,2.7431205215936507,0.7626009289506549,0.00848071172337933,0.00794680891477001,0.00011149815692485085,0.0001114981569180428,0.029024523194606414,0.029024523194604687,False
2.5,3.894179155615113,1.5245670590459763,2.3696120965691367,2.8018819084745648,-3.4269169038059366,0.9853746038344943,0.001754050611269986,0.6755893401312102,0.0019476552802445712,0.0019476552802443867,0.03721642689402933,0.037216426894029084,True
2.5,4.77872416947264,3.0552517020266237,1.7234724674460162,0.45593481688899157,-3.694410146264491,1.4892050375829229,0.009862105034506075,0.6690939918872817,0.00142708035051715,0.0014270803505164163,0.2069413298034792,0.20694132980347946,True
2.5,4.764873327140237,3.0095177414935548,1.7553555856466825,-1.9130306010598899,-0.39528072079765386,1.3054757200637215,0.0001379860847118275,0.37772370634506247,0.0017311140074842903,0.0017311140074863188,0.21654634760525018,0.21654634760525115,True
2.5,5.025963726491275,2.8734170515214807,2.1525466749697943,1.7247591323670521,-3.555092930671691,1.5896977865479978,0.0015837601848401328,0.5546157599620022,0.0002536414453219948,0.0002536414453216796,0.1550702878739722,0.1550702878739723,True
2.5,4.569800100016511,4.028554698213861,0.5412454018026507,-0.09468738102338174,-0.43793248762482995,1.587039665835782,0.03702209417592267,0.49928299363144046,0.1084029797101281,0.10840297971010478,0.6565830502136805,0.6565830502136806,True
2.5,3.957569454245079,1.9239125779868274,2.033656876258252,-1.2926471390239112,1.2635197855823428,0.6845576877208897,0.0033672077914286835,0.013812122509994862,0.012433162308180253,0.012433162308180321,0.0525186836161443,0.052518683616144625,False
2.5,6.002743890001674,1.6325992619966563,4.370144628005018,-2.700784216121275,-1.563789740513172,1.0750800409726928,0.009795198446808262,0.7198852272529181,1.748936259752957e-07,1.7489362595891922e-07,0.010947997034162082,0.010947997034162462,True
2.5,6.670976471286325,2.4992739848996215,4.171702486386703,-3.2194033889149414,0.408832599452434,1.1230028802941272,0.003537391319654748,0.16363456975850688,2.2447192332621233e-08,2.244719661041516e-08,0.028920875407095203,0.02892087540709029,True
2.5,5.298434041198308,1.6195253670919643,3.678908674106344,-0.01139240323415878,-1.442440047034255,0.7105608069494227,0.00030912693961621107,0.6331479134748563,5.806273149653462e-06,5.806273149560541e-06,0.003302117666877135,0.0033021176668773617,True
2.5,4.759325216578458,2.112207982426388,2.64711723415207,-3.782263417049391,0.2340595336084852,1.0800112495100462,0.018904101023795805,0.021716607213077443,0.0005907464816815812,0.0005907464816778909,0.134865222442253,0.13486522244225538,True
2.5,6.290739212013308,2.136111494970859,4.154627717042448,-0.11103638772780064,-1.3871840464093042,1.5615494265164136,0.0005102199247981054,0.6166748814299406,5.032274305456264e-08,5.032274318667334e-08,0.038520533309749236,0.038520533309749416,True
2.5,5.031704391594306,0.7566397500410671,4.2750646415532385,0.3098871578142373,-1.211812102640676,0.4226586840172855,0.006165286852073015,0.6759376608194784,9.316121259841253e-06,9.31612125980771e-06,8.65793289141709e-05,8.657932891437085e-05,True
2.5,5.260781592030442,2.451763082007679,2.809018510022763,1.1146184380201265,-2.227352298169407,1.1842200460483754,0.000789603529117,0.5682594751644714,2.8597286318236777e-05,2.8597286318326426e-05,0.0453736618815997,0.04537366188159936,True
2.5,5.952702996749351,2.3663746008089444,3.5863283959404066,-0.2925756131515792,-1.7517300345733031,1.0443160449168731,0.004081108045544568,0.6434748352990788,5.9315541455817e-07,5.931554143017135e-07,0.016256926556689897,0.016256926556690327,True
2.5,4.9160444574483995,1.9642877345940686,2.9517567228543307,0.7236412261297487,-1.8464399438860553,0.8725427506778615,0.0014448570452710308,0.5858057894873878,6.074342461722672e-05,6.0743424617360185e-05,0.015993618520075827,0.015993618520075744,True
2.5,3.42331270001546,1.9164407463707385,1.5068719536447215,0.8628528084384809,-2.1159366716648362,0.9156793918883155,0.011875458589721832,0.5723880787548564,0.022342371350223,0.022342371350223038,0.11323311265728114,0.11323311265728075,True
2.5,3.850964595007631,0.9903067984991746,2.8606577965084563,-0.7696562994501135,-0.10675828536075971,0.5243342391173845,0.0021923726057767046,0.648378097885736,0.003160489097353793,0.003160489097353782,0.003267012600412733,0.0032670126004127314,True
2.5,5.89878680366414,1.3441612406548085,4.554625563009331,-1.079786641803533,0.5348823117844148,0.6242213125417998,0.001052238800242855,0.010931124440794915,4.799838636027108e-07,4.799838635989643e-07,0.0011532407854265108,0.0011532407854263009,True
2.5,4.092737786923396,1.0340638115933856,3.0586739753300107,-0.5552312652580776,-0.761757904709794,0.625867116738455,0.010447448479203203,0.6159741066960802,0.0009366836133459969,0.0009366836133460166,0.00425041665783568,0.00425041665783547,True
2.5,4.389878555858287,1.2103585932543792,3.1795199626039077,-0.12647039285352749,1.1133851741544616,0.49889321134988485,0.0022282466013962,0.007883866901405578,0.0007701834758353314,0.0007701834758353307,0.002510998144989692,0.0025109981449910348,False
2.5,5.260249139243071,1.3127802639429715,3.9474688753000997,-0.010541535637940436,0.7007433549282083,0.5310386936334364,0.005290347909233273,0.3568064754167404,9.426075212497418e-06,9.426075212686715e-06,0.0010575364722669295,0.0010575364722681532,True
2.5,3.3925908059143244,2.0341102569159952,1.3584805489983292,0.22387617018461814,-1.59910890433882,1.0338717254783656,0.006848278834215293,0.5188983421936022,0.032240511093596394,0.03224051109359634,0.183114806699264,0.18311480669926375,True
2.5,5.422874046194427,1.8896952426018623,3.533178803592565,-2.119807259875679,-2.7166941087110823,1.1661697192341638,0.008807959708451607,0.734068204539047,4.733039558164158e-06,4.733039558008573e-06,0.02468968036065748,0.02468968036065735,True
2.5,4.099769950919044,2.1881434019253994,1.9116265489936448,0.14351235549297123,0.9459685410783423,1.1178360643344638,0.06045844848486209,0.4589720513246928,0.004957142634542837,0.00495714263454357,0.15809190370323137,0.15809190370323206,True
2.5,4.813484635834133,1.8392838064610242,2.9742008293731086,0.05702435659748571,-1.7618418085813783,0.8213414476266158,0.0012848503350875728,0.6454873614059966,8.41238986046899e-05,8.412389860479656e-05,0.01307540512472341,0.013075405124723294,True
2.5,4.500600829629204,1.4145793196344776,3.086021509994726,-0.06894408430864567,1.1150820281930534,0.585805344700757,0.0015713875336083594,0.18350093460355021,0.0004877625683881271,0.00048776256838806305,0.005662931699023992,0.005662931699024256,True
2.5,5.944459524927131,1.9868691073154037,3.9575904176117276,-0.016482729491641583,1.4296421875518917,0.9178895915640682,0.004276888908768317,0.242495635064983,7.335396111328426e-07,7.335396120249588e-07,0.014109622857333162,0.014109622857331755,True
2.5,4.1127747334350655,2.3077565739247485,1.805018159510317,-1.7700690497147589,-0.7640374474725088,1.105686494110744,0.0021684767328020715,0.43775619034454893,0.005143414199739017,0.005143414199739312,0.14943428869353395,0.14943428869353415,True
2.5,4.474384910925285,1.5759590167141753,2.89842589421111,0.7318223809225308,-1.9879611067622298,0.7535539023967691,0.004411223691734578,0.6044438604666729,0.0002400707205248642,0.00024007072052502812,0.009414603278686009,0.009414603278685945,True
2.5,6.1146534531989385,2.635874331872036,3.4787791213269026,-4.523809058698686,0.5790072361839658,1.2193892151861216,0.0033779998940720035,0.07625035750392223,1.4171270188122486e-06,1.4171270207207316e-06,0.13315580390367465,0.1331558039036737,True
2.5,5.558091145148863,1.4416096229792785,4.116481522169584,0.18509630064354515,1.5689640299482246,0.6808200019161883,0.003241430224291575,0.005063062208540581,4.645081602363101e-06,4.645081603085589e-06,0.0036008383951791,0.0036008383951806424,True
2.5,5.802798092437913,2.130326717499006,3.6724713749389064,1.035485211939243,2.3053682157899695,0.8019631738300421,0.002326381605095851,0.17507351623526424,2.8167981516389263e-06,2.8167981512554038e-06,0.014354236424773082,0.014354236424774373,True
2.5,5.864898359029652,1.4634093222889284,4.401489036740724,-0.1972448668361644,0.30058914905009804,0.8002517938991062,0.0039081192988996705,0.37170449227317415,3.5632323757821105e-07,3.5632323745364596e-07,0.0032371450653760014,0.0032371450653753725,True
2.5,6.317023371273007,3.3168033205637113,3.0002200507092955,-6.795560822360776,1.5269433387318898,1.3167671613550063,0.011199940712145529,0.02675735635039911,1.208408093582915e-05,1.2084081970416621e-05,-0.21571814875773607,-0.21571814875774883,False
2.5,6.22443858978186,2.1300847936889777,4.094353796092882,-0.5736821280977102,-0.3239435535168409,1.1925605388477665,0.0025385280786258124,0.44101082276920733,9.409002355672386e-08,9.409002351351308e-08,0.019577962627426553,0.019577962627427073,True
2.5,4.107503521447356,2.551387997377084,1.5561155240702718,-0.6771026068576432,-0.07005384177892782,1.115042216360621,0.007737134808680657,0.45182100281165916,0.008744522146958606,0.008744522146958197,0.19480510724182845,0.19480510724182853,True
2.5,4.368460134818218,3.0465707773228567,1.321889357495361,1.0699993118828242,2.1727460451828176,1.312430507355151,0.00041493973894313196,0.41680282055824763,0.013167024444139823,0.013167024444152213,0.39641846166319017,0.39641846166319195,True
2.5,3.085721584750045,0.9792937831542052,2.10642780159584,-0.1952262685705088,-0.12513800768046845,0.5057343892341918,0.003762008185644816,0.6026535694724813,0.029120279213294582,0.029120279213294534,0.00945591912085185,0.00945591912085172,True
2.5,4.818742891259483,1.240271101347361,3.5784717899121223,-1.3707567533211757,-0.9553098532972487,0.6868424806594517,0.008855384164503877,0.6992175555969625,5.6363720119225876e-05,5.636372011925421e-05,0.0034612633983461287,0.0034612633983459604,True
2.5,4.055180306718197,3.987626751586252,0.06755355513194461,-6.936911180412089,1.8542097974743665,1.624487015697476,0.11748321902066355,0.06377778235827514,0.8554923403620698,0.8554923403624037,0.8694890566046174,0.8694890566046127,True
2.5,6.340236005998666,1.1427042657227653,5.197531740275901,-0.10977067289781454,-0.7312033969540881,0.5558543481963278,0.00019551107110027388,0.5452064406781697,1.0695180157079205e-08,1.0695180230991018e-08,0.0001817282956036307,0.00018172829560413688,True
2.5,4.588869311321677,2.0431218161220013,2.5457474951996755,0.7485292113217441,-1.8766520938897366,0.9032205974647198,0.00020478472224100264,0.5978420324907244,0.00031718011958711573,0.00031718011958679275,0.029204399090650222,0.02920439909065024,True
2.5,4.459836123371752,1.7375084502669993,2.7223276731047528,-0.12704433720579447,1.656880777202265,0.8382790301275508,0.002613763632595134,0.009794899674463287,0.0013296084153996011,0.0013296084153986228,0.0458053390204693,0.04580533902047021,True
2.5,6.782541596617308,2.7228331202778984,4.059708476339409,1.4996515210945554,3.2329843860899548,1.115080787889631,0.0018363298121774618,0.03207042387781811,5.169663118253216e-08,5.1696670303078365e-08,0.07882738808860472,0.07882738808859341,True
2.5,4.961289245434472,1.45021191538244,3.5110773300520317,-1.1030808144681448,0.6704215992740492,0.6120585204072688,0.014680333055389128,0.011596232997100497,7.614718603605402e-05,7.614718603608232e-05,0.0038835175865693065,0.003883517586567123,True
2.5,4.331551847058287,2.442414323881049,1.8891375231772378,-2.62473811447289,0.6237885194210566,1.0504071109160713,0.04404802686540027,0.16458772512180397,0.004524490085049011,0.0045244900850486885,0.18206209629935963,0.18206209629935788,True
2.5,4.361313177280669,2.3626697951591416,1.9986433821215277,-1.174825250742773,1.0465841089538386,0.9732683265386654,0.023494065308945877,0.21408648567064026,0.0031611314126998033,0.0031611314127001073,0.12438605181291203,0.1243860518129123,True
2.5,4.0326751837745345,0.5175403539663139,3.5151348298082206,0.02163859136218887,-0.5033439666834846,0.21782830337730658,0.0444513058554874,0.6504333052609248,0.0008427554871371642,0.0008427554871371414,1.0401827897143592e-05,1.0401827896220767e-05,True
2.5,5.239307199583124,1.5900043575280374,3.649302842055087,-0.4117618850883655,1.2199960389555242,0.7526570832606405,0.0013620083157758756,0.11460649057638012,2.4164023335761466e-05,2.4164023335426288e-05,0.008783414471930586,0.008783414471931825,True
2.5,4.872627436778249,1.7018761101887783,3.1707513265894702,-3.711293499344345,-0.5897446871850962,0.9598680215417729,0.0008991685115420922,0.027413357293352814,0.0001453783581798806,0.00014537835818109152,0.037603576434896514,0.03760357643489756,True
2.5,6.00907539483072,1.6156159022153276,4.393459492615393,-0.7488488301122795,0.6778833278759673,0.8246497595627033,0.01055817265289033,0.5745175872802221,2.693085197620701e-07,2.693085197480249e-07,0.004890215629810415,0.00489021562981063,True
2.5,5.273667702263749,1.6415472735747274,3.6321204286890216,0.499646710053739,1.4176218372584253,0.7041694246411021,0.0034585733847564137,0.351236281180656,1.5254115521766427e-05,1.5254115522196396e-05,0.006254081571661865,0.006254081571662538,True
2.5,3.9320177281017044,1.053763041599436,2.8782546865022685,-1.165913518706168,-0.34974693123529643,0.7102358064394665,0.004037376463893516,0.4534945494232111,0.0025017241509119755,0.0025017241509119937,0.012081555417085457,0.012081555417085324,True
2.5,5.408279595605234,1.9494640968965333,3.4588154987087005,0.015515371558013425,-1.6981782055579973,1.1101322374313711,0.004748485772427258,0.6504604770834015,5.313410815528661e-06,5.313410815320592e-06,0.02081295528823087,0.020812955288231034,True
2.5,6.818927769716092,1.2575919706225223,5.56133579909357,-1.1708586812507424,-0.023229554905724648,0.863017451546039,0.012295332546299387,0.5963825052009327,1.017299485441823e-09,1.0172994728787229e-09,0.0016798116640932956,0.0016798116640922489,True
2.5,3.2305356746481553,1.7261610867170032,1.504374587931152,0.29847864057852025,-1.9399403597944076,1.115179414599437,0.005522949889479212,0.6519466602755523,0.0311538362642893,0.03115383626428936,0.1804204767485292,0.18042047674852946,True
2.5,6.008089429698747,1.3943377224199396,4.613751707278807,0.7997951135225765,1.8437318461997028,0.5589946174170864,0.004201540240797996,0.1638117924653102,3.262474827313883e-07,3.262474839734551e-07,0.0009001007305325046,0.0009001007305305071,True
2.5,5.604921445070291,1.4024693707901923,4.202452074280099,0.2161224784536859,-1.1342988237561897,0.8838995074572044,0.01852037759311126,0.5588080748450983,8.776437250892657e-07,8.776437249947087e-07,0.0040149991936251385,0.004014999193624846,True
2.5,6.006199140736663,1.9895741784591816,4.016624962277481,1.0951955074862496,-2.12021864094604,0.9090965511736934,0.0025683482934016344,0.6004753255413408,1.799523043252656e-07,1.7995230433043082e-07,0.005422907465746401,0.00542290746574656,True
2.5,5.225746544305762,1.2738486524305535,3.951897891875209,-0.39277949752984337,-1.9825025390604472,0.8321015358875073,0.00279758658034035,0.7294247894708717,5.373050388453394e-06,5.373050388422029e-06,0.0037643276063831885,0.003764327606382993,True
2.5,5.06580389836261,1.7185689981916092,3.3472349001710007,-1.4431628286405807,0.2128510898814222,0.7713613791944336,0.004423682967867992,0.2135189575222881,4.3069342620488794e-05,4.306934262066429e-05,0.010793345556422449,0.01079334555641998,True
2.5,6.1324356724925835,1.8425051092868976,4.289930563205686,-0.601232176001844,-0.5776896891628511,0.906951147854975,0.006505070606054542,0.6090319766730576,9.70595741113643e-08,9.705957412834566e-08,0.0054305742722983025,0.0054305742722989,True
2.5,4.628677898350882,2.811612229684603,1.8170656686662792,3.171858222479426,-4.067858176333506,1.5525522620260892,0.0004488586422103369,0.6711321993003901,0.0013483810301526385,0.0013483810301500318,0.19152831351315885,0.19152831351315894,True
2.5,3.5158450251256346,2.5202423158769776,0.995602709248657,-2.4347781803803996,-0.29874337650257077,1.3177456091929882,0.0004777986038624893,0.5831591313843497,0.07352523027898457,0.07352523027898258,0.4961886228371348,0.496188622837135,True
2.5,5.4222441080352315,1.9201096739166688,3.5021344341185627,-0.007920360801692197,-1.6512354048296523,0.9060848565931032,0.002322760316550765,0.6009362970782922,4.724783463743063e-06,4.724783463947927e-06,0.010083073827626474,0.01008307382762622,True
2.5,5.581065615382909,1.8609507227580362,3.7201148926248724,-0.27718866876116616,-2.6462068538380876,1.0966488572480981,0.0035149717894096266,0.6804352531770663,1.6837994043809364e-06,1.6837994043381875e-06,0.014225906874110843,0.014225906874111037,True
2.5,5.3218914760669485,3.597389760985125,1.7245017150818236,-2.015215804095473,0.49616585414268566,1.49633915216868,0.0033790454991610153,0.5706427292456658,0.0007477194024411433,0.0007477194024700613,0.3117741383908978,0.31177413839089735,True
2.5,4.1214084878913875,3.4548854137651883,0.6665230741261992,-2.0049123200898458,-1.121767971203236,1.4213341937715709,0.014980100869743829,0.6094911877156954,0.09319592145657056,0.09319592145657012,0.5732516289504661,0.5732516289504656,True
2.5,6.37395904739453,1.6079924129933745,4.765966634401156,-0.5539154142893622,0.12047838807074163,0.7296713703105238,0.007436408283704898,0.5772881183814857,2.0319780303356445e-08,2.0319780351172278e-08,0.0015880019251580493,0.0015880019251572346,True
2.5,4.836346569347967,2.1780606005571443,2.6582859687908225,-0.6073181075555261,-1.9989828694740903,1.1128774387932645,0.006178126237670667,0.630420972872799,0.0001425600629980483,0.00014256006299792889,0.04913553252221594,0.0491355325222161,True
2.5,5.193456708363175,1.9642074953156314,3.2292492130475434,0.8494578732030118,2.155843939040995,0.9025666196399273,0.01011970088452857,0.3060055614348478,5.4097570386723544e-05,5.409757038393093e-05,0.034148486965164676,0.03414848696516409,True
2.5,5.6242824577144654,0.8942968711523648,4.7299855865621,0.0397326783498055,-0.4095553329266335,0.4629148510130846,0.0021296181639235967,0.5493906579480985,6.188398003385393e-07,6.188398003022846e-07,0.00010985221961126269,0.0001098522196111093,True
2.5,4.41883260912674,1.2308034337425326,3.188029175384208,-0.38481182212094567,-1.4619307967180015,0.6402605467450676,0.00805364596058944,0.7028314636307115,0.00024182121854496793,0.00024182121854501087,0.003543630384263327,0.003543630384263276,True
2.5,5.13980327632778,2.1742937588095153,2.9655095175182646,-2.9455236255481396,0.2795873567405549,1.130893697559598,0.00692437630373588,0.6005258836336975,7.789594151524673e-05,7.789594151379629e-05,0.0899923247805021,0.08999232478050057,True
2.5,4.243797099519069,1.7150314140967344,2.528765685422335,0.8054676283437195,1.9925994235267908,0.953415409567429,0.001617811759624499,0.33952042358041834,0.002478775844765848,0.002478775844764681,0.087821654344424,0.08782165434442508,True
2.5,7.187359269854349,2.064958499299104,5.122400770555245,-1.7746581367835204,0.9236260616460812,1.0491942369089664,0.0017071199256800118,0.11820924277300643,3.825794185322879e-10,3.825796016222597e-10,0.011052893705229352,0.01105289370522846,True
2.5,3.7578207219945963,2.3697836483452575,1.3880370736493388,-0.5766728214338029,0.869754418442048,1.0298145946144184,0.0007816094453259037,0.35481918958927916,0.025712082152287815,0.025712082152288093,0.2390083703882058,0.23900837038820547,True
2.5,5.041600257197058,2.012147464685983,3.029452792511075,0.10053936992469721,1.2163258637055523,0.8487388880401989,0.0015804178550860581,0.36820516543190873,7.348862669802614e-05,7.348862669884225e-05,0.024349750964324415,0.024349750964324554,True
2.5,4.40031457099193,0.8224218608102662,3.577892710181664,-0.08789367983838652,-0.9891226031944589,0.5276759877029964,0.009376753832212037,0.4766186738336106,0.00019805163955129135,0.00019805163955134014,0.0007633329440277476,0.0007633329440279404,True
2.5,5.3300158914146705,2.810947945276501,2.5190679461381693,-0.31018024317314635,1.0355817731930852,1.2207233365391024,0.005860057861794721,0.443352407870454,7.794156821422012e-05,7.794156821257446e-05,0.11050186699729034,0.1105018669972927,True
2.5,5.301517829799437,1.7490497979111665,3.55246803188827,-1.0651008095603767,-1.361598741506958,1.0824470101300623,0.0028143779869126972,0.5646744906495345,7.860043397189236e-06,7.860043397180214e-06,0.02022802160354475,0.020228021603544914,True
2.5,3.776694453799994,2.401821489879101,1.3748729639208932,-0.752440885112061,1.8943240391951748,1.196207644223189,0.009688906808439146,0.473252283636271,0.04649086952245722,0.04649086952245751,0.6395030776898232,0.6395030776898211,True
2.5,6.561712287841217,1.6308600032527836,4.930852284588433,-1.086112694225915,1.0030389605984866,0.6995543747382629,0.013911748695196458,0.01264931706176392,1.600433594279614e-08,1.6004335993535527e-08,0.0017481929010937113,0.0017481929010970262,False
2.5,4.882533421376734,1.7982155606787193,3.0843178606980146,-0.7124142457587436,0.04245371298979528,0.8464503627612117,0.027251825052336864,0.4445814891899066,8.704816545866468e-05,8.70481654585869e-05,0.01766574221584695,0.017665742215847637,True
2.5,4.9209693209215315,2.4918568063319535,2.429112514589578,-1.7519317208914318,0.8361081869646099,1.2143035779158151,0.01017576064002379,0.31395086081588164,0.0003487916881102125,0.00034879168811072876,0.15641452382499038,0.15641452382499188,True
2.5,5.558554097921021,2.5017103644673746,3.056843733453646,-4.757446768315212,-0.826120647608702,1.5050477908588404,0.011807115274086732,0.2185872035262849,1.2802725021573804e-05,1.2802725023046744e-05,0.2041321664472494,0.20413216644724974,True
2.5,5.634950250701046,2.1898123934725584,3.445137857228487,-0.08792893783491329,-1.9943383801195393,0.9459454547236529,0.0024216657162117183,0.6576017818198225,2.4004098679518124e-06,2.4004098678506136e-06,0.01290790232519343,0.012907902325194173,True
2.5,3.7069920310568287,1.212349562246716,2.4946424688101128,0.051876434103085955,-1.549959497422687,0.6705109377656772,0.011946724828989785,0.6719812899988248,0.0035336209307771983,0.003533620930777115,0.011042854580865978,0.011042854580866087,True
2.5,5.239937001050323,1.2402104620943715,3.9997265389559513,-0.02797987909443903,-0.3257218925201173,0.49920256066737667,0.0006879567742334447,0.559097530229424,6.346659486719628e-06,6.346659486755944e-06,0.0005684855251326681,0.0005684855251333875,True
2.5,3.452620235119901,1.7448696327859299,1.707750602333971,0.1105980797925713,-3.4775957575069962,1.1565081199659542,0.019828222584484356,0.74722729761036,0.014889319107718695,0.014889319107718691,0.14482902994532829,0.1448290299453285,True
2.5,6.2146397524212,2.170429434824806,4.044210317596394,-0.6789957192148058,-1.5575109838279455,1.1243752908708033,0.00407706678336528,0.6219461084784961,8.782941626405735e-08,8.782941619014231e-08,0.013553328299908256,0.013553328299907902,True
2.5,4.188272787833425,1.9649588132486153,2.2233139745848094,1.249230978868735,-2.6016284363667728,1.095508016692392,0.02755047487113088,0.6269463892141335,0.0014130992605681176,0.001413099260567958,0.06645780917103518,0.06645780917103548,True
2.5,4.16992578263779,1.0971291694897256,3.0727966131480646,-0.3108943926878663,-0.5830643844030475,0.4649083047799058,0.009190904564837343,0.6475792347348233,0.00071182500522755,0.0007118250052275812,0.0013231309312788087,0.0013231309312780762,True
2.5,3.2749097551443476,2.6774904703591957,0.5974192847851518,-1.42812220124487,0.009802026237320627,1.1992475016364492,0.011408216716892738,0.5220503802755385,0.21046334373032838,0.21046334373032868,0.5895913997712727,0.5895913997712727,True
2.5,4.509149214178083,1.971088796496565,2.538060417681518,-3.601536746294267,0.11945534077184594,0.985949782118167,0.013485862481487643,0.01811491732749171,0.0013846224989902674,0.0013846224989933278,0.09713313429238538,0.09713313429238513,True
2.5,4.743999289322762,2.3346999402592754,2.4092993490634864,0.17393767232854795,-1.1645320318438834,0.9059185391221967,0.006105649309442018,0.5853834111768826,0.00030895771484505197,0.0003089577148451388,0.040408293961313194,0.040408293961312944,True
2.5,6.790391806039589,1.446546612979932,5.343845193059657,-0.9640005134736752,0.08295171790765377,0.7387391539080483,0.0037967754689149924,0.6216659435789798,1.3428889502951713e-09,1.342888960450754e-09,0.0009451014072276523,0.0009451014072273679,True
2.5,4.9648705775219,2.346660465586271,2.618210111935629,0.8211282949518116,-2.198527494672957,1.040430408224731,0.011698352681213109,0.5996096597903957,0.00010027008603909875,0.00010027008603929865,0.03998604157420645,0.039986041574206106,True
2.5,5.934149919402583,1.3721598407959152,4.561990078606668,-0.12731915315576534,1.1049645308006895,0.5387333312323644,0.007185129149086977,0.13171998794589523,3.865874390373926e-07,3.8658743929656873e-07,0.0006756989139519803,0.0006756989139539817,True
2.5,4.378395300855751,3.015478321041211,1.3629169798145404,-2.638567265902243,2.0550892271979406,1.2371985721658798,0.005271564708170584,0.02855467163275366,0.027500538011694928,0.027500538011676713,1.673085774880799,1.6730857748808319,True
2.5,4.222793935806373,3.3597661002062864,0.8630278356000867,1.011921391178569,2.668302595314211,1.5818099517932955,0.008331262810730489,0.4584124682998686,0.061056299279583746,0.061056299279643164,0.8652754027852281,0.865275402785225,True
2.5,4.802925719530553,2.051737589302865,2.7511881302276877,-0.755237941249113,-0.07520295393153076,1.0699197043651227,0.0023975304404030284,0.3940172081537613,0.00017766030046899236,0.0001776603004688743,0.053091264271914594,0.053091264271914185,True
2.5,5.923228313695183,1.6654139901498264,4.2578143235453565,-1.0025551896731386,0.44636581593086566,1.1593568032868615,0.01674897527481739,0.37649870477677605,4.331760532640312e-07,4.3317605326441536e-07,0.02537918147714681,0.025379181477147024,True
2.5,6.005066821752645,1.5363641579843774,4.468702663768267,-2.27442783170933,-1.0024293464963576,0.9101337259921513,0.005018258647520146,0.6965751792736015,1.7287678050595424e-07,1.728767806018377e-07,0.005117817326888439,0.005117817326888094,True
2.5,6.559435746102533,1.4545620899318377,5.104873656170696,-0.31052547833182775,1.1919213796760086,0.78490488272101,0.004662721254579338,0.04698544872700816,1.143396606583012e-08,1.1433966367990037e-08,0.0023630517868548405,0.002363051786853739,True
2.5,5.544805194878494,0.8280777507042099,4.716727444174284,0.1646621287388406,-1.0968128424595744,0.4908499010939398,0.0049244318110263086,0.6189280545625163,7.357318725546495e-07,7.357318725915686e-07,0.000113809552522659,0.00011380955252244615,True
2.5,6.3015578179441585,2.116727725428273,4.1848300925158854,-0.15082215615517267,-0.26890908978495576,0.9012338162673458,0.01289419857764057,0.46682526707960986,5.5003406019207554e-08,5.5003406335169366e-08,0.006484503739002792,0.006484503739002746,True
2.5,4.647005775597789,2.460199509531295,2.1868062660664935,1.2144985835925965,2.9113848565841858,1.2150727403228254,0.004956398284270858,0.021353567643330518,0.002691995435367863,0.002691995435373894,0.5155806466178101,0.515580646617802,True
2.5,4.1432755939140264,2.3621476846639333,1.7811279092500931,-0.04071733357043924,-0.1502342556959987,0.9901422303392747,0.012219715468236414,0.5242565800693193,0.004795609466817092,0.004795609466817727,0.11514672852107652,0.11514672852107741,True
2.5,3.4726283532511557,1.6249231022235702,1.8477052510275855,0.27311340273498835,-1.2067082204721105,0.7596920354444431,0.006059462216901734,0.5427530715228273,0.013098173496958356,0.013098173496958434,0.04795576099799725,0.04795576099799711,True
2.5,4.264159956999473,1.890339564761145,2.373820392238328,0.007319233113868425,-1.2783908496705063,1.008349973487285,0.012988663229818065,0.6252627016968131,0.0010736973320246267,0.0010736973320244073,0.05248140035683312,0.05248140035683348,True
2.5,6.459301201903426,2.2144659022710957,4.244835299632331,-1.080288268296188,-1.7560882176141086,1.2735976364546648,0.002276496621657076,0.4388602072883534,2.1061548514170895e-08,2.1061548534783924e-08,0.017898058016404716,0.01789805801640493,True
2.5,4.943730875290427,2.374822697195151,2.5689081780952763,-0.3558870736225063,2.1256602872675643,0.8430244588834976,0.0021533125965254585,0.038535917051634394,0.0004999128061816704,0.0004999128061802193,0.061732022334067015,0.06173202233406018,True
2.5,7.012112291540298,1.2337467127037416,5.778365578836556,-1.4014196755169828,-1.0666576973742408,0.7605526268803026,0.017817034735981285,0.7102961484447823,1.748080839111602e-10,1.7480807810464735e-10,0.0005077395866978482,0.0005077395866983199,True
2.5,7.37347330368665,2.345893025976853,5.027580277709797,-2.464133913047142,0.8119522933239556,0.9745085711041352,0.00019639461988479878,0.12694893718507883,1.5782081818133598e-10,1.5782292513811965e-10,0.008337647494593849,0.00833764749459193,True
2.5,4.423600461809671,2.4284798843652853,1.9951205774443856,-0.6296183753784464,1.615709762631624,0.865632346741262,0.002539581826685844,0.1674246695261049,0.0032781688254034276,0.0032781688254037394,0.10256615596731007,0.10256615596730913,True
2.5,2.8579183645462827,1.7712945449201805,1.0866238196261022,-0.19362287031747188,1.5820716583633052,0.8521996034638512,0.013820995420096127,0.07348646631834233,0.22098332819832572,0.2209833281983256,0.3304285263440222,0.33042852634402203,True
2.5,4.9615482219719365,1.6907149739995946,3.270833247972342,1.4743651628054695,-2.7268119526911834,0.92218230652694,0.0014134561710313354,0.6848168041529842,2.7517928456110833e-05,2.751792845591979e-05,0.010923269726661721,0.010923269726661366,True
2.5,6.467146904450306,1.549860632773081,4.917286271677225,-0.8048752699784693,-0.09707970451227044,0.8771872501734929,0.01476020692553226,0.6126696238768747,1.039601875643341e-08,1.0396018753507533e-08,0.0028763080476743867,0.002876308047674753,True
2.5,6.503151632680079,1.9622840291485246,4.540867603531554,-0.08912875632326872,-0.43113423652041427,0.9549892067160585,0.0026884259813896305,0.557877245340668,1.1423456526487853e-08,1.1423456594374802e-08,0.005203820737187873,0.005203820737187771,True
2.5,5.355973248414979,1.5213003430505636,3.8346729053644153,0.1765462544756332,-2.00077971407014,0.7975768548401433,0.00016560540419563452,0.6921419462863198,3.444990602035779e-06,3.444990602126859e-06,0.00366779432737424,0.003667794327374096,True
2.5,5.598522383615917,1.8548663441810787,3.743656039434838,-2.8128035808368104,-0.3551523912741834,1.1928841773564034,0.01507830303426666,0.24025008529917857,3.509438412226557e-06,3.509438412361399e-06,0.04696859244670985,0.046968592446708396,True
2.5,4.209532118078622,2.4220683997441004,1.7874637183345214,-1.8605478050394701,0.6828079006115351,1.031392768254289,0.03418025829917731,0.2187101093612981,0.006229417184289925,0.0062294171842889505,0.1745575859308496,0.17455758593084722,True
2.5,5.8915787960122135,1.720795220305415,4.170783575706798,-0.46326031323773664,-0.06385792044741245,0.8029353388077086,0.014602617320094935,0.5043854471613314,3.7848307195900055e-07,3.78483071822619e-07,0.004138351143238074,0.004138351143238093,True
2.5,4.699007835204761,2.4002610338830954,2.298746801321666,-2.1480111749730635,1.245216599336664,0.9932247168355642,0.004429700707737738,0.08996241883492434,0.0012526965209900833,0.0012526965209900217,0.1274002404634294,0.12740024046343068,True
2.5,7.517743621847953,2.7817054036200553,4.736038218227898,-0.9048246814574414,-1.045286307969308,1.2705182537180346,0.011845297570196034,0.4649394309745514,5.68557391589186e-11,5.6855733905976814e-11,0.013559850307307204,0.013559850307307048,True
2.5,4.294646180934697,0.899726585099622,3.394919595835075,-1.0441705814785822,-0.7346406875507296,0.5667491960262057,0.00945536372758804,0.7223505446279113,0.0004636909459827311,0.00046369094598273496,0.0017713350985697298,0.001771335098570345,True
2.5,6.006130718639462,1.522647858130742,4.483482860508721,-2.2150002644368216,-0.2732679372027744,0.8375334339952507,0.001295924016866068,0.10756370381864316,2.421336237522827e-07,2.421336233170416e-07,0.004382866595868937,0.004382866595867769,True
2.5,4.187218606339705,3.080468260146746,1.106750346192959,-2.363481302098908,1.262167532697263,1.4242595042301338,0.0016238756570955415,0.20986358557969859,0.033190163203596836,0.03319016320358512,0.7512178528915676,0.7512178528915634,True
2.5,4.425485871734448,2.3788242388600587,2.0466616328743896,-0.21646798763386885,2.2974495511186395,0.9448983642161805,0.009797480357600474,0.003598532707621893,0.0058710880250071,0.005871088025006861,0.1732448708390592,0.17324487083905352,False
2.5,3.697001536508811,2.3451964372513063,1.3518050992575046,0.956407496037973,2.1298110446209746,1.0419644080756576,0.02014762645755841,0.34041401853520153,0.03679236881988153,0.036792368819877706,0.3022422000781018,0.30224220007810304,True
2.5,5.651629144962583,1.7949934007865014,3.8566357441760815,-4.237896713069252,-0.5368553916518769,1.0185109711788887,0.0025965948629304014,0.022200087146533154,3.822030229261218e-06,3.822030230305974e-06,0.028359032656014665,0.028359032656012396,False
2.5,4.586598239889527,1.3225245901532123,3.264073649736315,0.12875454894898977,0.767687286911666,0.7058361118570484,0.014086043509295598,0.37760417912226935,0.00022165172102738036,0.00022165172102744753,0.007694421836870893,0.007694421836870249,True
2.5,2.7296897547819494,2.60364686243169,0.12604289235025945,-0.27492871699955795,1.3073489372982015,1.1181137534174808,0.4748157224007504,0.5125334339234803,0.7684562630677871,0.7684562630677876,0.906682824297499,0.906682824297498,True
2.5,5.459576088225397,2.157411936571137,3.30216415165426,0.5285764784280427,-1.5811257611999336,0.9904858543578977,0.012418568670607921,0.5638284839389017,5.8086469476184136e-06,5.808646947184145e-06,0.01708899198346638,0.01708899198346569,True
2.5,6.379919416975168,1.9241869093730042,4.455732507602164,-0.33679106827790467,-1.1507434197699538,0.981153624600784,0.00416484070547718,0.5185652169077657,2.0958039800577042e-08,2.095803985068253e-08,0.005563945726146152,0.0055639457261458395,True
2.5,4.610782129547806,1.715018725536969,2.895763404010837,-0.4660555433484406,-0.12453501037398773,1.0260816456341253,0.032208759892056016,0.5882197269619538,0.00024397513287597656,0.00024397513287600524,0.039656409153978715,0.03965640915397841,True
2.5,4.105574158590364,2.5399272466122746,1.5656469119780891,1.0185930886292356,-2.6290528125841277,1.2189959918845519,0.00589272012651082,0.5674904382334103,0.006746643896273603,0.00674664389627348,0.1766947679254586,0.17669476792545863,True
2.5,5.994596963356821,2.2485606211255846,3.746036342231236,-0.10431955596103151,-0.42996616405008414,0.9360248438742218,0.006048584210882113,0.48864757132142944,4.282658130639184e-07,4.2826581349358957e-07,0.011327333757150332,0.011327333757149793,True
2.5,5.183184354093266,2.0898367544915124,3.093347599601753,0.015324284868269531,1.1892236384221926,0.9163806521724979,0.008529367300176283,0.35946013618927747,4.143539970149842e-05,4.14353997017894e-05,0.029333683295014058,0.029333683295013017,True
2.5,5.48907556420394,3.0679798502881015,2.4210957139158387,-0.04903682682346739,-1.8339815128287151,1.5801172512240242,0.0007652534676370615,0.6040078642261559,4.5810094660653824e-05,4.581009466262057e-05,0.13852315813161117,0.13852315813161126,True
2.5,3.4172194206646562,2.1764877210615365,1.2407316996031197,-3.0875602808399902,0.6194842733083901,1.1275301652097405,0.0034745659500801662,0.043991198740273074,0.09475663282912473,0.09475663282912208,0.5879384874855554,0.5879384874855548,True
2.5,4.579285810636299,2.2475973570616303,2.3316884535746687,-0.11910302911319809,1.1435643235892927,1.094998576843309,0.0006079285413826963,0.4540346953779294,0.0008763492070304693,0.0008763492070303298,0.10889019820944904,0.10889019820944788,True
2.5,4.51667581413531,1.634883564476315,2.8817922496589947,-1.4647704239755037,-0.23740986037641798,0.9754727843719535,0.0013524549531175323,0.2594475049534646,0.0003999987861931043,0.00039999878619319777,0.03962479310586056,0.03962479310586039,True
2.5,5.50263424831883,2.7120926378030283,2.7905416105158016,-0.14432178534758822,-0.9845751023337945,1.35534516156873,0.00045784250158337203,0.5136083686240482,1.755254207682526e-05,1.7552542076349554e-05,0.07760032432285363,0.07760032432285327,True
2.5,4.568533767494221,1.7836357198792434,2.784898047614977,0.21907636327646127,1.23650901727855,0.7342764848891064,0.019449039228272846,0.357304209083549,0.0004675783253059162,0.00046757832530538643,0.019695766996602245,0.019695766996602426,True
2.5,3.934519967129623,1.8359631817236108,2.098556785406012,-0.6441098571961849,-2.208596091689084,0.9286679898863477,0.019285821081629795,0.6946411751616846,0.0034763050856060317,0.0034763050856060434,0.05647156292825077,0.05647156292825082,True
2.5,7.046980978736041,2.0191214239076314,5.02785955482841,-0.15145729953286022,1.7235714972350031,1.0310882096423077,0.0029772924174143456,0.5093107980262361,1.0572751391348352e-09,1.0572763659726289e-09,0.012028756133794654,0.01202875613379441,True
2.5,5.254954113815024,1.2562295048324288,3.998724608982595,0.08003202973260783,0.6358159533765027,0.49118203227474594,0.008245622051804569,0.3875265636189369,8.601052046579152e-06,8.601052046777329e-06,0.0006853980814745082,0.0006853980814762618,True
2.5,5.93381443128923,1.2843442458636807,4.64947018542555,-0.1029071792632806,-0.2580813218320972,0.5248920837124748,0.002344793499423903,0.48269583279807954,1.5924344886026697e-07,1.5924344875726877e-07,0.0003404725130874994,0.0003404725130872214,True
2.5,4.6179777948723215,1.9777297153961024,2.640248079476219,-0.129623349035143,-0.18859615112930683,0.8357170316053874,0.010022443486881916,0.5144146919443188,0.00032524977875882593,0.0003252497787586657,0.02643494031736948,0.026434940317369062,True
2.5,5.602118664773598,2.4395939918717513,3.1625246729018466,-0.048458292822034676,-1.1437359176034425,1.0749235053615094,0.01274926689456718,0.5329282551264279,5.283687468992531e-06,5.283687469468443e-06,0.028516308019921537,0.028516308019921322,True
2.5,5.1806139095537675,1.580174292617791,3.6004396169359767,-0.22111127550722656,-0.5552515606847401,0.8093426302462715,0.0037858693938765398,0.4964438597140499,1.2069900728549499e-05,1.2069900728555607e-05,0.006643323817546501,0.006643323817546571,True
2.5,5.1401316762581875,1.4699296065518934,3.670202069706294,0.5171038654739909,-1.6242052598708174,0.802648777334616,0.011120627233633273,0.617023887090599,9.783052066533039e-06,9.78305206650809e-06,0.004544621945140597,0.004544621945140589,True
2.5,5.295124789523824,2.36581834007042,2.929306449453404,-1.4793746523649194,-0.7370895127915057,1.1529586578855668,0.014201909440196281,0.3878361673113515,2.721948655421613e-05,2.7219486553984366e-05,0.05159343403115009,0.05159343403115053,True
2.5,3.845937951868198,2.4119699197491697,1.4339680321190285,-1.9810561167838099,1.2148117791879245,0.9762064512923256,0.008986474365439812,0.10139128227529448,0.03205574841401392,0.032055748414014325,0.27417638010595463,0.27417638010595585,True
2.5,4.07849630763457,2.5230471666424483,1.5554491409921214,-0.14654285967767397,-0.6214544464755979,1.0145182157138222,0.013347436699797044,0.49372668899081407,0.008378505737161151,0.008378505737161096,0.15142391493635218,0.15142391493635235,True
2.5,6.018841339508269,2.052219843280856,3.966621496227413,-1.8626894520979096,0.7627983175347786,1.0978314653958285,0.0034043868976867397,0.1372634761562156,6.126403048256401e-07,6.126403044828903e-07,0.033948494956683666,0.033948494956685143,True
2.5,4.077251677206859,1.8106490256643597,2.2666026515424993,1.6117770031749665,-3.0243819032685257,0.9815386494933066,0.012855326893997987,0.6912846956955923,0.001620171267979285,0.0016201712679792153,0.04518342323355327,0.04518342323355372,True
2.5,3.84671167981992,1.8088767866486166,2.0378348931713033,0.6503452147857408,1.9228266826562805,0.7777595866051398,0.011612605641860396,0.15209799191372592,0.011534097042334268,0.011534097042335857,0.07438626826050934,0.0743862682605104,True
2.5,4.539020744072661,1.7743927654305003,2.764627978642161,-2.3970835767637793,-1.0152754855501875,1.027120207881767,0.0003699697921222267,0.3775396698821606,0.0003971188412017156,0.000397118841201353,0.048932317795627324,0.048932317795627414,True
2.5,7.070665732539141,3.6533543832896758,3.4173113492494656,-0.21530162935047983,-0.005715996423061864,1.422251673017834,0.008083625431409447,0.5228341837943395,2.050874757411494e-08,2.0508756407880606e-08,0.06167315834130724,0.06167315834130693,True
2.5,6.983262373453807,1.847384847099276,5.135877526354531,0.40401563265574614,1.4399815454546987,0.8559681264012842,0.0009486100716282753,0.35359750310845206,7.868491702718768e-10,7.868481705090339e-10,0.0032822516190653727,0.0032822516190652165,True
2.5,5.755621492310453,1.274590057127228,4.481031435183225,-0.23456602022126632,0.2265149848274126,0.5798691854907121,0.004087645847806687,0.4243839570244023,5.49629525383141e-07,5.49629525535208e-07,0.0006895888763729331,0.0006895888763734728,True
2.5,5.061765672053126,3.082020149769039,1.9797455222840874,0.6841361531145798,3.1971835445502483,1.3400533502013976,0.011575143214378303,0.057455956865337277,0.001785784326473363,0.0017857843264880318,8.023211282708312,8.023211282707353,True
2.5,3.193900047433873,1.2370476944908557,1.9568523529430173,-0.2993481210882333,-1.1123341096536468,0.7975123016775376,0.003128449014339063,0.668993518697393,0.021416360277146745,0.021416360277146725,0.0504038216018123,0.0504038216018123,True
2.5,5.889724244171545,3.102425621346571,2.7872986228249745,0.07106293577482334,3.120673913109285,1.1975842661684095,0.03847447894924133,0.015692729791584203,3.5592231924902075e-05,3.559223195675752e-05,0.5613008180846266,0.5613008180846459,True
2.5,6.576166501192117,1.907227027316322,4.6689394738757946,0.3560048003144176,-2.1295398374457095,0.9435169603363687,0.0011112298088312156,0.6689015965478298,4.824362095745551e-09,4.824362173470499e-09,0.0032715580054645263,0.0032715580054643056,True
2.5,3.345332612861762,1.0628826026465596,2.2824500102152028,-0.2207910920413106,-1.1517349511459922,0.5389368024064106,0.01716743670753418,0.6909049885600522,0.011367105312458617,0.011367105312458634,0.007359865377396128,0.007359865377396301,True
2.5,3.2513075454340403,2.3917782557323046,0.8595292897017357,-0.1184516928790429,0.6590426818038737,1.1272861008614292,0.44483093486365954,0.509425577928258,0.12229780613679932,0.12229780613680019,0.43848983897866406,0.43848983897866356,True
2.5,4.190751759486776,1.0328197328910829,3.1579320265956934,-0.39137934560617366,-0.2105215799410377,0.518581429770765,0.011962410753706021,0.6138400693876594,0.0007266379976128991,0.0007266379976128771,0.0018463918009931505,0.0018463918009929544,True
2.5,4.847014138230834,2.238710891471503,2.6083032467593306,-0.09158464745493257,0.593441723667258,0.9288778557316621,0.000547731090892345,0.43171089432414106,0.00021540448400640327,0.00021540448400583757,0.0438910395231013,0.04389103952309977,True
2.5,4.759040565622305,2.612379522850767,2.1466610427715382,-5.817800984456299,-1.0456909638988456,1.4247145961526826,0.013750319838281566,0.6775081997910934,0.0008801709755041082,0.000880170975505905,0.34600741640887034,0.34600741640887117,True
2.5,4.852011841915648,1.3181434263444092,3.533868415571239,-0.28219125641694454,-0.9197950613782968,0.6298032838668329,0.0036447238541567617,0.626653837388182,4.12573333851667e-05,4.125733338523434e-05,0.002368375231770901,0.002368375231771289,True
2.5,2.707452307739215,1.8705559815222232,0.8368963262169917,1.1228897202129489,-2.5433101288151216,0.8548015058340387,0.004485280491469623,0.6645348814215103,0.16379787820953132,0.1637978782095317,0.2652937116890898,0.2652937116890895,True
2.5,4.542476380047904,2.0288992696289294,2.5135771104189746,-0.3041461571464851,1.2747686289961795,0.7810140061641581,0.00825461104128522,0.22155189336713765,0.0008467519990707503,0.0008467519990706156,0.03679803594712506,0.03679803594712713,True
2.5,3.7859674793381055,1.3545922255510914,2.431375253787014,-0.8150338476392732,0.711870749470243,0.5407151459922654,0.019196476399061524,0.02330362602314412,0.008094919620611584,0.008094919620611636,0.010427484976870901,0.010427484976871652,True
2.5,4.170748034377281,2.4070448274644414,1.7637032069128398,-0.5706013435237663,-0.050749110892979066,0.9850639478699813,0.008868481021679475,0.4607897090254966,0.004998341933798029,0.004998341933797869,0.12219470366380433,0.12219470366380403,True
2.5,5.607015506051261,2.114737756698619,3.492277749352642,-1.3468318375217092,-0.21030586813817798,1.124176537940217,0.011286959490030557,0.33887000496912995,3.6734822510980247e-06,3.6734822510241707e-06,0.03151971295333208,0.031519712953331606,True
2.5,2.081815768845755,1.8762569683883328,0.20555880045742203,0.7900836984271329,-2.0287115038090184,0.8549277266636861,0.02560147698814408,0.5967277799711775,0.6865848475311683,0.6865848475311684,0.7272650807390042,0.7272650807390043,True
2.5,4.783286742879696,1.8377055395615656,2.94558120331813,0.32845522601113014,-1.8510823427501784,0.8868722161390777,0.014604928906023995,0.5662109838520694,9.377459984778006e-05,9.377459984784154e-05,0.016700432123793452,0.016700432123793678,True
2.5,6.087098993244029,3.466964259219837,2.6201347340241923,-4.36002279881426,0.9528307698607916,1.4815396881456713,0.004278977009366081,0.20653320658438695,1.0458572999886179e-05,1.0458573098765903e-05,0.4028759005088092,0.40287590050881644,True
2.5,4.442802078355261,2.163385262838069,2.2794168155171923,0.14576506307022627,1.9387401228466206,1.1012928483139748,0.003224071862777844,0.12564066377623667,0.002174360408760517,0.0021743604087605746,0.1811994590230453,0.18119945902304488,True
2.5,4.657850244114072,2.2409912098777984,2.4168590342362735,0.9617789561353364,2.6168251568615686,0.9514842602019281,0.051897051351646906,0.03018862972790426,0.0015327934276966558,0.0015327934276897716,0.11983608924596106,0.11983608924596172,True
2.5,4.671286194094456,0.838803321198165,3.8324828728962914,0.07980478229786722,-0.956765364599336,0.36428648708537203,0.00033057562956456676,0.6698412395108049,5.9149155877533014e-05,5.914915587751731e-05,0.00010488172888427485,0.00010488172888321794,True
2.5,3.87310595831333,1.604760051614314,2.268345906699016,-0.5684334104191874,-1.8017262197494321,1.0052048275225038,0.01991205190831713,0.6715976741367965,0.003199628012362161,0.0031996280123621386,0.06008557197773856,0.06008557197773825,True
2.5,5.502816147460415,1.5996115368250883,3.9032046106353264,-0.6986005297652824,-0.7739386561186733,0.933553242469157,0.00227356737754153,0.5007186634165689,2.397519591405974e-06,2.3975195913506716e-06,0.008461789056956165,0.008461789056955967,True
2.5,3.105542399467991,2.9837225540917283,0.12181984537626267,-1.098762010689919,-2.4331419989354304,1.6797397168371193,0.000355799479080543,0.6604871468510732,0.7058521673040296,0.7058521673040294,0.9200064971954589,0.9200064971954591,True
2.5,3.2475161209027257,1.6888743060217482,1.5586418148809775,-1.1468977635688227,-0.8672243863344923,0.8292604085614494,0.015571658272516165,0.6575288157682475,0.03496485931867698,0.034964859318677,0.10500531162702846,0.10500531162702732,True
2.5,4.637209826189116,1.4360303254724143,3.2011795007167017,-0.2093424702862934,0.7429159525243583,0.6203942390551401,0.0031019352051565585,0.2744528045675607,0.00021889765092037615,0.0002188976509202482,0.00541010413072649,0.005410104130726529,True
2.5,3.687227416190227,2.96006384783582,0.7271635683544071,-3.6210234868530886,0.5666652381278103,1.3792663118395407,0.026318736698043077,0.22319479981566115,0.13799293965837034,0.1379929396583633,0.8326995676198253,0.8326995676198322,True
2.5,5.304061745032602,2.5976004253146554,2.7064613197179463,-1.2357870370509088,-0.5547949790387918,1.1126955188015943,0.010717209591803334,0.5832865296298163,4.299929806169982e-05,4.2999298061450534e-05,0.05840194752657989,0.05840194752657853,True
2.5,4.704533372958792,2.571814021904305,2.1327193510544875,-4.373456215351142,-0.3161741942178671,1.376211996608494,0.0011708238248884228,0.6523358395787007,0.0010750303095513228,0.001075030309549153,0.3190793329391237,0.3190793329391222,True
2.5,5.60810521441226,1.333236636681104,4.274868577731156,0.4682919621286053,-1.7675817263109264,0.6911917265795765,0.001960449767506034,0.560252313170455,7.015143344390579e-07,7.015143344711134e-07,0.001151794942166674,0.0011517949421663088,True
2.5,4.392865317087971,1.5678957941165943,2.8249695229713763,-1.0569845167941274,0.44433663556416203,0.8110807064192647,0.0008602924459504835,0.5568087920237017,0.0007927094625146687,0.0007927094625146588,0.025111007235824642,0.025111007235824618,True
2.5,4.640125592188002,1.2274387292449942,3.4126868629430076,-1.5721097994200761,-0.3824850624010474,0.7209667286590296,0.0015011062792110175,0.1195237258015387,0.0001724848004713402,0.00017248480047138848,0.006450044610020279,0.0064500446100205725,True
2.5,5.544114539133019,1.6159096931439747,3.928204845989044,-0.5923578349598883,0.39144169399770323,0.7208893004824458,0.00048605019898834145,0.5691491423048319,2.863166001679376e-06,2.8631660017478744e-06,0.003981709265700282,0.003981709265701959,True
2.5,6.056181048708077,1.9587962764340603,4.097384772274017,0.1673935417827065,1.7694294172778982,0.9237447229113981,0.004221527224414545,0.36122164994767947,4.801342967144491e-07,4.801342954682317e-07,0.015083922847933768,0.015083922847934505,True
2.5,3.4976833404286647,1.740811525908446,1.7568718145202187,-0.4430459969144086,0.22341739175844877,1.1409572233243734,0.01191476749716508,0.4021822170820335,0.019329584062177115,0.019329584062177035,0.20092584164547833,0.20092584164547844,True
2.5,5.033663508065408,2.242431425474141,2.791232082591267,-1.0846339110478742,-0.366005947877896,1.1303033935031772,0.0058295957526146025,0.5999141683346902,8.129325434924387e-05,8.129325434929111e-05,0.057723228894248066,0.05772322889424859,True
2.5,4.6154478967981465,2.1509799176125437,2.464467979185603,-1.2260036343955358,-1.628907632700737,1.1386339631621498,0.0018732620989865278,0.6659276400239672,0.0004019228610917228,0.0004019228610917063,0.06960647868094108,0.06960647868094054,True
2.5,4.363358349346374,1.6397229182500304,2.7236354310963433,0.10048599576981246,1.0273781548850032,0.7639632225541871,0.0020400154087645284,0.3238268885591524,0.0008780233754538277,0.000878023375453732,0.022767761210090887,0.022767761210090453,True
2.5,5.3175928157478545,1.4774023861084313,3.8401904296394234,0.3559621147238988,1.6930125401556717,0.7746850945285327,0.0039360799001984526,0.020700425820202095,1.70096135888978e-05,1.700961358808738e-05,0.009086757124193528,0.009086757124193377,True
2.5,6.051252187649386,1.8203817371785298,4.230870450470856,-0.9720630325570264,-0.2988808059620275,0.8826248549939029,0.00034249668415742285,0.58769253813986,1.7477800731605216e-07,1.7477800730838376e-07,0.005754587116413297,0.005754587116412955,True
2.5,3.7084190877160053,1.4072659283561315,2.301153159359874,-0.8886479298815368,-0.5030587242449169,0.7026833965316011,0.0027099189420463077,0.6049081438396806,0.005978249301233167,0.005978249301233176,0.023022983395268846,0.02302298339526895,True
2.5,5.615206651520181,2.372029359158371,3.2431772923618096,-1.3773438808467202,0.18373589166923487,1.0691001727788294,0.005426331413979024,0.5683069468814652,6.211075746754292e-06,6.211075746538175e-06,0.03668497319994016,0.036684973199938464,True
2.5,6.1389477194975335,2.795114168315715,3.3438335511818185,-1.098656643594115,2.3065655296150407,1.395448734694281,0.02377320737124866,0.029529527304758385,2.7229522405108566e-06,2.7229522416401933e-06,-1.4693994868689408,-1.469399486869031,True
2.5,5.311474526865062,2.3870885448008625,2.9243859820641998,-1.2901147618662994,-0.4191911032672795,1.1369261519957503,0.00261214193428988,0.5125688359246555,2.7171728479021414e-05,2.7171728478805593e-05,0.05165976519724869,0.05165976519724949,True
2.5,4.493481625640573,2.1860825093917127,2.3073991162488605,-1.5865832270851319,0.26273664829674237,1.2163108423292945,0.0024190540958289874,0.2896633504406479,0.0010918437673405898,0.0010918437673402683,0.1495311464447188,0.149531146444719,True
2.5,6.145901064849692,1.1562509159859788,4.9896501488637135,1.2012547033331125,-2.2133431287225553,0.6226421949418084,0.015895829365228542,0.6462574911843388,2.2689949870931433e-08,2.2689949777614237e-08,0.00026126258991630017,0.0002612625899162192,True
2.5,4.71770463753886,2.752138700752494,1.9655659367863665,-3.239252541167787,1.5851341217383226,1.0663107584092621,0.006052356178164631,0.018430703645737512,0.004000893716202689,0.00400089371621957,0.3243027217700225,0.3243027217700283,False
2.5,4.5004057866720455,1.3793911706511128,3.1210146160209327,0.4090511051276818,-2.0513068077193726,0.7399325668753676,0.00012087154945911172,0.6935249938934812,0.00016899970754436918,0.00016899970754435985,0.006208386905130917,0.006208386905131053,True
2.5,5.719256094333397,2.3255869950691754,3.3936690992642213,1.2326458468066557,-3.0746286054964633,1.1053156573177596,0.011723458921922003,0.6675542274087685,1.7338722886292825e-06,1.733872288233969e-06,0.019412653182537192,0.019412653182537567,True
2.5,4.743475895755691,2.139477530107099,2.603998365648592,-1.348106667745374,-0.8871488915565487,0.9035700955028405,0.01023861504761825,0.6403677872094675,0.00024696216374837845,0.00024696216374842556,0.03480287208410167,0.03480287208410153,True
2.5,4.853910727382443,1.457806912604398,3.396103814778045,-0.8970711883564196,-2.0157980444196157,0.9105087479282776,0.0185385281353298,0.7232738819140219,4.3264321711516196e-05,4.326432171150982e-05,0.011091487805625659,0.011091487805625239,True
2.5,5.00340885564196,1.6606991500120054,3.3427097056299546,1.481192306756648,-2.6594538645759327,1.053186067192017,0.0009457591491979223,0.6641794048793637,2.1473857219647102e-05,2.147385721963851e-05,0.016072982888766064,0.016072982888766095,True
2.5,6.18634287831836,1.3633434032590024,4.822999475059357,-0.7022110918225689,-0.7280087388041024,0.6843809552971074,0.009482661444322804,0.6512217164726846,3.826593604344594e-08,3.826593608386593e-08,0.000830078419669104,0.0008300784196683448,True
2.5,3.576378722395916,1.855996504595306,1.72038221780061,-0.8070661486142182,1.2869141148007275,0.7706335214110825,0.030262185260999497,0.07955742789115522,0.033386652994157884,0.033386652994157745,0.10719186451404457,0.10719186451404505,True
2.5,3.694133101625905,2.0257607912467237,1.6683723103791812,-0.9248579425753556,-2.4230640770273784,1.1845325728955345,0.009821234089233521,0.7021544675900641,0.011598263556545361,0.011598263556545358,0.1688405926908833,0.1688405926908833,True
2.5,5.599024024433913,1.489901664554572,4.109122359879341,-0.8572819935016524,-1.4832932036530369,0.7779286414495287,0.011210541150017184,0.6889237934454087,1.1027035768742234e-06,1.1027035768763556e-06,0.0028249234440757116,0.002824923444076007,True
2.5,5.496389424709989,1.8474147227472995,3.6489747019626892,-1.3456771451528369,1.0195153149774772,0.9678900386772556,0.003220666293279162,0.048576535513257135,9.947441503450344e-06,9.947441503661917e-06,0.028689359843629265,0.028689359843629542,True
2.5,8.023865836929488,1.9316460334797638,6.092219803449725,0.07149703336992591,-0.9739535128916698,0.7932811666107444,0.0002730838731970775,0.5525428278587784,1.8333408673971414e-13,1.831138091589583e-13,0.0006007366743619348,0.0006007366743617949,True
2.5,4.650077476652626,2.188514721401427,2.461562755251199,-0.9400890689560177,1.2966715550493406,1.0820446993197204,0.02838986645870839,0.1488833363537766,0.0008129961523731655,0.0008129961523730859,0.12563358075388262,0.12563358075388154,True
2.5,5.85131957074347,1.8039506410811086,4.047368929662362,-0.4116776983862336,-0.5718501253927307,0.8695931443231507,0.003421722898371393,0.5452664458734475,4.614990507610338e-07,4.6149905062567544e-07,0.005755416601618875,0.005755416601619069,True
2.5,6.337116733323486,2.222904038239918,4.114212695083568,-1.510347573319808,0.3521630233944686,1.0475825838992046,0.011318919015951057,0.3541911095843325,7.953512958165385e-08,7.9535130075225e-08,0.016709015076856005,0.016709015076854714,True
2.5,6.142088616463275,2.666295297828522,3.475793318634753,-0.31173635749370654,-0.09094327530802615,1.080844364226618,0.002362439533951044,0.4796465567328677,4.770613368815164e-07,4.77061335805114e-07,0.026231919619224275,0.026231919619224497,True
2.5,5.1582710514700345,2.1779672754505217,2.980303776019513,0.27963248313077954,1.2518295867446785,0.8880214611136497,0.0004978559899015411,0.46198447268732945,5.176905793122632e-05,5.17690579324336e-05,0.02941372094746709,0.02941372094746682,True
2.5,5.852924853711903,1.7549684666790375,4.097956387032865,-3.053190841396933,-0.1562539679616498,0.9430273258873298,0.0004719588357619542,0.05534642619690222,1.0029232997284211e-06,1.002923299206254e-06,0.013581950073497577,0.013581950073498404,True
2.5,5.027402174607325,2.373340802398085,2.6540613722092403,-1.4975488241323294,-0.9333666920841477,1.2299435013010758,0.0139584792783366,0.6282185529893419,0.00010197991449134224,0.00010197991449146989,0.07837041872037628,0.07837041872037595,True
2.5,4.2552518840383105,1.4621364912101442,2.7931153928281662,-0.2528084553133773,1.250017877807835,0.5819164401976348,0.014287888851167607,0.031622971658634424,0.0017891073817603855,0.0017891073817605967,0.009068591224349219,0.009068591224347246,True
2.5,4.7679900173755785,2.2054587066584084,2.56253131071717,-1.8676043765174928,-0.12615132676821994,1.0349460639421557,0.005888167678561318,0.6201561991347523,0.00031202404607873744,0.00031202404607884353,0.0653110857991768,0.06531108579917755,True
2.5,6.980192105298468,1.4766901703199318,5.503501934978536,-0.9313081823695418,-0.44740721342722123,0.8534417890226283,0.002973634985018847,0.5857303417410932,2.9690054341057693e-10,2.969005307211918e-10,0.0013358502332684798,0.001335850233269189,True
2.5,6.6388008800576195,1.952863397795246,4.685937482262373,-1.6563718364921283,0.9126350730942727,0.7676213016320675,0.004965765213603313,0.06515167973966463,1.3428852079786447e-08,1.3428851748437355e-08,0.003673219676659405,0.0036732196766563014,True
2.5,5.56445724005513,1.3527490308000871,4.211708209255043,0.0689012936119372,-0.6778981974778601,0.6908632533161208,0.0002265441172370486,0.530263290096015,1.157864895034422e-06,1.1578648949383606e-06,0.0015447404297021434,0.001544740429701984,True
2.5,4.140324106384704,2.2109561993162425,1.9293679070684617,-0.051107117127730625,0.027085412593323532,1.0099226519825464,0.015344048050714099,0.48753344918328045,0.003701572651964333,0.0037015726519643403,0.10365712362888706,0.10365712362888665,True
2.5,4.63463203382029,1.3022695713659693,3.332362462454321,0.4261876305312676,-1.8670171821895547,0.7023647661241117,0.0008340330509827854,0.6900031946792788,8.650573263451519e-05,8.650573263459161e-05,0.0038118469354808827,0.0038118469354805036,True
2.5,5.784473827624598,2.166532534299531,3.6179412933250674,-1.3402175242492222,0.2837958991368117,1.0056010515301856,0.0008012305096492534,0.5674614027717373,1.7654903883781917e-06,1.7654903881160824e-06,0.021614365147762497,0.021614365147763433,True
2.5,4.6281393045038435,1.4961833294138975,3.131955975089946,-0.18129345118483442,-0.9424549702151832,0.8067419959223305,0.009894469882024914,0.5522122305882816,0.0001371464782814456,0.0001371464782814811,0.01048681295069853,0.010486812950698707,True
2.5,4.216997039673188,1.4636081806432901,2.753388859029898,-0.5657458874852933,0.2746047477177187,0.6357360315297006,0.0025066121844621314,0.2805635850492335,0.0011449400366172128,0.001144940036617213,0.00993274343596902,0.009932743435969562,True
2.5,5.407128798657415,1.6951919286822223,3.711936869975193,-0.8737767838148034,-1.132289952066432,0.898553204299133,0.0009898698599336564,0.5306679089631091,4.283488752814226e-06,4.283488752825253e-06,0.008569360419739545,0.008569360419739748,True
2.5,3.334814178430933,2.4985444134539807,0.8362697649769522,1.8946583724169233,-2.8273750107436846,1.2014159380328153,0.002853955011419329,0.6013424824223778,0.0956870518974738,0.09568705189747342,0.38295161860637705,0.3829516186063773,True
2.5,4.432841622419022,3.052996334599507,1.3798452878195149,1.523512127861078,2.823598672322226,1.2454199777982493,0.006800500153286759,0.2780111889230752,0.012471593332939639,0.01247159333293097,0.43341167754987037,0.4334116775498668,True
2.5,4.517068503509375,0.952301133522548,3.5647673699868268,-0.4576434233896932,0.0657235972297241,0.499190150414399,0.004467649520127792,0.6263968822570817,0.00021304566853040798,0.00021304566853038354,0.0009080348588732917,0.0009080348588731308,True
2.5,4.48952980905805,2.263589454688972,2.225940354369078,-0.1602735438568005,-1.2899282756160044,1.0405678473104742,0.036256265788018216,0.5635050171342224,0.0008368360208024509,0.0008368360208027421,0.06884174464758618,0.0688417446475856,True
2.5,5.247953860653101,1.6397893568958846,3.608164503757216,-3.589430932135415,-1.192460592563326,1.130346434934835,0.0021280442040290115,0.7024596614352476,1.5200071821604606e-05,1.520007182219945e-05,0.03993217710314686,0.03993217710314818,True
2.5,5.919960251306328,2.2036116775932464,3.716348573713082,-0.904892876156137,-0.11278411007480138,0.9902030325980326,0.0015152238082351555,0.5141717722383378,7.148614420058705e-07,7.148614420301095e-07,0.01581744161564724,0.015817441615647708,True
2.5,5.206426815503137,1.4196797410901014,3.786747074413035,-1.641416236223745,-0.2162888082592841,0.8242038474739677,0.009519064916144904,0.14802089960658327,1.4602299171281066e-05,1.4602299171400596e-05,0.007875392664712606,0.007875392664712587,True
2.5,5.789818650276498,1.6502373353903992,4.139581314886099,-1.2966690516281894,-0.4485776589741446,0.9485333535440088,0.0003869241870220197,0.6367419917548915,6.494074712417504e-07,6.494074712435729e-07,0.008428896995584323,0.008428896995584806,True
2.5,5.656635564935674,1.592833793434733,4.063801771500941,-1.4271737566580407,0.4605932577184433,0.8041018132224258,0.02703089840467804,0.08519219647002196,2.2294710014242895e-06,2.229471001423668e-06,0.006440266231861897,0.006440266231861745,True
2.5,4.422033660369225,2.2850250435661645,2.1370086168030604,-2.2698733067599424,-0.2051908838728368,1.280559233967409,0.00016804280397036964,0.6170156489701824,0.0016743791204985026,0.001674379120497806,0.18947597630400914,0.1894759763040097,True
2.5,4.215649307093998,2.3302241315866725,1.8854251755073257,-0.03991600913322195,-0.8884743634724731,1.203917575474306,0.0030185911234834606,0.506236606449679,0.003106712519159082,0.003106712519159127,0.14234243857509976,0.14234243857510023,True
2.5,5.06419314597228,2.089273643991452,2.974919501980828,-6.9671817990464655,-1.669977637310916,1.5240483756581567,0.01721672010382902,0.7049567746731389,0.0001009879240495275,0.00010098792405155283,1.6953879962757157,1.6953879962757485,True
2.5,3.898116136628834,1.7300054270087308,2.168110709620103,-0.7372558968295573,-0.1430379325146639,0.7868388545053355,0.000709622768274687,0.5038325170277919,0.00460690277282961,0.004606902772829681,0.04213064350408525,0.04213064350408529,True
2.5,4.525581331714506,1.545830368521097,2.9797509631934096,-0.5287936745102835,-1.3640007578377513,0.8301194249507536,0.0010615646791722333,0.5362531932095811,0.00022431035713547955,0.00022431035713543375,0.01373262258856469,0.013732622588564274,True
2.5,6.1238695576255875,1.2827508398523035,4.841118717773284,0.5140703754098079,1.6274049436498625,0.6343828955618565,0.013031172261328994,0.07976126252215371,1.4978696863278333e-07,1.4978696842542352e-07,0.0011256095250142075,0.0011256095250132014,True
2.5,5.991572918683725,2.1085233508524563,3.883049567831269,0.4939173427852705,-1.88227487432725,1.0523191563734227,0.00039425293729761224,0.5528057884223883,2.6126537088220085e-07,2.612653712639553e-07,0.011044935955809179,0.011044935955808913,True
2.5,5.185927195806224,2.5781166336577446,2.6078105621484795,-7.363534894841233,-1.2459374315492968,1.5488969425727845,0.001981751952137678,0.6893202986445983,0.0001295123179349176,0.00012951231793086165,1.0604922144911215,1.060492214491106,True
2.5,5.011174932232592,2.0433881892840953,2.9677867429484968,-0.3945889566509291,1.2764066557915554,0.9070983716695775,0.0009879938657926801,0.20003741280328408,0.00010753730729191492,0.00010753730729140968,0.036373021866754104,0.03637302186675546,True
2.5,3.929109554185791,2.66649272102191,1.262616833163881,0.3291907960656241,-2.092087450167851,1.1018206898479685,0.0003350618344378775,0.6258152236094608,0.01893894811585879,0.018938948115859156,0.2210446404749678,0.22104464047496827,True
2.5,5.095511820970355,2.1563827329454006,2.9391290880249543,-1.3171112699641774,0.2934959859327235,1.0457823750970763,0.02109528952769002,0.28394218026259577,6.42551246738954e-05,6.425512467395256e-05,0.04824075195345129,0.04824075195345233,True
2.5,5.7319586579997095,1.7228334925709756,4.009125165428734,-0.07983659432088869,0.53859685275886,0.8902639109550512,0.007457662708124868,0.5062605494125594,1.0712376150617987e-06,1.0712376152359448e-06,0.00821776387152565,0.008217763871525802,True
2.5,5.174063016263716,1.7218064124172003,3.4522566038465157,-0.6814493811192893,-0.160334098928539,0.77414612982067,0.005629499789488401,0.6041124492511823,1.7970379917150978e-05,1.79703799170798e-05,0.007954676066023382,0.007954676066023621,True
2.5,3.1747487875599356,1.3325188843410316,1.842229903218904,-0.9205626323656689,-1.0505607211800556,0.8720246702107617,0.0168582983947006,0.6879341801845006,0.027544647906488272,0.027544647906488296,0.0832322504516571,0.08323225045165673,True
2.5,4.977408519535693,2.990553075313252,1.9868554442224413,-0.20802249158758254,-1.8481433668208993,1.2771386130493136,0.007788502510570783,0.6100549213723363,0.0005013897574059035,0.0005013897574073842,0.13521935384813186,0.1352193538481323,True
2.5,4.504782513854037,2.385244426826266,2.119538087027771,-4.352722370805514,0.6032875581442634,1.1751631452360685,0.007160414570857643,0.017788092780216036,0.003919919815851526,0.003919919815861956,0.5023818030055633,0.5023818030055558,False
2.5,4.14457833614156,1.2558170704884961,2.8887612656530637,-2.148189363847444,-0.5837314973235703,0.9218224603780004,0.004199665261623131,0.1678911193399394,0.0015537333186962498,0.0015537333186960254,0.04001665837726904,0.040016658377269,True
2.5,3.606412381867263,2.5067819678572634,1.0996304140099995,-0.3909955774979375,-1.4687745460780606,1.0167781501226145,0.005211369103127861,0.6263412560258093,0.0433266939885615,0.04332669398856198,0.2513874531218088,0.251387453121809,True
2.5,2.9112112220162185,2.129675373236483,0.7815358487797357,-0.3784214402422524,-1.239602084393592,0.9317221934396227,0.0024688335066276323,0.6295293248106388,0.16746180939241465,0.16746180939241478,0.3458567186967703,0.34585671869676987,True
2.5,5.712285484516517,2.514978443879259,3.1973070406372583,-0.4952542422646736,0.27204127357165087,1.0948538202117761,0.0005385908598211087,0.4135671328576501,4.429628571621666e-06,4.429628571765715e-06,0.03780390351658572,0.03780390351658525,True
2.5,2.71482454906841,2.6207665923995638,0.0940579566688462,-1.492214500528285,-0.04184514363660663,1.1050208010660247,0.003963263309429921,0.3576470089240891,0.8089101758801382,0.8089101758801377,0.9145186726290934,0.9145186726290937,True
2.5,5.694161704105686,1.8599236237639596,3.834238080341726,-2.8723415518824047,-1.1649847794847696,0.9918370663123457,0.004116053844354428,0.6864115413016615,1.5314220114980733e-06,1.5314220117246492e-06,0.014082094893493904,0.014082094893494015,True
2.5,4.614300371421079,1.8225374531213678,2.7917629182997112,0.9165902809869029,2.115284050179881,0.9469320211187865,0.0126214476742178,0.35426011627104326,0.0006347443287046678,0.0006347443287032289,0.06486759410155471,0.06486759410155152,True
2.5,5.469474508180329,0.9757727630405472,4.493701745139782,-0.14019954204150323,-0.20655995728595022,0.469741290197379,0.011424894672112829,0.5981817938023303,1.707837755130382e-06,1.7078377552330122e-06,0.0001852530696171694,0.0001852530696174323,True
2.5,3.426087092259834,1.433538663161999,1.9925484290978348,-2.2677276788108793,-1.6604595431633271,0.9230850775023048,0.008590593937521873,0.7346614407471742,0.01546780671879164,0.015467806718791546,0.08344668083449457,0.08344668083449513,True
2.5,4.603501472952439,1.9834797671525852,2.6200217057998536,-2.8280441516633417,-1.711373066026959,1.1621311098149745,0.0042497403142534584,0.7043146802608538,0.0003634842123889285,0.0003634842123888213,0.07465693223253862,0.0746569322325394,True
2.5,6.632543535679894,1.3270504381445347,5.30549309753536,-0.2694673914832166,0.594760310485116,0.6400966305015808,0.0060925506119820505,0.5446316153899439,3.6451675524014656e-09,3.6451674273281682e-09,0.00052465796160157,0.0005246579616018239,True
2.5,4.48797311161003,1.629041107172693,2.858932004437337,-0.5844778631066972,0.34583383496709064,0.7201353351521894,0.035531774860262544,0.5741139618796163,0.000453832793094561,0.00045383279309445387,0.013981491762779937,0.01398149176278016,True
2.5,6.132523412859485,1.5428899252645,4.589633487594985,0.3160594040050634,-1.8968328083705879,0.9241003176677461,0.010018720716390206,0.5720543228075748,4.496955285889272e-08,4.496955296992516e-08,0.0029683590410713697,0.0029683590410712027,True
2.5,3.223256978934142,1.516409685616297,1.706847293317845,-0.6037593658264404,-0.6564482018280695,0.703837615781672,0.0007802796286703328,0.6389038363817849,0.029431831121774752,0.029431831121774804,0.054812907146108834,0.054812907146109896,True
2.5,5.530982816098191,2.002310386383147,3.528672429715044,0.316656324622494,-1.9159190944803897,0.8644751381540264,0.00041394902445357484,0.6508569029312236,2.899757382583187e-06,2.899757382318553e-06,0.008295173634062892,0.008295173634063076,True
2.5,4.108281929159978,3.46935219931581,0.6389297298441683,0.5472710805550122,1.6858431042257203,1.4982694865223767,7.2516358281427e-05,0.45596556854432907,0.11231333545162374,0.11231333545164199,0.6710546274614442,0.6710546274614447,True
2.5,4.411388845577285,1.401139731658656,3.010249113918629,-1.2015191061016877,0.5573761082636186,0.5889178116297721,0.009088193483265339,0.010713561115928194,0.0008225185028578241,0.0008225185028578241,0.00617448463074038,0.0061744846307399005,False
2.5,5.00037323736916,1.0638947733672848,3.936478464001875,0.4733322173245871,1.5032284493038937,0.5927703907744438,0.0006248398406730193,0.010238182000140872,5.001964031882198e-05,5.001964031899057e-05,0.002060052000469956,0.00206005200046875,True
2.5,5.828842682914725,1.9667663606118349,3.8620763223028898,-0.415200262898293,0.9730895281583576,0.8710619640568636,0.013104585075404851,0.3801105773871623,1.1552089511286621e-06,1.1552089510264955e-06,0.011084654805993644,0.011084654805992484,True
2.5,7.180439245068332,3.064941646342596,4.115497598725735,-4.151803661049557,1.2654829672307155,1.2283506660773305,0.002870078083262395,0.08887196479729959,4.469411290478548e-09,4.469360517503111e-09,0.09469552769555575,0.09469552769555335,True
2.5,6.116980822228068,1.0393755978432262,5.0776052243848415,-0.6485562370181588,0.39009783174597645,0.6771565833144318,0.01398408337719731,0.5395469767520824,8.503752204058497e-08,8.503752213349509e-08,0.0008086155087603082,0.0008086155087604674,True
2.5,4.480766804522698,1.4862651017999278,2.9945017027227703,-0.7563517869909802,0.8199550355088465,0.7571537566247681,0.007025677551522835,0.1314816309013188,0.0006173303381766301,0.0006173303381765176,0.017499311541399165,0.017499311541398405,True
2.5,5.000552565644431,1.9868740358248864,3.0136785298195443,0.6071413700308208,-1.9837279059441224,0.9362035067676326,0.0024249805576371797,0.593968173497176,4.195254169895029e-05,4.195254169891501e-05,0.018317055140687388,0.018317055140687856,True
2.5,3.4623939548294054,1.4740035703629613,1.9883903844664441,-1.4191451500066343,-0.08362457372952892,0.8507078316923671,0.019641637400256318,0.6373013557091706,0.01894683174848231,0.01894683174848229,0.08022486141336885,0.08022486141336967,True
2.5,4.305188722006199,1.7900367742662584,2.5151519477399407,-1.1019015714073876,-1.4760313323782204,1.0297672382199214,0.0075105002125370746,0.41092676436681097,0.0008386369963114976,0.0008386369963114821,0.05123149126972285,0.051231491269723116,True
2.5,5.669317841898035,2.2980656616226205,3.3712521802754147,-0.5747275548471302,0.3843039468358327,0.9226370997166043,0.018057495293697767,0.4062908570548932,3.796775281148959e-06,3.7967752814328324e-06,0.019504120136128913,0.019504120136127814,True
2.5,4.943133580794817,1.9893576996599902,2.9537758811348267,-0.8679757046036817,0.711102076792046,0.9479409853136143,0.0018807695902004484,0.321498628036311,0.00011414593146473778,0.0001141459314647164,0.0375461103987005,0.03754611039870026,True
2.5,5.626927047592354,1.8023638711338905,3.8245631764584638,1.038735630653474,-2.1464928255651423,0.7854380938193595,0.0014611699995829563,0.6405506183158531,1.1267095913155004e-06,1.126709591029136e-06,0.00377519251463701,0.003775192514636833,True
2.5,4.828729885171185,1.4634740991538207,3.3652557860173644,-0.4044713474463891,-2.5785437850164077,1.031440324753306,0.0036350328205448923,0.7358989409743975,4.3609763333695646e-05,4.360976333372246e-05,0.016853049384397363,0.016853049384397557,True
2.5,4.198876985344502,1.3111319224206033,2.8877450629238988,-0.2875180352235586,-0.5220719156650779,0.6145703419745377,0.00047456269396839446,0.44449608666499285,0.0007664575447851145,0.0007664575447851907,0.005599064030044517,0.005599064030045066,True
2.5,4.073356368217856,1.0638913597919326,3.009465008425923,-0.8228252089631003,-0.03211960573390271,0.538595460040971,0.012151228089916977,0.6512288306780151,0.0015077197472001013,0.0015077197472001338,0.0030645147034243083,0.0030645147034236877,True
2.5,4.244857902093014,1.9333376341162962,2.311520267976718,-2.039353735973047,0.8035929374768764,0.7613367452484135,0.005138280506765069,0.024689127073154238,0.003734703330452146,0.003734703330450797,0.04764319865340082,0.047643198653405334,True
2.5,6.134583745404798,2.484376069810045,3.6502076755947526,-1.9817868324367025,1.5801471477463331,0.8880515698179082,0.001236441019130896,0.031304519360145,1.1684213038958743e-06,1.1684213035813854e-06,0.025152729232840062,0.025152729232839798,True
2.5,4.664806191605623,1.900752516286021,2.7640536753196026,0.4159490402290842,-3.3093547303617115,1.256353427187101,0.0017182686780526923,0.7233454204424186,0.00016252822114708426,0.0001625282211471022,0.05487690671142469,0.05487690671142468,True
2.5,4.626004719687687,2.5630831606843674,2.06292155900332,-2.9862094751275152,1.427259601601814,0.9648541545343671,0.0008488331192953447,0.018553373722503597,0.0037599657694145708,0.003759965769420663,0.17948754926419278,0.1794875492641988,False
2.5,4.1326877961492245,1.7090605319260375,2.423627264223187,-0.6460045677738233,0.6679855021869712,0.7292333841854737,0.006427861696437109,0.2874533480014302,0.00247279297856762,0.0024727929785675067,0.028603962741056133,0.028603962741054634,True
2.5,4.015780908171964,1.396156150066342,2.619624758105622,-1.6493768454846907,-0.29320009288820503,0.7764276525120241,0.017970474957025584,0.6475503151038983,0.002591151138879472,0.002591151138879504,0.02487017124534233,0.024870171245341938,True
2.5,6.031391261140507,1.3494051744247406,4.681986086715766,-1.037541886874308,-0.6867481140565265,0.7253709204564297,0.00036359556798643,0.5912697689660767,1.0437060659160071e-07,1.0437060658774435e-07,0.0012974901258887167,0.0012974901258882789,True
2.5,5.512710755317166,2.0521516986151584,3.460559056702008,0.03972087364498537,-1.6079991766119817,1.2456642379569554,0.0012844617197118602,0.5835428848486335,3.691530723335909e-06,3.691530723202458e-06,0.030881533041235018,0.030881533041234945,True
2.5,3.5307434929353656,1.9786790203364335,1.552064472598932,-3.2714367951538703,0.3391004230748105,0.9197947400314349,0.056952126970525874,0.018394535777339627,0.05338767498353941,0.0533876749835399,0.22683499765691456,0.22683499765691278,False
2.5,4.603990554847935,1.950891208544996,2.6530993463029393,-0.49046725320338447,1.6850793624196552,0.8572594744950675,0.002667160400761981,0.01011560329287886,0.0010448635428751093,0.0010448635428744516,0.05517283281880595,0.05517283281880599,True
2.5,4.784515100667374,2.4352648193564406,2.3492502813109333,-2.009842210574499,-0.8087128020604644,1.2108307653332322,0.00792263281285882,0.6090626643518451,0.00038849724046708637,0.00038849724046754574,0.1071093133943748,0.10710931339437407,True
2.5,3.972991570014094,1.082624984877675,2.890366585136419,-0.33617498439292826,-1.8670918385255046,0.6969932369325749,0.0025748837904582267,0.7410089200345611,0.001195971089594472,0.0011959710895945122,0.006916488266401448,0.00691648826640131,True
2.5,4.703552142961306,1.353465801689176,3.35008634127213,-0.9896829712088437,-0.4606017616955147,0.7373519398893658,0.005260751076382408,0.6478969582309002,0.00011140728386787726,0.00011140728386787788,0.006760384728971635,0.006760384728971902,True
2.5,3.2007316125834477,0.8022424452655266,2.398489167317921,0.017235357953743497,-1.1896801609774261,0.5386043399668197,0.019977793398823163,0.5201637048653179,0.014085859093602514,0.014085859093602486,0.005401637739668153,0.005401637739668254,True
2.5,5.329304826832804,1.1009282989616478,4.228376527871156,-0.4623532182336198,-0.9255858407018102,0.5993259470751189,0.008295769724492474,0.417493544393302,3.3551085374446993e-06,3.35510853745138e-06,0.0007234645168760256,0.0007234645168764263,True
2.5,4.695140942262059,1.5852624869205512,3.1098784553415078,1.4830899456016238,-2.522365087662088,0.8753247322688884,0.001648904269713758,0.6589142166831675,8.299002848369804e-05,8.2990028483867e-05,0.010940712054803875,0.01094071205480393,True
2.5,3.6231522079207523,3.5698858594074045,0.05326634851334777,2.5122477138993227,3.442909723439879,1.4887052271157457,0.2642205879190562,0.2526392625810818,0.8582173351647125,0.8582173351649095,0.9986171241327679,0.998617124132755,True
2.5,4.204859466911736,1.7416315458113254,2.4632279211004104,-0.05193276902571756,0.28955878260389367,0.780942656993295,0.005844832422852386,0.48983439926517564,0.0014385322435020221,0.001438532243501728,0.02835319246471724,0.028353192464717535,True
2.5,2.972249751857883,2.4114820717499232,0.56076768010796,-0.4866784955480774,-1.122802976972757,1.1737419680020493,0.0014702699674399855,0.6148156114306381,0.2525640521006123,0.25256405210061217,0.558621238253416,0.5586212382534155,True
2.5,3.061884646114455,1.6048214444767603,1.4570632016376945,0.019518834808602836,-0.5633669425657525,0.6356121770068709,0.025589139426886176,0.5696219442093464,0.04912010176980159,0.04912010176980156,0.06360281957029006,0.06360281957029061,True
2.5,5.559618932134809,3.108681935685449,2.45093699644936,-1.313444013032915,2.0857523140517076,1.3173197149453535,0.019069602647715955,0.19813526536511006,8.951536059438927e-05,8.951536058917218e-05,0.34944930067016466,0.34944930067017194,True
2.5,6.442325560808403,2.938855808310166,3.5034697524982366,1.2485391631122662,3.3748352323816118,1.0889480645405303,0.0008862510160828063,0.013608171450563422,9.530310283168196e-07,9.530310341034094e-07,0.12547160695516696,0.1254716069551666,False
2.5,4.271568126678465,1.5919917501063794,2.679576376572086,1.0074129911179261,-2.513883007080743,0.9418021288561779,6.815844021507145e-05,0.693383296897174,0.000549387260196372,0.000549387260196188,0.024707548472780675,0.024707548472780633,True
2.5,4.617902445498804,2.229008808235372,2.388893637263432,0.8785591872177462,-2.7802607811837867,1.1712253019836314,0.0012043704024333746,0.5510899744116392,0.00038096529473408944,0.00038096529473385037,0.0662499126868541,0.06624991268685378,True
2.5,5.537373055920437,1.9747621678409955,3.5626108880794414,-0.37095298981723285,-0.656785098866125,0.931116290394443,0.0074955521573761286,0.6002829147597896,3.356626088175437e-06,3.3566260883649547e-06,0.012344225422006617,0.012344225422006822,True
2.5,5.920069034049347,2.0874221943175373,3.83264683973181,5.073391146623406,-4.548700194370727,1.2286667893733525,0.002276095281707635,0.6610854362577289,2.726032525558501e-07,2.726032521504707e-07,0.013894125147315103,0.013894125147314798,True
2.5,4.656863840657434,1.7911057620301671,2.865758078627267,-1.6541369596279607,-0.40329142488922787,1.2284378460017145,0.002981259547212234,0.6400896368890745,0.0002524474174927178,0.00025244741749281207,0.08748371942139282,0.08748371942139363,True
2.5,3.956640888068006,1.8767801953313825,2.0798606927366237,-0.27858826057497776,1.290929066133054,0.98880517105208,0.008614500126529312,0.28281221500746145,0.007279102956029488,0.0072791029560298984,0.1320053756113824,0.13200537561138298,True
2.5,5.112662207103127,1.5729378365464994,3.5397243705566277,-0.4959581627920051,-1.4728307082091923,0.7839469412797102,0.0006713991730881164,0.6385122871737162,1.4715801347426117e-05,1.4715801347400353e-05,0.005571648512290941,0.005571648512291111,True
2.5,6.260840838718394,2.050944001514868,4.209896837203527,2.27543124931398,3.164436131594486,0.8260697355326438,9.208874382854448e-05,0.003926820319282653,3.7757083124870916e-07,3.7757082033179765e-07,0.013681702876537328,0.013681702876532227,False
2.5,6.138199468319349,1.7334528431073604,4.404746625211988,2.903096003435901,-3.682597289712788,1.0928073289092712,0.005412787998101409,0.6953657717749389,4.264892515349179e-08,4.264892546209837e-08,0.005428841412546473,0.0054288414125464,True
2.5,4.473972680092146,1.6498442742625137,2.824128405829632,-2.6778159145804343,-0.9038769925700075,0.893427254368096,0.001800754842561647,0.6958989677538228,0.0005059994005428724,0.0005059994005431251,0.03038444443445703,0.03038444443445709,True
2.5,2.4105099856987375,2.123880625323886,0.2866293603748513,-2.037772095967101,-1.467669333781743,1.1117312888152433,0.0018786070138250843,0.3719814251882937,0.5757532191637259,0.575753219163726,0.7574332847514565,0.7574332847514571,True
2.5,5.781785304376699,1.1436763381012092,4.63810896627549,-0.35512129345698834,-0.06276520862732915,0.5313701057196221,0.003988025754101232,0.597361510924182,3.9427748861305847e-07,3.942774886249319e-07,0.00033664565057898435,0.000336645650578717,True
2.5,5.364166324213834,1.2589266650110373,4.105239659202797,-1.648490090066159,-1.3547623197157994,0.8097201054655789,0.005942815554717429,0.7271141936517551,3.675223397295691e-06,3.675223397250276e-06,0.003672603162596392,0.00367260316259669,True
2.5,3.8915869243437533,3.105539722686658,0.7860472016570954,1.1803065885943265,3.3028162611375596,1.129952543914646,0.04480525905172117,0.06649459940227898,0.15965062961043705,0.15965062961050594,0.8393748457908757,0.8393748457908703,True
2.5,5.811158581154116,2.5265644939324874,3.2845940872216284,-0.06903068789448098,-0.07152292971737184,1.064248799977137,0.019518902804908866,0.4810513876464119,2.333394428427067e-06,2.333394427504787e-06,0.028902807251802293,0.028902807251802488,True
2.5,5.172931627405948,1.5073712434529587,3.665560383952989,-0.3455442470441014,-0.7685532260240027,0.7298999863751704,0.0012341436112667248,0.5239364099044588,1.117895348393685e-05,1.1178953484015886e-05,0.003976288295536143,0.0039762882955363,True
2.5,5.041029864464009,2.592177573686821,2.4488522907771877,-1.6825101181352433,-0.6238491535635458,1.1524635516425763,0.0003526324681051851,0.6198974717939791,0.00016203880984755464,0.0001620388098468434,0.08432876190854774,0.084328761908548,True
2.5,4.975141298795363,3.2444324759678347,1.7307088228275287,-0.483054008757858,-1.2717099121016853,1.2777283961364916,0.015915653179782274,0.5892184220071791,0.0011086604275669237,0.0011086604275655743,0.18229106660508035,0.18229106660507988,True
2.5,3.4257657241924395,3.0341855363317993,0.3915801878606402,0.20179290097523678,-1.424954653673098,1.3446250679048992,0.002273676846204775,0.5578324461299552,0.3031098788426808,0.3031098788426789,0.6877771765285876,0.6877771765285882,True
2.5,4.448209063514165,2.9373150605104525,1.5108940030037123,0.7211643098846134,2.018219547707174,1.2460479686762103,0.011938570611951804,0.3926505624530291,0.007274850374590971,0.0072748503746021325,0.3193256951669283,0.3193256951669308,True
2.5,4.812071610439323,1.2264383676474713,3.585633242791851,-1.19239633858436,-0.6737723409270091,0.8330299834913781,0.0015696824405124765,0.6149507936155764,6.0570246832985364e-05,6.057024683296122e-05,0.008523225835391642,0.008523225835391364,True
2.5,5.239877856199811,2.0263704451657403,3.213507411034071,0.25412762753464113,2.09391101181944,0.8143342420645656,0.05176440528496451,0.029831560446574146,6.301329479426776e-05,6.301329479375202e-05,0.025812694441070965,0.02581269444107223,True
2.5,6.568747489874799,2.5124931546699654,4.056254335204834,0.13456690555786946,-2.4611599882885016,1.2740438584669052,0.01217064709344079,0.6606417910574507,1.716492994420954e-08,1.716492958986937e-08,0.01828609970529692,0.01828609970529729,True
2.5,4.720808573809066,2.462873828515967,2.257934745293099,-0.21867626324258346,1.8702600933120275,1.1222638208542435,0.0030223129264607684,0.173747778118505,0.0010360982807705189,0.001036098280769079,0.1760348246767415,0.17603482467674295,True
2.5,5.669660449786928,2.1015202803784,3.568140169408528,-1.3019768687523083,1.2453696941308317,0.8062938843493541,0.00641572236151422,0.0847494239021826,5.6766578631991946e-06,5.676657863237372e-06,0.014698457947007687,0.014698457947005202,True
2.5,4.590810594253174,1.2011169567033586,3.3896936375498155,-0.381439618943421,0.4622518454856992,0.7184758184780393,0.03313707352510509,0.37159162187274997,0.00021013785901736773,0.00021013785901738944,0.007052799489393757,0.0070527994893935,True
2.5,4.517022031362157,1.592015376884632,2.9250066544775253,-1.9979909097977657,-0.2927314916922469,0.7916191334992956,0.011873161585582381,0.6649045935399036,0.0004358934464450312,0.00043589344644474946,0.018385844126915157,0.018385844126914283,True
2.5,4.010648531080777,1.833608168020165,2.1770403630606125,0.4116066729992171,1.3793172060881842,0.8926966555652552,0.01538808966925892,0.32732830559435655,0.004703665845785495,0.004703665845785665,0.07733488603573628,0.07733488603573699,True
2.5,6.4210015209899804,1.7591748690616564,4.661826651928324,-0.023704868276538657,0.519011529432539,0.8879409167838104,0.010286332809109955,0.441671772214723,1.8734224941457787e-08,1.873422521272796e-08,0.0042534131872168455,0.004253413187215951,True
2.5,5.351378907522079,1.9570500362702408,3.3943288712518385,0.04801189221641052,-2.8025063199865454,1.0973835323364052,0.0052388044628209895,0.7075317546495659,6.574027562420242e-06,6.574027562515616e-06,0.019366965776545206,0.019366965776545144,True
2.5,5.710849889198699,2.6355407041286454,3.075309185070054,1.6576916299926938,-2.690758085220705,1.1831953178793528,0.00804805696279759,0.6018225007744923,3.7939328656424714e-06,3.7939328659220266e-06,0.034079574158233,0.03407957415823311,True
2.5,5.212790170605755,2.7511869893926733,2.461603181213082,-1.8705151647401246,1.215643605437943,1.1177837614874502,0.0010330256359750156,0.19665574796338792,0.0001697506656340548,0.00016975066563330933,0.12848776018434077,0.12848776018434352,True
2.5,4.865922887088703,1.3835854644689893,3.4823374226197137,0.054020027475026655,-0.923742416492685,0.6320964396357718,0.015194718292017129,0.6111123405707012,3.916110202645944e-05,3.916110202658062e-05,0.00259065710283707,0.0025906571028367653,True
2.5,5.490745290006714,1.399744194795176,4.0910010952115385,-2.5400605502370213,-0.590465121988278,0.8297342662314579,0.020206006967034784,0.05056105276540518,3.7904937980991017e-06,3.7904937976386465e-06,0.006137290047025834,0.006137290047026021,True
2.5,4.3505501806880655,1.2790961498267541,3.0714540308613114,-0.18205604251696936,-0.6771116361426534,0.7352889150072667,0.00489173721092534,0.6229727241398552,0.00037803360320456437,0.00037803360320465463,0.008114762162801055,0.008114762162800842,True
2.5,4.641754212827707,2.2614004231221063,2.380353789705601,0.37074680814899097,-2.164042769571579,0.9437513603173212,0.0004775107108996868,0.6516834925289721,0.0003869995928863677,0.00038699959288679013,0.041656060229952475,0.04165606022995174,True
2.5,5.9800515066661255,2.455173347128714,3.5248781595374115,-1.0053737102733824,1.573332996120405,1.0033134332916758,0.019024593108795673,0.1525917336501903,1.7503388376789542e-06,1.7503388376794883e-06,0.037310762707937914,0.03731076270794073,True
2.5,4.24272219779254,0.8153761168255663,3.427346080966974,-0.3113943307360653,-0.3346821496811442,0.4615573613939404,0.027020145968640552,0.5718272081415473,0.0004935216356139759,0.0004935216356139415,0.0006158221906838342,0.000615822190683581,True
2.5,3.662847739678754,2.5398200293879962,1.1230277102907578,-1.7849255604807308,0.9494199785183304,1.2555231701125422,0.0029976133512835124,0.20358541438589917,0.05865272144143593,0.05865272144143394,0.5344388497658814,0.5344388497658829,True
2.5,2.962771029791396,1.4606582681693507,1.5021127616220453,-0.6702519705372156,0.6637823136225713,0.8031841032122866,0.007703252359091639,0.5790106851001714,0.0892731213144431,0.08927312131444307,0.146126313784306,0.14612631378430474,True
2.5,5.231214890832572,3.335746668799221,1.8954682220333505,1.230851266020409,3.716742369133554,1.1638695816460873,0.024917602864309774,0.01571309877797117,0.0023982195956762076,0.002398219595382706,0.8807870781995099,0.8807870781995246,False
2.5,5.977990230347051,2.0107164753290627,3.967273755017988,-3.3245547877545096,0.24800192279187883,1.1434214353304057,0.00030411716708261816,0.0776033825904272,8.918228998112943e-07,8.918228975176997e-07,0.05292746765062036,0.052927467650621826,True
2.5,5.521422646121172,1.1937075837624047,4.3277150623587675,0.19086326061046147,-1.690216583396274,0.6341826202760027,0.006907897030127508,0.6576124066070315,1.010629715769064e-06,1.010629715762027e-06,0.0007136947063270143,0.0007136947063272313,True
2.5,5.299313459152292,0.9691771360950939,4.330136323057198,0.11875055180423846,-1.3697924570038464,0.4845149107937066,0.010686528108629467,0.6985275264006474,2.8435458581989393e-06,2.843545858253611e-06,0.00019423843932216153,0.00019423843932170993,True
2.5,6.483071359308152,1.5241714370349138,4.958899922273238,-0.5318692077694901,-0.4202146402574357,0.747510752431035,0.006313389051521012,0.4529623056193487,7.621967445546887e-09,7.621967511692633e-09,0.0012008767274991267,0.0012008767274994962,True
2.5,5.446596705591098,2.8014213492857354,2.6451753563053626,0.07497315137041204,1.766681273257897,1.1879156485004305,0.01689631733597985,0.33756992901999777,5.127020239189307e-05,5.1270202390467526e-05,0.11443733806800895,0.11443733806801029,True
2.5,4.954814712482914,1.9523619459469166,3.0024527665359977,-3.394625586676913,-0.018065710876646657,0.9945903612070679,0.030596432123643436,0.0594445996276049,0.00014997517548305943,0.00014997517548463474,0.05480474553196025,0.05480474553195898,True
2.5,6.555479578593267,1.609831032513382,4.945648546079885,-0.5735285396155501,1.1432354832747933,0.8240413702047301,0.009898291186605124,0.07029242193747631,1.3779618189236511e-08,1.3779617980216418e-08,0.0035593795695452036,0.0035593795695435322,True
2.5,5.587503403370726,1.4193194141942969,4.168183989176429,-0.02931778492425698,1.1119496753691065,0.5878743734078805,0.001172547530380208,0.20154090287253806,2.557395456357396e-06,2.557395456706023e-06,0.001504641040678866,0.0015046410406807864,True
2.5,4.690968743956531,2.0279916804946683,2.6629770634618626,-0.07267354436001724,-1.4920533053078604,1.0109118094723148,0.0053936854471020035,0.5001210758608421,0.00021243047387184706,0.0002124304738720353,0.037441991605501525,0.03744199160550144,True
2.5,5.332490977462418,1.6979985999183969,3.6344923775440208,0.2235862432689623,-1.4522163263561096,0.996929921659701,0.005198349482998577,0.6276741648727417,5.310707038638455e-06,5.310707038530472e-06,0.011768186309318205,0.011768186309318357,True
2.5,4.3541563334940045,2.4836942934295103,1.8704620400644942,-0.3983658758567793,-0.8315431203941773,1.1251489329430902,0.008254855465183175,0.5171683377298234,0.002515908582306486,0.002515908582306681,0.12848494987264372,0.12848494987264344,True
2.5,5.618303883497688,0.7664556805048139,4.8518482029928744,-0.2845326042920584,0.26122313593473945,0.41915285467670854,0.0008693143760822308,0.12587074365255496,9.899966560039832e-07,9.899966559116864e-07,6.686956176522398e-05,6.686956176522887e-05,True
2.5,3.3490482817996305,1.5861903570367464,1.7628579247628842,-0.10112582914797393,0.3603225409559312,0.828740584396466,0.03248866132334499,0.5174026975293136,0.024983633396342173,0.024983633396342173,0.08855363806714014,0.08855363806713923,True
2.5,3.6660551799312193,2.1271065672986196,1.5389486126325997,1.9924337761323867,-3.1715005897621595,1.1825320136480635,0.0032217793112971904,0.6190107070360962,0.013551506794353648,0.013551506794353813,0.1667868902468738,0.16678689024687396,True
2.5,4.530988757556494,1.9472652192087343,2.5837235383477593,-0.6619741643078316,0.1329027134443619,1.1166870521607988,0.004184182468050801,0.389424156195163,0.0005290112243799144,0.0005290112243798636,0.07643391042253667,0.07643391042253608,True
2.5,5.912167653747983,2.7326553778251585,3.1795122759228245,-1.946577745409339,-0.19598433933912562,1.1703269721230245,0.0019795999014646237,0.6074845351550106,2.4452777912465032e-06,2.445277790231988e-06,0.04919476658295919,0.04919476658296115,True
2.5,4.773227196756341,2.811818913116707,1.9614082836396345,-1.3126095690383506,-2.222098968825363,1.4178086564410732,0.01620104292801977,0.6616460502662629,0.0008263424221385395,0.0008263424221387384,0.1735609205030776,0.17356092050307761,True
2.5,5.118679141626058,2.3487223796008334,2.7699567620252243,-2.4293786391430534,-2.3870009792872384,1.274536683244547,0.0001319257677548924,0.7008435573746964,5.5505995762295534e-05,5.5505995761581946e-05,0.06991377516379729,0.06991377516379725,True
2.5,6.026789482264224,1.835433594266107,4.191355887998117,-0.23056392306092277,1.3839059782999152,0.9048438349168423,0.0011324056903921353,0.3784198775829598,4.1799516911715446e-07,4.17995169363559e-07,0.011257207717681907,0.011257207717681135,True
2.5,4.374366371369454,1.551920408732953,2.8224459626365004,0.7606791494664655,-1.769503186037133,0.7225086426532886,0.008035904943789252,0.6218911451081148,0.0003617642152138677,0.0003617642152139448,0.00918540311403405,0.009185403114034159,True
2.5,4.829042344142557,2.8015303950658135,2.027511949076744,0.07242845808787207,1.9367343540328443,1.2659084830868186,0.056233832900429104,0.3070114677355693,0.0011209943058581447,0.0011209943058592751,0.2523543592969017,0.25235435929689853,True
2.5,3.473411982225603,1.5353269154761957,1.9380850667494074,0.0318786981678189,1.3562997421760543,0.7862156551273248,0.004177742367563797,0.43329863013976827,0.026555492302807557,0.02655549230280808,0.08359264727859625,0.08359264727859676,True
2.5,4.606461777806283,1.475663749081455,3.130798028724828,0.8255322404919921,-1.9232708716025417,0.8008618100648072,0.01622235166561542,0.6509533116641045,0.00011640967639313015,0.00011640967639324392,0.008279565465902106,0.008279565465902002,True
2.5,4.996828516834564,2.9278175461083116,2.0690109707262527,-2.121911988082389,0.37146067607110034,1.3007113073178036,0.0059631219102713184,0.3156054850636452,0.0005495968620787391,0.000549596862074515,0.19796967923025574,0.19796967923025457,True
2.5,7.773665610609479,3.580330932243394,4.193334678366085,-2.2247760557714797,3.0718034689003986,1.5600006314414725,0.004414059106085111,0.02125829121258893,1.1063562550177327e-09,1.1059843947665313e-09,-0.060524525574541056,-0.06052452557453893,False
2.5,5.654547335417193,1.2157720402490046,4.438775295168188,-1.591476917865451,-0.5924235759515893,0.880288574465851,0.0004255769698626177,0.6045840120604339,1.0046228723767044e-06,1.004622872338628e-06,0.0048857845161591066,0.004885784516159319,True
2.5,6.188578795099558,2.156241283375989,4.032337511723569,0.7301205313742264,-2.4617425692167685,1.2528435373881215,0.0025482457982130557,0.6087762749768928,8.296209928579768e-08,8.29620992837706e-08,0.016414501196929936,0.01641450119693,True
2.5,5.254669521138387,2.225184948196808,3.0294845729415796,-0.1828657670352827,0.8444349905267856,0.9348142273153831,0.028603149795773164,0.35134092419610163,3.224471221426204e-05,3.224471221449096e-05,0.030726249698637423,0.030726249698636812,True
2.5,3.4513662284764624,1.0705296829997109,2.3808365454767513,0.19725253299576856,1.0920773983567145,0.5498718431992303,0.0013981242723854481,0.16392477050440446,0.01676009864776689,0.01676009864776658,0.01133336097526799,0.011333360975268098,True
2.5,5.497249928868922,1.7518137933544027,3.7454361355145194,-1.1399893497574407,-0.8680353549207347,0.9834781402023713,5.0036481295367974e-05,0.6235238852368314,3.155090724107615e-06,3.1550907241410194e-06,0.012736733363180338,0.01273673336318043,True
2.5,5.2311579275434035,1.9750711718238199,3.2560867557195836,-0.11541293220939233,1.8708146480828614,0.9115421243955492,0.004789365454276995,0.030362040064672968,5.890664064897925e-05,5.890664064852074e-05,0.038108062376758504,0.03810806237675604,True
2.5,4.473194736052027,1.1283009563028983,3.3448937797491283,-0.8736590993059833,-0.6912917747697807,0.5748746320988677,0.013980850823025082,0.6816170978235888,0.00023368411266066805,0.00023368411266066452,0.002142638775296787,0.002142638775296409,True
2.5,5.007541760958601,2.4688998724184064,2.5386418885401945,2.381127359482442,-3.663565467226036,1.1588588731923597,8.066732315609171e-05,0.675296621362171,9.598832129192529e-05,9.598832129299402e-05,0.051444748325236205,0.051444748325235996,True
2.5,4.578964217461742,2.877110081057751,1.7018541364039912,0.024623332296471956,-0.7059508318104131,1.290229920996424,0.0009579739454432801,0.5502761466895744,0.0024723852910930617,0.002472385291093637,0.1926348815284632,0.192634881528463,True
2.5,5.268119431590223,2.982049564649512,2.2860698669407107,-0.5024422277108594,1.1227072627455708,1.3025564864456565,0.0020478721683477863,0.5249433599727921,0.000169036813699708,0.0001690368136978179,0.16298811664037607,0.16298811664037552,True
2.5,5.035098846496057,1.6678122572340968,3.36728658926196,-0.12087840822576353,0.7287782953559332,1.099503170581113,0.005231544511059061,0.33358401142920413,4.1276496905987646e-05,4.127649690624129e-05,0.03992411614386726,0.03992411614386806,True
2.5,5.309118720330374,1.6458501434286434,3.6632685769017304,0.7385074053178259,-1.7740020943672303,0.7381852649324816,0.008137078618006388,0.586474453073727,5.094789861453992e-06,5.094789861246252e-06,0.0035623573694346642,0.003562357369434458,True
2.5,5.06536119515741,1.9508182721541254,3.114542923003284,0.24764731125861686,1.7904542768626137,0.699734861105954,0.0060743380922109735,0.14442039262348605,9.076862586136163e-05,9.076862586194457e-05,0.01436575386367212,0.01436575386367238,True
2.5,4.816995546481227,1.5506738501528248,3.266321696328402,-1.2231070384684997,0.552417161951404,0.7346429647898685,0.0065136740657432135,0.08278804269377732,0.0001450855459756037,0.000145085545975686,0.010727520461511302,0.010727520461511215,True
2.5,3.3759653326265244,1.4468643497261267,1.9291009829003978,2.2625716092889165,-3.051417781029299,0.8645973834134104,0.009142400255669592,0.6733103047620577,0.011237120415433247,0.011237120415433134,0.04817657082066965,0.0481765708206698,True
2.5,5.49119692630429,1.8935599377128072,3.5976369885914825,0.7890185767430844,-1.9916314521831766,0.8708522679278655,0.008908704419007096,0.6071659991813686,2.8418559713391756e-06,2.841855971501937e-06,0.007282975110865534,0.007282975110865066,True
2.5,5.237164160629204,1.0018278678931514,4.2353362927360525,0.8509843239216582,-1.8840496072276287,0.648358645895417,0.0019294729851043746,0.6803983307206485,3.329293168613028e-06,3.329293168677118e-06,0.0007115468610028713,0.0007115468610029218,True
2.5,6.555029360007187,1.2811080698351733,5.273921290172014,-0.25316486582476666,-0.9256298570377923,0.7682368830023857,0.0062301720266385585,0.5715745767199771,3.0614884359709273e-09,3.0614885144439734e-09,0.0007657788000391059,0.0007657788000388863,True
2.5,4.6772774100739305,1.3679083352645878,3.309369074809343,1.2149642995195744,-2.3555448854110033,0.8074589046482286,0.009388375072080068,0.6707900048800195,6.867077423503724e-05,6.86707742349868e-05,0.0061859502453484845,0.006185950245348429,True
2.5,3.7250335108955714,2.656439390990548,1.0685941199050233,-2.041076443471209,-1.127926704889426,1.3640734652332438,0.00464265381725798,0.6323489614576301,0.044193369859675896,0.044193369859676236,0.4160671892929176,0.41606718929291875,True
2.5,7.258951473509627,3.1190015029548106,4.139949970554817,-2.222882492709218,1.5461317943179522,1.2177477276416788,0.0014574464984151714,0.18306516940264544,2.1420387080231124e-09,2.1420436186436477e-09,0.053075853009342124,0.05307585300934463,True
2.5,5.404990462623553,2.9612502776396896,2.443740184983864,-3.810350089996022,1.8529257133801962,1.2535440120073678,0.00780411770645878,0.023520038280649802,0.0004562479418194008,0.00045624794178283527,-1.2748313283030246,-1.2748313283030428,False
2.5,4.8331242339364175,1.723918008435457,3.1092062255009605,-0.026007972940947956,-1.7921728830806698,0.9484212141317004,0.0017192853924047902,0.5975626948634376,6.420545112492775e-05,6.420545112486428e-05,0.017342093601033202,0.017342093601033597,True
2.5,5.973597830164571,1.2502245888508599,4.723373241313711,-0.4464123483246004,-0.2640428197789897,0.5252075749756147,0.005881038403550143,0.6196565790269326,1.3443609422620684e-07,1.3443609418643227e-07,0.0003121984784294377,0.0003121984784306788,True
2.5,5.884993357557636,0.8555015931854812,5.029491764372154,-0.2046994083583853,-0.6898122572789248,0.47356172224114895,0.0033048113585820715,0.4632817960345485,1.3830078418555617e-07,1.3830078420173582e-07,7.898436592274264e-05,7.898436592319324e-05,True
2.5,4.98369039262051,1.5294089850394126,3.454281407581097,2.154675188432751,-3.1629653235905204,0.9256157442587668,0.0024221323116616067,0.6299731749437589,1.8100330063062344e-05,1.8100330062995875e-05,0.008095055856568443,0.008095055856568145,True
2.5,4.889152200513438,2.06579752814216,2.823354672371278,0.4950185210576533,-2.750397178189326,1.06398543349128,0.010854903353380463,0.6714048603298082,7.954965350589926e-05,7.954965350561181e-05,0.032017675653381115,0.03201767565338131,True
2.5,3.4281044537071628,1.5737733595085308,1.854331094198632,-0.05901019843117005,-0.7748003969597627,0.8196187946324142,0.0007553307192364467,0.6057519091299612,0.015312915703824601,0.015312915703824584,0.06217193716427037,0.06217193716426976,True
2.5,5.739520543825998,3.074597209491278,2.6649233343347203,-0.8657803160823445,-1.4648964678611707,1.3088384454386564,0.0024919640934023546,0.5802990813402247,1.2519468758443901e-05,1.2519468758666057e-05,0.08040568145022868,0.08040568145022901,True
2.5,7.149370824938766,2.6448736932432113,4.504497131695555,-1.6912799400536704,-0.3805099717908025,1.1749911389561665,0.018584425465635712,0.5945483559402253,7.003491354932796e-10,7.003489481613276e-10,0.01508966834222801,0.015089668342228368,True
2.5,4.2828483605966685,1.7621979491210449,2.5206504114756236,-0.46030906857212195,-2.370430668553565,0.9109626901385701,0.004761960854222036,0.7098759029460238,0.0007592084147326664,0.0007592084147327347,0.03033264962421457,0.030332649624214333,True
2.5,4.654772754524396,1.6283092756082334,3.026463478916163,-1.5546662497727017,-1.1030541858894645,0.8733656212933973,0.003493057627947327,0.6477580190736437,0.00017035099899915873,0.0001703509989992689,0.018125983372903016,0.018125983372902554,True
2.5,6.186785248787377,1.894204392479315,4.292580856308062,-3.2457218527693388,-0.48750337134240485,1.0269445116060563,0.003213480553594217,0.665012040593511,1.3278853708445207e-07,1.3278853743676476e-07,0.01417755382040426,0.014177553820403362,True
2.5,5.6660139881827645,3.6560821140764546,2.00993187410631,-2.859307092480717,1.515306063087539,1.480026576310682,0.0032639248937006426,0.2536101960135864,0.00019663222330395378,0.000196632223404463,0.47140463948260053,0.47140463948259964,True
2.5,5.403612925276268,1.3533726554027479,4.05024026987352,-0.5966921019664113,-0.9470725503906958,0.8790339864589088,0.009419994938256016,0.6580602179976022,2.9048188025250147e-06,2.904818802514943e-06,0.005305507968774298,0.005305507968774325,True
2.5,3.8440875686589075,1.4643925869873256,2.379694981671582,-1.0098104576182685,0.23392378306004957,0.7329992832692936,0.014245629113903036,0.400415557854048,0.005319350061862454,0.005319350061862456,0.02898978958214877,0.02898978958214841,True
2.5,5.183404791839904,2.3999775349407537,2.7834272568991505,-2.84610536112936,0.9483640670102167,1.2412838603184013,0.00997191707014522,0.07451349394930651,0.00013085088821522306,0.00013085088821007326,0.2482363935091158,0.24823639350911403,True
2.5,2.8421164801823675,1.4398201558962134,1.4022963242861541,-0.15527773275370632,-2.3622664431178286,0.8446584709790054,0.016154850790988884,0.7242565913948731,0.06398271375195647,0.06398271375195651,0.11706312337431185,0.11706312337431209,True
2.5,2.6626404631392906,1.4368454576949374,1.2257950054443532,-0.3242876245725092,-0.36892072215649474,0.6543508245649239,0.0022461010622147892,0.5944862757373743,0.1220638837913544,0.1220638837913543,0.10476878396337602,0.10476878396337566,True
2.5,6.693309896267466,0.9319164930059446,5.761393403261521,0.1772923247997868,-1.4380426902669876,0.6280393305786157,0.004485598693981907,0.6587213761505332,7.558899980559772e-10,7.558899696696799e-10,0.00012528685701246266,0.00012528685701224476,True
2.5,4.325110374417472,2.843041644052672,1.4820687303647997,0.6120370207465803,2.6409131015272695,1.089022279653208,0.01378225438515146,0.139091112179676,0.014053109722380948,0.014053109722370687,0.35803387796535013,0.3580338779653497,True
2.5,5.22100051020098,1.9648452031713841,3.256155307029596,0.7082961182500234,-2.0298824841717136,0.9386054962850715,0.01589767752153942,0.601290577855078,1.3297022712498257e-05,1.3297022712433237e-05,0.013830079558262473,0.01383007955826227,True
2.5,4.155403485380668,2.86834340455109,1.287060080829578,2.199456925990548,-3.24668878948463,1.3658670435209033,0.01412497630996562,0.6102371870049782,0.01242667468050022,0.012426674680497444,0.26927915429352234,0.26927915429352184,True
2.5,3.454406461436104,1.782436146976317,1.671970314459787,-0.7930877528751697,0.5849941439672512,0.7228214073766852,0.001743957337546953,0.2367496387081109,0.028411619712883838,0.028411619712883886,0.07885482479819847,0.07885482479819837,True
2.5,5.152348998755993,1.12524461661843,4.027104382137564,-0.8195508638989778,-1.3245099719922715,0.7218014986667626,0.011377982513436524,0.6848377243449986,8.235131132196869e-06,8.235131132206315e-06,0.002087764650720211,0.002087764650720626,True
2.5,6.1376774964444225,1.8433070444500863,4.294370451994336,-0.35948238817283695,-0.6812912540097039,0.8806110604171012,0.005469509648243942,0.5582189598140563,8.890257711446581e-08,8.890257707350536e-08,0.00462902649078088,0.004629026490780572,True
2.5,6.115217990177437,1.8914537588015599,4.223764231375878,-1.183832486902427,-1.1408833069422164,0.9409057359700932,0.0013217407678964843,0.6417468892366642,1.1100330602380364e-07,1.1100330605413343e-07,0.006415474266990139,0.0064154742669908236,True
2.5,4.799349887692673,2.381679713091923,2.4176701746007496,-1.638350516087942,-0.3350636599640252,1.10736051054011,0.008139674888423154,0.47663745796143264,0.00034263168793138247,0.0003426316879310085,0.08343552534081264,0.08343552534081305,True
2.5,5.8455066726008695,1.8563533558014862,3.989153316799383,-3.197738360192737,-0.6583096321697848,1.162709051637935,7.672049670914838e-05,0.5266126858461602,8.509555931522896e-07,8.50955592533613e-07,0.031656275135345316,0.031656275135343956,True
2.5,7.221025179140832,2.2548515625232297,4.966173616617603,-1.2405093122522144,-1.638015322878541,1.0019156712880253,0.0014333365475769355,0.6619467141686481,1.403630950275626e-10,1.4036315619414977e-10,0.004190114325648177,0.004190114325648114,True
2.5,4.130590989044721,1.6528525882191778,2.477738400825544,-0.03605318162164063,-0.644617062904379,0.7748813441625887,0.0013300989968829113,0.5653101382452144,0.0013982482454351496,0.0013982482454350813,0.022660732017266212,0.02266073201726577,True
2.5,4.840431564440556,1.3252090921385125,3.5152224723020438,0.5019284496619939,-1.5178029287186954,0.7234805898728964,0.01017398802961228,0.6351336072984264,3.5553128785147406e-05,3.5553128785185366e-05,0.0035338631830090644,0.0035338631830094127,True
2.5,3.7028050152650036,1.5037991786360396,2.199005836628964,-1.359036931608817,-2.1229328817886235,1.1712934050941382,0.0010265571892942305,0.6505890908426818,0.005439048755383644,0.005439048755383656,0.11143198201589069,0.11143198201589052,True
2.5,7.162594331028034,2.166021525979869,4.996572805048165,-0.9302149531295786,1.1472334657104133,0.9156405742037076,0.0053438152834440755,0.1920893847808126,4.3526285978648253e-10,4.3526290739432073e-10,0.0057469620671976316,0.005746962067199231,True
2.5,5.845934238703596,2.187180721345892,3.658753517357704,0.21850593120807812,-2.136057211779388,1.0798186325586325,0.0035753359332738044,0.5279254170846341,7.06778569561729e-07,7.067785695490896e-07,0.015125267748391116,0.015125267748391291,True
2.5,5.268561284835275,1.7103101951827293,3.558251089652546,-0.9103450637303022,1.175100976395035,0.7104454514779474,0.003195457429050641,0.011792928728958707,2.88367138879768e-05,2.8836713887993323e-05,0.008258714088451,0.008258714088448435,True
2.5,3.610017851775848,1.9600996281403305,1.6499182236355177,-1.6836816342149528,0.5744242569531184,0.9205451411011005,0.008470541728139214,0.14945347491464578,0.02640883747388587,0.02640883747388633,0.1653150007773193,0.16531500077731884,True
2.5,5.404326601593549,2.2410852828946295,3.16324131869892,-1.3258270138551347,1.3604208149605164,0.9336025790860442,0.019210373125637725,0.10685638452217483,2.95875846887846e-05,2.9587584689449373e-05,0.04029183167230196,0.040291831672299314,True
2.5,4.34763337257937,1.4799942624591114,2.8676391101202587,-1.4751915672683498,-0.42992328460932105,0.7795105750388699,0.03127533402068139,0.2979541388778516,0.0006606369952887753,0.0006606369952886986,0.016779150185581657,0.016779150185582563,True
2.5,4.977091184085424,1.7657642898106425,3.2113268942747815,-1.1369434905699667,0.9333808950150042,0.6640308293308974,0.005499259814823576,0.07390102219337619,0.00010372458233519595,0.00010372458233512794,0.00908288261663197,0.009082882616630844,True
2.5,4.387428077500232,0.7530882744787389,3.634339803021493,0.009437400723821501,-0.6935184619284035,0.3600337968346126,0.0075893339083636935,0.6454709890877227,0.00021091183538615317,0.00021091183538619461,0.00012139401378953246,0.00012139401378937365,True
2.5,4.126197429432541,2.378538994369054,1.7476584350634874,-0.12148745841017289,0.13763295616377147,0.9343815161215631,0.0064372941380267945,0.4683181574809329,0.005555109719835865,0.005555109719835113,0.11137680519023473,0.11137680519023554,True
2.5,4.452068168920318,1.8969658071271835,2.5551023617931348,-3.6289987199788096,-0.11388482498135022,1.1269543404609843,0.0101221998510298,0.6665751985587631,0.0013983515617311734,0.001398351561733683,0.16919272629279067,0.16919272629278925,True
2.5,5.005894980785412,2.0238412145074456,2.982053766277966,3.0871894054995934,-3.955436367909175,1.0862484244247645,0.0071038644409476825,0.7061117883566114,3.55756254165817e-05,3.557562541702289e-05,0.02427667685252226,0.024276676852522217,True
2.5,4.7437879327467,0.8736014024800635,3.8701865302666363,0.25097083775828727,-1.0220111630345876,0.42277949612798893,0.0007604607611622072,0.6134278348527791,4.1270060698097674e-05,4.1270060698050145e-05,0.00018671411152580846,0.00018671411152653132,True
2.5,4.0135102135958896,1.3525219964646884,2.660988217131201,-0.39957171412041526,-1.2087357071546725,0.6494609452490356,0.0024235781508678,0.6551982391516391,0.0014710100379868275,0.0014710100379868765,0.008672596859091395,0.008672596859090912,True
2.5,3.0805817251913177,2.586576881814149,0.4940048433771689,-4.712108084582918,-0.4571701676138782,1.3000918536493966,0.005190347637184567,0.6554105296966368,0.33999804685126284,0.3399980468512637,0.8520440811733273,0.8520440811733295,True
2.5,4.500357143418353,1.8965362505339787,2.6038208928843742,-1.289828603485361,0.11933550060788312,0.783920066615186,0.0005381071459159559,0.2709208320722215,0.0006324233130964472,0.0006324233130963632,0.026877934728885212,0.026877934728884993,True
2.5,4.626782335046408,1.2438638016829455,3.3829185333634624,-0.5140397838576406,-2.013633648963731,0.8878655261372475,0.0038672975377819774,0.4517860192240646,9.274121931992493e-05,9.274121931995575e-05,0.00987933152641646,0.009879331526416419,True
2.5,3.288987392445266,2.1437412164923515,1.1452461759529147,2.6741464892936775,-3.30329408191064,1.045174867618749,0.0016211323067288896,0.6474719454511119,0.04913750327656413,0.049137503276563826,0.21569543543873465,0.21569543543873446,True
2.5,6.383883259670171,2.0697787045001794,4.314104555169991,0.16334617992284609,-0.9114106837551479,1.1703015539095345,0.007465946220817921,0.550830729581972,2.601471840336363e-08,2.6014718219589058e-08,0.012302840739966469,0.01230284073996634,True
2.5,4.5896554085793175,2.053532627865418,2.5361227807138995,-1.3275794751741512,-1.3956448414237441,1.0066616594509572,0.001768984066456425,0.6525872449225517,0.00039199318805518746,0.00039199318805509714,0.0473143748154251,0.04731437481542506,True
2.5,4.043765628010134,1.9408165886261652,2.1029490393839687,-2.0782174690292865,-1.2687058376919098,1.006166870095016,0.014928175993092707,0.676916096629003,0.003409900580469283,0.003409900580469335,0.08523581801197791,0.08523581801197799,True
2.5,4.708389334902825,1.9395510775123335,2.7688382573904917,1.546245625884763,-2.724814408282058,1.0001738675424106,0.012438166559095298,0.5891052840158846,0.00013895591068863503,0.00013895591068869022,0.026646302571057913,0.02664630257105759,True
2.5,4.297384936882422,1.7162588710465962,2.581126065835826,0.16503088354257342,-1.1329534999545614,0.7653532812891123,3.245267864965262e-05,0.5420782830936043,0.000713319628303036,0.0007133196283028517,0.017862198602247137,0.017862198602246995,True
2.5,4.782250252918062,1.458176501383757,3.324073751534305,-0.04380066058577697,-2.0854668607534554,0.8372625770350661,0.005207903813326531,0.6827653668198865,5.461855212057498e-05,5.46185521205316e-05,0.008012473691958136,0.008012473691958153,True
2.5,4.3390051853953615,1.4235614897970377,2.9154436955983236,0.1582295684936607,-2.1619236221560736,0.8714929926337702,0.03371380456354661,0.5714885400991565,0.0003613023292924472,0.0003613023292924942,0.015113188961000838,0.015113188961000947,True
2.5,5.246530013824861,2.6788941988308066,2.5676358149940546,-0.5950166100652082,-1.234730081453232,1.2624563431881537,0.003113094478406353,0.5968545855909468,6.171628123349076e-05,6.171628123325854e-05,0.08032250814220869,0.08032250814220851,True
2.5,5.248940869277577,1.7990879142553406,3.4498529550222363,-0.06855546043307542,0.7485310980015334,0.7406547968776459,0.020543543188038416,0.45379111294698105,1.6632788675878683e-05,1.6632788675643042e-05,0.008244365759697713,0.008244365759696975,True
2.5,5.683271420785526,1.8264148623166312,3.8568565584688947,1.1752864289825329,-2.5606363026598906,0.9611181244580834,0.0015649820153416094,0.5928131980562273,8.244767945223601e-07,8.244767947757661e-07,0.0070099758608747256,0.007009975860874747,True
2.5,6.039666051991152,2.522408470799561,3.517257581191591,-1.7761516319682364,1.8730618793595344,0.8924314366608258,0.001410906660668343,0.01735990495707307,3.1012172345371274e-06,3.101217233285418e-06,0.03312208542447315,0.03312208542447004,False
2.5,5.806736000826989,2.8858738590259585,2.9208621418010305,1.9142860941678421,-3.4055205659328713,1.3019560004212776,0.0007950667319110427,0.6355349012488587,4.126551057071939e-06,4.126551058521063e-06,0.049951775312829384,0.049951775312829745,True
2.5,5.640530672427004,2.29395124771558,3.346579424711424,-0.5599511389617121,-0.49972314488200287,1.0812812265959209,0.015998140990103438,0.5677373129636131,3.598642055957169e-06,3.5986420558019982e-06,0.027015637343041805,0.027015637343041528,True
2.5,7.045096888984079,2.0707768446869292,4.97432004429715,-3.7854634472974156,-0.30441551741438144,1.1820465369406603,0.007736010007458605,0.6667781228967646,8.046101416514082e-10,8.046121082080656e-10,0.01926333173923463,0.019263331739231834,True
2.5,5.7732603452793665,1.9199413599507664,3.8533189853286,0.33883420992481283,-1.755239405458672,1.0659485527880883,0.009068652113120634,0.594884188220567,6.656812914751903e-07,6.656812914962499e-07,0.011762481327761977,0.011762481327761996,True
2.5,4.532249618305715,2.1963447242010696,2.3359048941046456,-0.8684584700482991,1.498848075008838,1.0151097587376803,0.0002009096370007568,0.10331630391809604,0.0015789133791360383,0.00157891337913604,0.1255948887039787,0.12559488870398042,True
2.5,5.411565926509071,2.8195199588961355,2.5920459676129353,-3.4918940089197332,-0.46939069379272624,1.4062936245109026,0.001418290753105289,0.5609624834384811,5.084135483364539e-05,5.084135483563999e-05,0.15757210775816843,0.1575721077581697,True
2.5,5.69410031552689,1.964559599939446,3.7295407155874436,-0.01409092744466335,-0.31387320907184535,0.9792461296079159,0.003150930141018582,0.5235488707489562,1.4355299545327523e-06,1.4355299541904197e-06,0.0126478685932716,0.012647868593271883,True
2.5,5.073328208727359,2.351240735806678,2.722087472920681,1.414213392154146,2.8548388034349514,0.9255574613602231,0.0014526930690310635,0.08660395817947586,0.0002772926855157604,0.00027729268550648556,0.0799298893595404,0.07992988935953703,True
2.5,5.074851945941044,1.8920378497954875,3.182814096145557,-3.1634386555566074,-0.26683107558110186,0.9237847496906443,0.018594409882414842,0.11698882061474758,6.241754098787107e-05,6.241754098740741e-05,0.02872655025519081,0.02872655025519102,True
2.5,7.276599928211199,1.6322650081322456,5.644334920078953,-0.10527605709782697,0.5230700068295069,0.693486384148683,0.0007855606485084321,0.37076752048992473,5.3587645394872576e-11,5.358749629053009e-11,0.0006136494699836863,0.0006136494699819918,True
2.5,4.575601894150121,2.613200153036509,1.9624017411136117,-1.0238603225002822,-3.1942657923305626,1.5214690674959188,0.021769508146121386,0.5152602088434995,0.0011571583373616399,0.0011571583373616494,0.19039400882655136,0.19039400882655144,True
2.5,6.580858309135428,2.1053041273098865,4.475554181825541,-1.0228390229856112,1.2419072678562229,1.0559695259190574,0.007041040836152368,0.48417907770204194,2.259267389328097e-08,2.2592673862800404e-08,0.018793727021923716,0.018793727021923112,True
2.5,4.666321824514188,1.822801510711187,2.843520313803001,0.37845716319251954,-1.3122232809161836,0.7667971731860622,0.006067608068337393,0.5889617742761108,0.00016409955590223556,0.00016409955590250086,0.012821878758030565,0.012821878758030184,True
2.5,6.582826083175123,1.2224633488311427,5.36036273434398,-0.6756419258288672,-0.17564126386009093,0.8316758738607135,0.0008101877881661057,0.5093080854378023,3.521759338397017e-09,3.5217593618634337e-09,0.0013740997586883662,0.0013740997586887645,True
2.5,4.850650214880251,2.3964140841944936,2.4542361306857576,-0.7583215933400032,1.8902554389732797,0.9192601359487597,0.004107926001900242,0.08466352256737458,0.000694739971553763,0.0006947399715529318,0.08817101796766078,0.08817101796766356,True
2.5,4.157638142255884,1.3707619313078203,2.786876210948064,-0.4882895652700333,0.9803811418508275,0.48744080976534293,0.07487358061406552,0.01984766443744279,0.002218398602043536,0.002218398602043617,0.004517018032917775,0.004517018032916449,True
2.5,5.426182620587147,1.454253896256656,3.971928724330491,-0.4840977229242037,0.18087258391187278,0.6503901216572497,0.005180920063756367,0.5868025260107894,4.018775667908372e-06,4.018775668005551e-06,0.002213152747138568,0.002213152747138494,True
2.5,5.156727114272246,2.8187593865798175,2.3379677276924284,-1.2365106482588617,0.7959492619285924,1.2483812473880298,0.0013080443155424892,0.4985228173434845,0.00019804649456271425,0.0001980464945628507,0.1456397963857316,0.14563979638573282,True
2.5,4.557357275237029,3.534859505824237,1.0224977694127921,-1.1048596399801882,2.386182099455396,1.3140139549253305,0.004519778184687184,0.1753642511221063,0.030615153519199332,0.030615153519205834,0.7411073342005087,0.7411073342005169,True
2.5,7.435498170122366,1.046469328247737,6.389028841874628,-0.4629681914778907,-0.6250983925233617,0.6046876773617319,0.001630194890035297,0.36984349019639384,6.891241801248686e-12,6.891262410870487e-12,8.259697276824832e-05,8.259697276822771e-05,True
2.5,4.965513370827352,2.184135086441591,2.7813782843857604,0.8335584134173591,2.5803484977357423,0.8354988841669836,0.0040070109672035725,0.009253794028108775,0.00040359421404399326,0.00040359421404413464,0.05204382758910105,0.05204382758910293,False
2.5,5.186380783503674,2.2048588646809684,2.981521918822706,-1.6439096365922077,0.8698596984770512,1.0797187548948743,0.014105544276041326,0.15875605361843959,6.352328397839554e-05,6.352328397746174e-05,0.07052253662914233,0.07052253662914339,True
2.5,5.788948023813032,2.6836368617169275,3.1053111620961045,-2.326959723752003,1.81452868615122,1.3452274125315435,0.0023353071565909156,0.019184395390027087,1.7070332029923017e-05,1.707033204403914e-05,-1.727977638742812,-1.7279776387428065,True
2.5,5.140074954594598,1.6948666801747092,3.445208274419889,-1.4609483279843272,-0.9872105756238356,1.074521787513047,0.0003945837241801087,0.5867882061094505,1.889067834059606e-05,1.8890678340492213e-05,0.025162503551806912,0.02516250355180702,True
2.5,6.025207787149493,2.2217153249864166,3.8034924621630766,0.0614390462241998,-1.8562775243031144,1.0362742337146642,0.00197347249416846,0.6441865062426078,2.769213411958658e-07,2.769213412169604e-07,0.012018079968906137,0.012018079968906083,True
2.5,3.4209522833047203,1.6174466691207257,1.8035056141839947,0.7092459405003295,-2.0471516537283256,0.7910575275444615,0.002062567949200178,0.6531008352018226,0.014015771943352342,0.01401577194335243,0.05205366227816532,0.052053662278165054,True
2.5,5.28411721344269,2.4130420859539137,2.8710751274887767,2.392259708270552,3.1166290325691595,1.4370979031675808,0.002979925132976846,0.25351325829841004,8.318713833519753e-05,8.318713831958182e-05,0.30081032294063664,0.3008103229406417,True
2.5,5.239313039761865,2.688115378223652,2.551197661538213,-0.07962843258879625,-0.2834978537160714,1.0796116302027914,0.008567886841046368,0.5258372198022222,7.045363729474716e-05,7.045363729474788e-05,0.0608827956427663,0.060882795642766406,True
2.5,5.252487839757885,1.918530597596277,3.333957242161608,-0.8713343850067502,-2.9845720238664173,1.0949857836982964,0.014466178106965766,0.7293126526497474,1.0717572888240574e-05,1.0717572888250701e-05,0.02134330597948261,0.021343305979482554,True
2.5,4.97662345031705,3.0786986895521697,1.8979247607648806,-1.5008365876300314,-0.9497917324381043,1.2583871357233634,0.00034682228944976634,0.6033814471283672,0.0007195203207187963,0.0007195203207168082,0.16209619158025226,0.16209619158025132,True
2.5,4.959798035461955,0.9364318316989633,4.023366203762992,-0.09906825118710735,0.4790282615026804,0.4141400194324511,0.004764970237689625,0.4914940806912288,3.075609683124869e-05,3.0756096831291854e-05,0.00023012830315542786,0.00023012830315617967,True
2.5,6.114174454358739,1.668279895354541,4.4458945590041985,-2.2048080762300746,-0.8068677639949736,0.99851873884834,0.0017679241702927562,0.2433870183742718,1.088053330556857e-07,1.0880533340283653e-07,0.008237230307106819,0.008237230307106633,True
2.5,6.668274275417645,1.857620254844063,4.810654020573582,0.3597921058204718,-2.2830648401073512,1.0777016327388165,5.5614982341967156e-05,0.6171609151844707,2.3924820348681694e-09,2.3924820813977013e-09,0.00462480521774929,0.004624805217749255,True
2.5,6.376925466445866,3.0915463291345024,3.2853791373113634,-1.4304220870081343,1.0063620327781675,1.3466884389028364,0.00012096401126310274,0.29500635173812195,4.764997204190526e-07,4.7649972129311576e-07,0.08924389368600985,0.08924389368600728,True
2.5,6.521107918620832,2.0273796702068974,4.493728248413934,1.0628870482551616,2.4958121316331514,0.920767251792945,0.003564690501596135,0.04610531796067768,5.0355277873485994e-08,5.0355277614851756e-08,0.014049308569519256,0.014049308569515454,True
2.5,4.5470148095347165,2.4966231326868673,2.050391676847849,0.05995457635084425,-1.3426291724139179,1.0610541160704887,0.0030494812348083045,0.5171043933919679,0.0010600807816252117,0.0010600807816252076,0.08760434304324004,0.08760434304324072,True
2.5,4.240232981032408,2.50099565360102,1.739237327431388,2.986979588994061,-4.025206735049974,1.2214950524450359,0.014643215206980198,0.6795098413080345,0.003282667779409391,0.0032826677794089284,0.13520475742379007,0.13520475742379007,True
2.5,4.553250919103063,3.3012871663055448,1.2519637527975185,-0.12331758187085158,3.2691113870112867,1.1432313378449617,0.015233736671168618,0.016464590595692108,0.03866261469935874,0.03866261469934903,1.0513217583351913,1.0513217583352183,False
2.5,4.033416246796831,1.53342068653468,2.4999955602621506,-0.11733714136015305,1.4733851783577276,0.6971519494324413,0.003514126214560931,0.009881934944447945,0.005170321685915597,0.0051703216859160595,0.028351066860474564,0.02835106686047339,False
2.5,4.1950446310617275,1.9729039805865876,2.22214065047514,-0.31104769537780896,-0.7597053197864552,0.8802282532761333,0.013020593500928435,0.48114338606704177,0.001784087866201382,0.0017840878662015397,0.047584393240225016,0.04758439324022571,True
2.5,4.16459730901956,1.2456915414893963,2.9189057675301635,0.2516707261243884,-1.6077295986539206,0.6849385065934476,0.010037507905337417,0.62413684683063,0.0006300210821201945,0.0006300210821201528,0.006259466956108353,0.006259466956108675,True
2.5,4.515015556114986,2.704405507829791,1.810610048285195,0.11138720855786234,2.7878607435387233,1.0134625228841754,0.0024927372454773278,0.01460856487435952,0.009961796109026326,0.009961796109025341,0.31877499367500034,0.31877499367500156,False
2.5,5.954932849714844,0.9049872917409316,5.049945557973912,-0.6771544778084609,-0.3716511585630058,0.5754507632055214,0.002800540124915485,0.6812709406045667,1.2776473502536736e-07,1.2776473503328045e-07,0.0002503910935682593,0.00025039109356801665,True
2.5,4.241267853717722,1.9285271672003705,2.312740686517351,-0.2698227169659903,1.7831234926893686,0.8989800401218465,0.00914835045679846,0.012704497209542975,0.004528648303491549,0.00452864830349078,0.09851857300757756,0.09851857300757635,True
2.5,5.245108821752973,3.0787086001909345,2.166400221562039,2.181477864286862,-4.5554618956421375,1.5035934846439893,0.016130260719390055,0.6960174319647123,0.00014694284745723037,0.0001469428474584313,0.1333348194012027,0.13333481940120245,True
2.5,3.3740166303087875,1.458951787591449,1.9150648427173385,-0.2126691043850185,0.521708257600686,0.7670054001442702,0.027581487466182997,0.5410986740299543,0.02221358348285744,0.022213583482857534,0.06225069213671368,0.06225069213671394,True
2.5,4.052920034968311,2.3417732264531685,1.7111468085151427,-3.184597382637609,0.8555802535191355,1.006656506338492,0.016603135477248954,0.033143818207753584,0.016846646531611158,0.016846646531615043,0.25660199822392254,0.25660199822392393,True
2.5,4.981951644096531,1.6262134288117138,3.355738215284817,-0.5671595449827569,-2.141837105965518,0.8915080184447127,0.0038348678828693528,0.7097616443671799,2.7711148503673035e-05,2.771114850370417e-05,0.0103839918112832,0.010383991811283435,True
2.5,3.798411541571169,3.5325941751957988,0.26581736637537023,1.7012076566120429,3.2676507149848923,1.4768748201436013,0.06916693694775172,0.2541318313322103,0.462726183155953,0.46272618315605646,1.0641991327248632,1.0641991327248619,True
2.5,3.9770935767189917,2.2457355442869646,1.731358032432027,1.9149849032461728,3.042945515607535,0.9493627579135845,0.0016526358089436477,0.05544757736723627,0.022764444325837328,0.022764444325848128,0.24701799287915183,0.24701799287915735,True
2.5,5.54886765916949,1.3424096325565622,4.206458026612928,0.02641623084190405,1.3488506169820145,0.5249301583167563,0.008440992521574986,0.013819336239853985,3.954261908217351e-06,3.954261908016229e-06,0.0009614859917290851,0.0009614859917306163,True
2.5,6.18232264057295,2.4402864527836585,3.742036187789292,-2.3302837149253315,0.5308802353935032,1.1467880960024779,0.00018696003126933425,0.5969641074793807,3.751661101535803e-07,3.751661079870248e-07,0.0402613573715379,0.04026135737153632,True
2.5,3.786812758940664,1.47716167902475,2.309651079915914,-0.10086515447310301,0.19932028289663073,0.6204418210032785,0.011344012257215486,0.5267913648784929,0.004998641731405399,0.004998641731405543,0.01640303187817081,0.016403031878170295,True
2.5,4.682827011682414,3.547074668901368,1.1357523427810459,-0.15503492103881933,-0.9462243252622757,1.5433066172213443,0.003512581026634931,0.4977868885902546,0.011490092577208903,0.011490092577201384,0.39620125227012654,0.3962012522701262,True
2.5,5.642454407458049,1.7814937644259026,3.860960643032147,-0.1785351356207577,0.9739620900522103,0.6811426187238895,0.0033819187651041305,0.27246944725063427,2.423888353504684e-06,2.423888353748745e-06,0.004236023969708556,0.004236023969708967,True
2.5,7.293353931052336,1.6467249917451319,5.646628939307204,-1.9771804604631191,0.28092074120113475,0.9056232941416913,0.0027748193832003443,0.6159274187071753,8.417509019314354e-11,8.417558153706897e-11,0.002695687414025259,0.0026956874140253305,True
2.5,5.73364994751511,1.3981267870070524,4.335523160508057,0.12356282580781826,-0.7188641021215567,0.6722455633652026,0.004618874684441054,0.5541860245394711,4.710267902923193e-07,4.710267904337461e-07,0.0012220435783499822,0.0012220435783493284,True
2.5,4.438746142407194,1.9379196631520184,2.500826479255175,0.7088399174407013,2.0863036898176346,0.9902923101577259,0.0007227381643601927,0.12859466590996577,0.0015917727628081775,0.0015917727628067012,0.10324487533511444,0.10324487533511376,True
2.5,5.521989273647428,1.404415092523016,4.117574181124412,0.4145354676687982,1.326542048751835,0.6006769167875504,0.004864305542298497,0.3062152090545862,3.394849896876607e-06,3.3948498965536663e-06,0.0017495214178192995,0.001749521417818607,True
2.5,6.268406113960047,0.8549644756720605,5.413441638287987,-0.3902082480856725,0.20145927957227472,0.516608694939493,0.012607152963272195,0.2774618202593912,2.4005049178090846e-08,2.4005049177862213e-08,0.0001108308870059988,0.0001108308870057209,True
2.5,4.25978539019078,1.730847476982677,2.528937913208103,-0.10173729937924327,1.1982892426675402,0.6973678338241309,0.00021926296040652993,0.2078575735622601,0.0017567797348309632,0.001756779734831504,0.02378858815279119,0.02378858815279116,True
2.5,5.165225330772589,1.3367709877488683,3.8284543430237212,-1.9958411154089295,-0.6618535573697643,0.7760670867415944,0.015280772700258904,0.6946513652986925,1.5342938182328107e-05,1.534293818245078e-05,0.00529152823348248,0.0052915282334825365,True
2.5,6.713953954500623,2.008969455060292,4.7049844994403305,-2.1953198505207947,-0.563785111555147,1.0778375137683078,0.018104642156947404,0.6540678717211669,4.200964398599073e-09,4.200964119092585e-09,0.009349794030682378,0.009349794030683502,True
2.5,3.1866378094852035,1.705935228343848,1.4807025811413554,-0.6026080749139827,0.0403055172393576,1.0040931860151352,0.0005788783378700701,0.5644360160876326,0.047020761506219276,0.047020761506219165,0.1997896097258013,0.19978960972580134,True
2.5,3.847440349424569,3.1033472457135822,0.7440931037109868,-1.920583437317751,2.2276923183153294,1.1771709191336666,0.10864143613591132,0.06480128167639487,0.1740699015696129,0.17406990156961594,0.9877162127764871,0.9877162127765096,True
2.5,7.240451131746534,1.3321428679696945,5.908308263776839,-0.6144879818920992,0.6289163938232392,0.729479670141547,0.00010284914405489509,0.5494882316345591,7.287823164273532e-11,7.287822764042056e-11,0.0006104367487009955,0.0006104367487016221,True
2.5,4.767107496268224,1.9737428258363983,2.793364670431826,0.0015794373431353974,1.5898346460558956,0.7251727206863361,0.009938308377522298,0.1787142039120494,0.0003399789630359158,0.0003399789630356638,0.02250034963612132,0.022500349636124083,True
2.5,6.078550869402181,1.472834404303847,4.605716465098334,-1.371057998897413,0.09336147433396258,0.698674323813024,0.0004631848613593226,0.155123790891055,1.401059434290317e-07,1.4010594332502798e-07,0.0016537677364859306,0.001653767736486628,True
2.5,3.5863062282374627,1.6393922069272922,1.9469140213101706,-1.366802844249417,-0.23566069488332486,0.9323649407074576,0.010082565644754515,0.4817509217837902,0.013563918609572493,0.013563918609572461,0.10025560169815173,0.10025560169815176,True
2.5,7.001933317124082,1.147315721560232,5.85461759556385,-1.4859159473056875,-0.5589399622313967,0.6753234899545815,0.006205290660895535,0.6859185507751628,2.3170750019942774e-10,2.317075875251557e-10,0.00030090577786684935,0.00030090577786617866,True
2.5,5.290780998681575,2.157291940985623,3.1334890576959515,-0.08864472267284025,1.3619260695756865,0.9740245951130805,0.000807212528865342,0.3595884007600306,3.024990626442697e-05,3.0249906265296614e-05,0.0376869520564432,0.03768695205644236,True
2.5,3.548984048838555,1.6848016986911145,1.8641823501474404,-0.5207012866148969,-0.010917311000939511,0.7267924040973334,0.009352121828753668,0.5710017861215094,0.014576638133524493,0.014576638133524607,0.05200893670856653,0.05200893670856744,True
2.5,4.394738728286757,1.645124874973097,2.7496138533136607,-0.6655018328104751,-0.3436577724636428,0.8317379420990081,0.008888930217842816,0.5847438179489663,0.0005538437570274736,0.0005538437570275002,0.02243523950885016,0.022435239508850843,True
2.5,5.411491202496206,2.2703343383696404,3.141156864126566,-1.244628941091461,0.49742566955113676,1.1610559334807784,0.0098397907999912,0.3969615931010113,1.669890807974859e-05,1.669890807952627e-05,0.05882806217668145,0.05882806217668231,True
2.5,5.385308964695214,3.693129429039718,1.6921795356554958,0.6881715277675899,2.1150471574908836,1.4842961147256217,0.005045049948578739,0.39639069499435253,0.0008215931736347556,0.0008215931736164538,0.3468534190189355,0.34685341901893446,True
2.5,4.999880464299579,2.2553103138896544,2.744570150409925,0.06493831772782255,0.7469029856536649,0.9258924968492512,0.004742789091808364,0.43171759810833255,0.00011026701807937004,0.00011026701807937246,0.038281982093317,0.038281982093315965,True
2.5,4.829719546774498,1.368367925721178,3.4613516210533204,0.19153391733043415,1.1441227919323493,0.5996317816786028,0.005455254969555123,0.2551630547163195,9.825319431531766e-05,9.825319431498737e-05,0.003618679744870333,0.003618679744869914,True
2.5,3.6658799066076893,1.6015134418248096,2.0643664647828794,1.3644813629253076,-2.683218572235835,0.9008189647075137,0.009711972813370662,0.6067214487285808,0.005552049060608257,0.005552049060608176,0.0472617957233686,0.047261795723368596,True
2.5,6.356623742124248,2.19286851229177,4.1637552298324785,0.5702536956164544,1.6281175927559803,0.8517331909793836,0.028336737743543394,0.3441394300660138,7.831047151789514e-08,7.831047071903112e-08,0.008720858020690777,0.008720858020688177,True
2.5,5.706188234904793,2.2799326251183607,3.4262556097864327,0.8120914053339954,-2.0711361715440626,1.0683344179042344,0.011542682815229355,0.5992514024368018,1.834223619710031e-06,1.8342236198402888e-06,0.018275220159726296,0.01827522015972632,True
2.5,5.186573445290739,1.8809420245094524,3.3056314207812862,0.6240893261295495,1.7367555519549183,1.0323278325008163,0.01139821383127304,0.31665855403607734,3.686211412538007e-05,3.686211412452606e-05,0.04361957694024934,0.043619576940249954,True
2.5,4.448228401801197,2.7299245925034814,1.7183038092977156,-3.0769025846936997,1.1937281516233247,1.1693943423232116,0.03544652313993468,0.12414109234484988,0.006916924630336196,0.006916924630347229,0.4018569441984982,0.40185694419849055,True
2.5,3.816255437572792,1.159239712898071,2.6570157246747215,-0.14265586349735604,-0.33004193263778014,0.631461710685108,0.008445054241108196,0.5619252769969454,0.002923654223056746,0.0029236542230566594,0.008508873995160574,0.00850887399516099,True
2.5,5.507781917581524,2.62247700570099,2.8853049118805343,-3.8477828517464325,-0.046103027018221,1.3674180477542537,0.0030424608346274473,0.24092064983141787,2.3967186487374154e-05,2.396718648588129e-05,0.1668928377710425,0.16689283777104594,True
2.5,6.292269469414014,1.8042877635047745,4.48798170590924,-0.6629579849747509,-2.054158417085007,0.9642808690852346,0.0004781743439046804,0.6951540789143524,2.6938662199504607e-08,2.693866220801362e-08,0.004439578356772288,0.004439578356772477,True
2.5,5.772734315761776,3.2935564191377367,2.479177896624039,-0.9429838804573989,2.762181054328263,1.2421918969735184,0.0028911141057348932,0.0763737886974869,7.259633408340048e-05,7.259633408163288e-05,0.5190849944255334,0.5190849944255173,True
2.5,6.209062782224859,2.4212604205217696,3.78780236170309,-3.4266832506581095,0.8973002646378347,1.5081226134162038,0.003440526358028606,0.06295642840783011,6.121804159229072e-07,6.121804088172513e-07,-0.4458558840590538,-0.44585588405904136,True
2.5,5.065071161383468,1.83695323686935,3.228117924514118,0.16907129984424976,1.750694384675258,0.948730027805343,0.0032435818652918336,0.30343035075393454,8.408752973217494e-05,8.408752973144379e-05,0.04090991138238785,0.04090991138238894,True
2.5,6.146563036109968,1.9662832531560772,4.180279782953891,-0.5442974521742397,-0.3501435320052979,0.9575936504039849,0.0004917945571314974,0.5767622067258368,1.1307030776004172e-07,1.130703077828534e-07,0.00791066863637279,0.007910668636373231,True
2.5,3.4824736651489028,0.9175085008729107,2.564965164275992,-0.24016356676310407,0.20800569252380097,0.3756610613767008,0.015646455303928275,0.26554570394186755,0.010015859501078729,0.010015859501078622,0.0013967185635280792,0.0013967185635282355,True
2.5,5.389420602112212,1.6182220950155393,3.7711985070966727,-0.2677202017496106,-1.3764488403325,0.8201164509895665,0.028985772510789654,0.6177352999481669,3.7546904381810144e-06,3.7546904381862203e-06,0.0050856264788466665,0.005085626478846571,True
2.5,7.1852855818905255,3.3028554899068467,3.8824300919836787,-0.04961570903638435,-0.16617621827446094,1.3782691553206141,0.0069067902994880415,0.49680731585485294,2.8807152546718752e-09,2.8807222477584008e-09,0.03762510519366378,0.03762510519366287,True
2.5,4.666781917633372,1.9114671619570247,2.7553147556763475,2.0224828724170725,2.964325494821942,0.9226767251665744,0.013629861202062665,0.006442959628263911,0.0010199652184877625,0.0010199652184850042,0.08650727213704705,0.08650727213704144,True
2.5,4.985566672082985,1.4424356926679394,3.5431309794150456,-0.7059334787837166,-0.3219515546899333,1.080185544963366,0.0028048024511218017,0.3689550077808825,3.166913638289303e-05,3.166913638285548e-05,0.0261627497549081,0.026162749754908204,True
2.5,5.298866226247253,1.4899527596629536,3.8089134665842996,-0.057160864338321515,0.7446737797522398,0.5691416325545176,0.0018192549641942724,0.3119873626490098,9.29602877367822e-06,9.296028773788152e-06,0.0018777033983884345,0.0018777033983897137,True
2.5,5.537377008322329,1.497172831420176,4.040204176902153,-0.5865387808047262,0.36387909149508646,0.8185438556624096,0.020155447876769428,0.5530316498676549,2.6240084395385063e-06,2.62400843953611e-06,0.005770967014260161,0.005770967014260806,True
2.5,4.893669160888327,1.9652812000734503,2.9283879608148764,-3.3979282510338473,-0.6441762365426603,1.1144508584212927,0.0006493713229751008,0.6788929356542046,0.0001389581785181593,0.00013895817851774733,0.07010416687418478,0.0701041668741839,True
2.5,4.341348039288132,1.4766482900493916,2.8646997492387403,1.0958479712349258,-2.240996742119557,0.7207915869918604,0.0047588945900853274,0.6609776563262704,0.0003519294884530082,0.0003519294884529215,0.007840083821961536,0.007840083821961304,True
2.5,5.205644285905539,1.371927190565795,3.8337170953397437,0.7212224525260046,-2.945831179039867,1.0117745305570107,0.00728716214260805,0.7466047665779821,5.387746104423646e-06,5.387746104463019e-06,0.008214061993843962,0.008214061993844052,True
2.5,5.985074419057705,2.4740089491680783,3.5110654698896266,-4.364227857762879,0.8830453001755108,1.1220924925765285,0.0022147802002880357,0.02376968749360292,4.159701607757093e-06,4.159701595614581e-06,0.14013084172773307,0.1401308417277415,False
2.5,4.925970161585261,1.9057328700707807,3.0202372915144804,0.02761085314595153,-1.5773440790569142,0.793259534411909,0.004491373418264222,0.643196118001256,5.6399692057689225e-05,5.6399692057904514e-05,0.011660365967867563,0.01166036596786721,True
2.5,4.40802526390739,1.0274965830387865,3.3805286808686033,-0.04910801797586964,-0.22434081184854027,0.5838188205279758,0.001630435195805302,0.5439812779747797,0.00026522901822228264,0.0002652290182223025,0.002096602752241071,0.0020966027522413343,True
2.5,4.8232301529375485,1.285366252144111,3.537863900793438,-1.2026564177962382,-1.3367289875985162,0.8618490471564898,0.001852404893640136,0.37658818352646084,4.9515713852605665e-05,4.9515713852605685e-05,0.008789673541150452,0.008789673541150423,True
2.5,4.35348560396508,1.8294649231421352,2.524020680822945,-0.9408098465503059,-0.8065914508695944,0.897185707199432,0.0033996278631084342,0.6415516922571238,0.0007936885331926129,0.0007936885331926156,0.03585288387690921,0.03585288387690961,True
2.5,3.543557312201886,1.4215990704339607,2.121958241767925,-0.040017488334912074,0.2737149393816545,0.8797527455964147,0.0014963119065604658,0.42407589684080615,0.010934675285576996,0.010934675285577192,0.06594442182412322,0.06594442182412305,True
2.5,4.826277725732742,2.21846514294255,2.6078125827901917,-2.204619937606124,1.2342314697995764,0.8689089541342173,0.016402113194729007,0.015583565214956963,0.0006669212894603238,0.0006669212894622529,0.06174859458044227,0.061748594580445335,False
2.5,7.046089301206167,1.4394338145244239,5.606655486681743,-0.5255500481240246,-0.39505478134580274,0.7422401108163864,0.0024710483686292695,0.4996879763649632,1.6800463062168758e-10,1.680046934279533e-10,0.0006072248131291085,0.0006072248131287239,True
2.5,4.979726452077163,1.661369487646413,3.31835696443075,-0.2655526710143554,-0.655113216302744,0.7807914980334668,0.002753758506636117,0.5747676165995705,3.5463825564358245e-05,3.5463825564343134e-05,0.008180627776463676,0.008180627776463183,True
2.5,4.818301517507406,1.9576724408084363,2.8606290766989693,0.30065875715999163,-1.6119660951218904,0.8935283429552179,0.009995589582952324,0.5785455672426884,0.00010017317873470402,0.0001001731787347277,0.019908136514025426,0.019908136514025697,True
2.5,5.184793268547712,2.328654977135906,2.856138291411806,-0.12834555188524793,0.5141153524815523,0.9433882347847443,0.0043985221389827855,0.48694216077887886,4.939523422410416e-05,4.9395234223900865e-05,0.03490811732062378,0.03490811732062335,True
2.5,5.971671902843417,2.2285323247690125,3.743139578074404,-0.42769250889166166,-0.44154311060728135,1.2124576866487922,0.003536438812234699,0.5798904609716267,4.862986718680072e-07,4.862986718625501e-07,0.026955570663668767,0.02695557066366884,True
2.5,4.069281644631747,2.3588692993381892,1.710412345293558,-0.9568348392157298,1.2526951680880822,1.1458179403362798,0.017888182521665408,0.27625327048526904,0.010320850596473433,0.010320850596473436,0.27190969444025,0.2719096944402493,True
2.5,3.6709636786726434,1.247116278622155,2.423847400050488,0.13226354646732866,-0.8340689992272803,0.5292579427251728,0.007978273395377988,0.5961696565481863,0.004517655763607605,0.004517655763607662,0.006121152675791662,0.006121152675792245,True
2.5,5.896549264170323,2.7148243087717607,3.1817249553985625,-1.913505949630649,1.2251231236957825,1.2684516949820763,0.004696104275286939,0.5693993673524003,4.276301936510815e-06,4.276301936464634e-06,0.11930853223737262,0.11930853223737466,True
2.5,4.249290940041914,3.0435103010899303,1.2057806389519836,0.4206726878661726,3.1794064552150134,1.099787394939428,0.0012163870315856085,0.01374500514524496,0.05864397634973792,0.058643976349794305,0.7589469337194075,0.7589469337194027,True
2.5,4.733823993468077,1.3190289401006132,3.4147950533674636,-0.5564431023871445,-1.9410074410401408,0.8204053105771137,0.0023831570545482794,0.726594880516904,6.264411217831943e-05,6.26441121783279e-05,0.006913098641784415,0.0069130986417845494,True
2.5,6.242309674860666,2.5263831920319744,3.7159264828286913,-1.6108127950668896,0.40056593229123627,1.1696483918842626,0.0014250417639338764,0.5384194323609545,2.526842601269676e-07,2.5268425981444934e-07,0.03549706988082247,0.035497069880822414,True
2.5,4.763915369310021,1.7777722435479995,2.9861431257620215,-0.40756519896739757,0.540909861978514,0.8110107779324295,0.00019708118200711944,0.318167598366353,0.0001649070040713981,0.00016490700407145197,0.018794082389459878,0.01879408238945998,True
2.5,5.789188245453773,2.8039926684056242,2.985195577048149,-1.6686861689162837,2.122551020872839,1.1492012769522122,0.0007466857505668001,0.0314763675552826,2.052024290894649e-05,2.0520242909114623e-05,0.2034351223506524,0.2034351223506429,True
2.5,5.721738224275306,2.40079888940072,3.320939334874586,0.36267971924012754,-1.9381835070926812,1.0435905818532525,0.0010998998031960805,0.6154649437752241,2.2651134839735755e-06,2.2651134840697772e-06,0.020204554262867255,0.020204554262867176,True
2.5,5.039959759404208,1.972332553394988,3.0676272060092193,-0.9557802535495331,0.8066643305381342,0.7576286293081832,0.008943676489729713,0.20625364742024238,7.637247242413773e-05,7.637247242414832e-05,0.016271958355122768,0.016271958355124263,True
2.5,4.6053942138646695,2.5402038215149565,2.065190392349713,-0.24756782867664476,-1.967167542096337,1.1613523513581896,0.008122936306821538,0.5658320976743008,0.0008809426274797507,0.0008809426274794443,0.1015807317524711,0.10158073175247097,True
2.5,6.282918129718985,1.980588063519054,4.302330066199931,-1.9738528985235126,-1.5573844041831784,1.0804864053750651,0.007490929898443188,0.6829897307972195,4.687905021930799e-08,4.687904998499999e-08,0.010314723689591743,0.01031472368959205,True
2.5,5.449941564105638,1.0080201912584497,4.4419213728471885,-0.6020979682674062,-1.0840797551816492,0.6309922598695642,0.0001508042963371814,0.6769446751238701,1.6573204295726426e-06,1.6573204295349639e-06,0.0006670547152711297,0.0006670547152710489,True
2.5,5.648453676628743,1.2961468545551584,4.352306822073585,0.11717984565034878,-1.5182497329237137,0.8244866718943938,0.0018545257839243656,0.6535358458017716,5.836245158420574e-07,5.836245159202578e-07,0.0023494530081163514,0.002349453008116133,True
2.5,3.527753194677906,2.001356281261856,1.52639691341605,-1.9866841182069095,-0.7357259153974899,1.036957839546446,0.015228942977933868,0.6058604571233536,0.025345073191696342,0.025345073191696172,0.1913918087080638,0.19139180870806363,True
2.5,4.548884247085162,1.2548904982554534,3.293993748829709,-1.7292987223204666,-0.8994883253302692,0.7268216387546919,0.008149906406453411,0.7112290141968408,0.0002155730847293719,0.0002155730847293382,0.006804031905257833,0.0068040319052581925,True
2.5,6.714380860023806,1.7806976938234211,4.933683166200385,-3.432200967082761,-1.9105020256295648,1.1462874671344871,8.812357971177409e-05,0.7276281866409586,2.544079277785533e-09,2.5440794412758373e-09,0.008786736269006749,0.008786736269006884,True
2.5,4.748055900089659,3.1791298614916834,1.5689260385979753,1.0764670461617452,-3.2787120786003854,1.4798242098862595,0.0020649853150510045,0.6433660339997779,0.00238347683173551,0.002383476831736776,0.2343354433526281,0.23433544335262788,True
2.5,4.276817453981226,1.5500266948492145,2.7267907591320117,-1.3158420626616232,-0.633747246421044,0.9584864891553221,0.0009980424198761662,0.3301038605891928,0.0008480361852673187,0.0008480361852672629,0.03957817492203801,0.03957817492203791,True
2.5,5.033669596408278,1.6379685261928387,3.3957010702154395,-2.0964757485248735,-1.1601127503113964,0.9796350523069285,0.0072202831455125405,0.695457209728003,3.1802308836327685e-05,3.180230883644328e-05,0.019653526339171924,0.019653526339172576,True
2.5,3.906697737065336,2.736086927084898,1.1706108099804382,-0.4596140903030204,2.6391507990434118,1.0238840093185404,0.022742411666838103,0.014892549646648046,0.10424479344645333,0.1042447934464637,0.5866486876802404,0.5866486876802475,False
2.5,5.198231663441893,1.9997275069620908,3.1985041564798022,2.6072047750154375,-3.231901900115967,1.0506844398780342,0.004153749228908543,0.6407644874112353,1.3500425190202397e-05,1.3500425189754768e-05,0.01794454940078492,0.017944549400784954,True
2.5,5.523871742055519,1.6806196609788826,3.8432520810766366,0.8591623492754776,2.1015754616970392,0.7996351354648963,0.00622217834248473,0.08182210087813524,7.79806024960874e-06,7.798060247668496e-06,0.011412225910934326,0.011412225910936257,True
2.5,5.866014172692374,1.8047231363501477,4.061291036342226,-1.6353154344794476,-1.1278606101555013,0.9505657268084434,0.0005686274981784867,0.6735060768067727,4.477689599741803e-07,4.477689599263087e-07,0.008153691466080653,0.008153691466080854,True
2.5,3.6628151451218938,2.3101142219782416,1.3527009231436522,-3.8800287938303035,-2.7496753909968685,1.3889521806862322,0.016065653468514407,0.723258740235263,0.0251399633955248,0.02513996339552342,0.3487487408635673,0.34874874086356716,True
2.5,2.6707271690892522,1.8062782396619574,0.8644489294272948,-0.2872779679117529,0.18887697445465368,0.8713848741927359,0.0318208851002017,0.5549561372363132,0.20246018893085874,0.2024601889308586,0.32266233480653117,0.32266233480653167,True
2.5,5.9231289285286035,1.9705448136886818,3.9525841148399214,-1.1426128594255942,1.2642356634217418,0.8744236348420624,0.0043081156937493925,0.04693534890997253,1.205257334833936e-06,1.2052573347313888e-06,0.013943499886890403,0.013943499886889957,True
2.5,3.5737313081383872,1.159830010365961,2.4139012977724263,1.1029282612843974,-2.45352426829235,0.7204703886347675,0.010460854327024205,0.7133316871336127,0.004446965605323919,0.004446965605323803,0.01367211066151697,0.013672110661517009,True
2.5,5.742976297696488,2.4300200806642613,3.312956217032227,-3.514052297949312,0.6719990324457668,1.01433602952566,0.008544229462213448,0.07249407043204659,7.237352819711676e-06,7.237352822493602e-06,0.050396561775669084,0.05039656177567083,True
2.5,3.486550556373404,1.5343808383728308,1.9521697180005733,0.07520500675281912,-1.9859405743381011,0.827582695506541,0.009477628415667128,0.6934967101500622,0.010538397674189728,0.010538397674189712,0.04878070726396321,0.04878070726396345,True
2.5,5.397112861206113,1.6050729787140612,3.7920398824920523,-0.5760828740709587,-0.37557548833067456,0.8877239246365426,0.003878525983334491,0.6136729237829972,4.580124222087488e-06,4.580124222096304e-06,0.008384901033788146,0.00838490103378829,True
2.5,6.538256847235603,2.132248438879116,4.406008408356487,-0.050774620533689564,0.25890632453980955,0.8438286840961595,0.0014172209937269864,0.44984695967849275,1.4423213013911318e-08,1.4423212912315907e-08,0.004712258716074197,0.004712258716074181,True
2.5,4.511133017787371,0.8158413163858756,3.695291701401495,-0.012649309767565892,0.008620927215769125,0.43788612430432394,0.011801041604808493,0.49353943814316353,0.00016445958475165592,0.0001644595847517816,0.0003437024141732733,0.0003437024141735121,True
2.5,4.4087050357305495,2.2524389858824145,2.156266049848135,0.8627738239295557,-3.066330458405823,1.1605413244283476,0.007539607186398678,0.678789789166296,0.0009926475766447848,0.0009926475766452523,0.08264443162109503,0.08264443162109483,True
2.5,4.868781497890827,1.5455624375271564,3.3232190603636704,-1.957257088746068,0.16229843579701897,0.8370871653465186,0.002121984725059145,0.04067761626280347,0.00011810168091942039,0.000118101680919774,0.017305380110159307,0.01730538011015876,True
2.5,4.7342678094176165,1.525208663501087,3.2090591459165294,-0.2968567486074056,-1.2185343203009964,0.7338375579085952,0.0204792907220413,0.6019042179884514,8.539935467565763e-05,8.539935467561479e-05,0.006610087052330571,0.006610087052331206,True
2.5,3.0025095109379576,2.0082333090120117,0.9942762019259459,0.2096773652813414,1.5240197052810522,0.8737582488299036,0.033436438252250233,0.4091753037985945,0.15412632117910668,0.15412632117910594,0.32184650933704134,0.321846509337042,True
2.5,5.323511496338994,1.7555906886735548,3.567920807665439,1.1796129477754487,-2.571519731410291,0.8962463588390817,0.0007310684898356179,0.6450374255652289,5.089852003030601e-06,5.089852003172993e-06,0.007355756776310248,0.007355756776310483,True
2.5,3.568677745805639,1.2684024483945096,2.3002752974111296,1.4520873473470468,-2.5100889089213907,0.7087007575635281,0.012620121826007413,0.6937838111006032,0.0049732150521084335,0.004973215052108497,0.015326046480326087,0.015326046480325985,True
2.5,3.6643775823208555,2.907667255515493,0.7567103268053623,-0.20106570792351489,1.4169276380652458,1.4136733091027738,0.007218030551369881,0.3289668464730816,0.11719488799671075,0.1171948879967113,0.6511024771081964,0.6511024771081988,True
2.5,5.966554831545504,2.0005795763453933,3.9659752552001106,-3.591594751569869,0.22338163304205239,0.9717925574822831,0.011060173140203244,0.009756378071947958,1.0682330285670076e-06,1.0682330247912522e-06,0.022603558573703948,0.022603558573708354,False
2.5,5.379758736179158,1.4121229976387508,3.9676357385404075,-1.1114814319308495,0.26254813912223307,0.7631320412035787,0.0008711944959106654,0.5897367483887487,6.582152640804731e-06,6.582152640771384e-06,0.004923417197514833,0.004923417197515235,True
2.5,4.043528704937524,2.0561075524857704,1.9874211524517533,-3.2268305057687345,-1.5429335820418708,1.342953958359822,0.0057675707403541665,0.2988082808105485,0.004405880076237536,0.004405880076238387,0.2248310851475899,0.22483108514759043,True
2.5,3.5696380137450006,2.5335758310301237,1.0360621827148768,-1.139431748878041,2.0744186991893168,1.1438316747076522,0.0008617048615011669,0.015999604180120197,0.15058510067267875,0.15058510067267855,0.9156133188013952,0.9156133188013945,True
2.5,4.95427740027479,1.7078498144822738,3.2464275857925156,-1.5106873223877944,-1.0687076298161329,0.9439269472982628,0.014133589454926376,0.3665869739037048,4.6996884981633584e-05,4.699688498163002e-05,0.0187017545366179,0.018701754536617893,True
2.5,3.937593681420168,2.261817459873574,1.675776221546594,-0.3473279483880844,-1.137792252899456,1.1001891554284788,0.012463729986870564,0.576970158957516,0.007952041623429577,0.007952041623429886,0.14856053574350256,0.1485605357435027,True
2.5,3.5883299222231813,1.8993272283870732,1.689002693836108,0.18078363314492968,-1.0525190806066405,0.7401677259584628,0.00047619095492734687,0.589192672166259,0.013856657491959145,0.013856657491959253,0.06136526017507287,0.06136526017507304,True
2.5,4.458142094357264,2.3905317161284803,2.0676103782287836,2.2594001330198634,3.192142253707919,1.2557433280541428,0.027459299380140523,0.13942130022381427,0.004183667857083642,0.004183667857064894,0.4528281099409142,0.45282810994091593,True
2.5,4.905610209668052,1.156424647989555,3.7491855616784973,-0.17179185641003872,0.7430985463359234,0.5654593219476333,0.006467035679642907,0.4947876441180828,5.4883990692320595e-05,5.4883990692398e-05,0.0016517529344848984,0.0016517529344839425,True
2.5,6.182024805115771,1.4600322755844364,4.7219925295313345,-0.5940901387287647,1.0578201131409752,0.8120277560533543,0.010970759033983035,0.011720680724166821,1.2302860226727714e-07,1.2302860229096746e-07,0.004046649094795873,0.004046649094795211,False
2.5,5.448545137848973,1.4001799456007271,4.048365192248246,-0.4103233768243876,0.7436874406780509,0.5382098415957297,0.00036375253964754384,0.17726229584536235,4.706309790352569e-06,4.70630979043985e-06,0.0011261827094409484,0.0011261827094402458,True
2.5,4.528121222423548,2.0664375183866546,2.461683704036893,-1.0906913770397741,-0.7457686438970726,0.9381255446073441,0.013665079563065397,0.39179627060716554,0.0005651874445688689,0.0005651874445688783,0.04527695438813882,0.04527695438813904,True
2.5,4.023538517193874,2.079312343028452,1.9442261741654217,-2.862859730659694,0.5321717918778939,1.0613525477993668,0.000872192015442641,0.05440301658334806,0.010313750627295833,0.010313750627298404,0.23202865503443623,0.23202865503443462,True
2.5,4.998015085234659,1.93685464361537,3.061160441619289,-0.7726407426939491,1.0809875203150847,0.8927516932483835,0.01982793192469473,0.20849048775617157,0.00010197408638875423,0.00010197408638897065,0.03138776212515689,0.03138776212515666,True
2.5,4.3624697497518845,2.2595108503590406,2.102958899392844,-1.7689248459533062,-1.475301668101718,1.0988460546054288,0.0032298292581366406,0.6665769470411355,0.0015599158427460197,0.0015599158427462725,0.0980743540376592,0.09807435403765927,True
2.5,4.698348973247159,2.5973024260085906,2.101046547238568,0.1434644831537856,1.2796648188198931,1.0233865652979093,0.00339269933224845,0.3808685986670623,0.0010021477294717474,0.0010021477294717088,0.11043015694317646,0.11043015694317798,True
2.5,5.848000266835427,2.478774109699561,3.3692261571358664,0.49893133525221894,2.5618691291662863,1.0672663794885642,0.00867473810738234,0.1293880281389635,6.334252868084928e-06,6.334252864157486e-06,0.08070186175561794,0.08070186175561517,True
2.5,3.891984940161396,1.6910521939699181,2.2009327461914783,0.060943454647606664,-0.7945149840681356,0.7849488784469134,0.008192273677583684,0.5152444600681888,0.003548869417354247,0.0035488694173543226,0.03361850185966119,0.033618501859660824,True
2.5,5.3127197149346275,1.979958455322047,3.3327612596125804,0.7172249083656375,-1.7566787840191243,1.0199776490092234,0.0012664433625240168,0.571113010549751,8.721465589661668e-06,8.7214655900219e-06,0.0169835176198423,0.016983517619842074,True
2.5,6.664895681893237,1.4189489922894218,5.245946689603815,-0.4618861278014149,-0.21938226579076336,0.69647861728209,0.0047455174568740155,0.5120111454673372,2.236070685711261e-09,2.236070764958317e-09,0.0006658033923790218,0.0006658033923790972,True
2.5,4.911029424922919,1.6501607839884658,3.2608686409344534,0.7756449745785204,-2.6615446145631525,0.8526912674369557,0.0015175017962560378,0.7015261541715736,3.461914005033123e-05,3.46191400504643e-05,0.008713916687322142,0.008713916687322094,True
2.5,4.437145850056254,1.7654389043452208,2.6717069457110334,-0.40499252070170877,-0.3241233213182182,0.7005001321496672,0.002561507326468704,0.5933933538679805,0.0005213547078881172,0.0005213547078881789,0.014504485908263769,0.014504485908263228,True
2.5,4.878442483958422,3.006119868158384,1.8723226158000386,2.994781733808341,3.9748167749579553,1.2218669787720844,0.0018873477037429365,0.016017334190243093,0.004283693334980619,0.004283693334820586,0.9571966294550881,0.9571966294550464,True
2.5,5.941577016805117,1.9668180793756085,3.9747589374295087,0.11957745941444696,1.4197057659931382,0.7773512093615905,3.0434596479222975e-05,0.2588993930310148,6.857494725390259e-07,6.857494723122742e-07,0.007150256795860444,0.007150256795858435,True
2.5,4.290987940655275,2.8469070680996844,1.4440808725555905,-2.477461291024381,-0.4139088407798801,1.3082485463869749,0.022289781854666013,0.3400808686656216,0.009061423416371988,0.009061423416373013,0.30578357982481946,0.30578357982481896,True
2.5,5.145916703206786,1.4448472588465437,3.7010694443602423,0.08537514557751187,-2.2977490492658124,0.8405375472561012,0.0014895666184172596,0.7126400435711254,8.944512685366679e-06,8.944512685279077e-06,0.004999733142053239,0.004999733142053173,True
2.5,3.91602625734511,1.9547945545019065,1.9612317028432036,-0.7911054720819555,-1.409267790985576,0.9475619876808589,0.0029289493859748217,0.6336412995355438,0.004919496066754448,0.004919496066754487,0.07664862621959416,0.07664862621959448,True
2.5,4.877975666025004,2.51751454804654,2.3604611179784643,-0.0025973385575726628,-1.489774145562761,1.0820382241533517,0.0007734732844267844,0.5421873700316454,0.00024387277241497452,0.00024387277241456057,0.06476261557725553,0.0647626155772553,True
2.5,4.977987899180495,1.7753087545595607,3.2026791446209346,-1.1220139553195814,-0.8766493576493691,1.0086328400074667,0.006181360953950499,0.6484495517050479,4.517098585129211e-05,4.51709858512919e-05,0.024635981488317967,0.024635981488317762,True
2.5,5.98904857970968,1.6932086335617516,4.295839946147928,-0.9003974885372669,0.8824763107354188,0.7276021488702522,0.015945876399157843,0.10827239955211415,4.0714445220866607e-07,4.071444522139493e-07,0.0035850128692287535,0.0035850128692280427,True
2.5,7.683789258460073,1.4032083365741277,6.280580921885945,-0.0015012589517251357,-2.364539213820953,0.8071567794664615,0.005640169880884338,0.7285567263613241,9.5642070136247e-13,9.563444199853105e-13,0.00030940615512582183,0.00030940615512550963,True
2.5,4.7799892270044895,1.5578506134284977,3.222138613575992,-0.13639667258854246,-0.684536262437875,0.6504041907828325,0.001236574762202347,0.5909743446132891,7.745896731689556e-05,7.74589673169665e-05,0.004698239716947619,0.0046982397169470745,True
2.5,4.753539288994209,1.7095627555665103,3.0439765334276987,-1.7702729856094588,0.28111936683182903,0.7271959834795912,0.007229788359407574,0.12488512199081514,0.00021667391158678231,0.00021667391158714826,0.013326230002399296,0.013326230002400111,True
2.5,5.702943059331837,1.88616581196122,3.8167772473706165,1.0216043227616296,2.4176960751719756,0.9997356789306834,0.010497025474282495,0.009029986567014814,5.202020809584251e-06,5.20202081198266e-06,0.03942164467895656,0.03942164467895424,True
2.5,5.8600994237294035,1.0548467872986351,4.805252636430769,-0.10350958507301389,-0.27501597323086824,0.5027301915397451,0.007527937290668307,0.5320611856687368,2.0129618068830302e-07,2.012961807014042e-07,0.0001840858398603193,0.00018408583986021784,True
2.5,3.7232582412731032,1.8744706112805318,1.8487876299925714,-0.08418432474130881,0.976201909535424,0.7866259139685656,0.0063626414147856525,0.4194932074804744,0.012933947369966486,0.012933947369965981,0.07726195115983056,0.07726195115983092,True
2.5,5.46502879578619,2.2394211303141245,3.2256076654720656,0.31663458453689186,-1.3458822347775325,1.1695708013675241,0.010533037868700745,0.5567110844069048,6.906053818249973e-06,6.906053818478215e-06,0.03189110461672648,0.03189110461672655,True
2.5,2.4105142036098473,1.398391164665721,1.0121230389441263,-0.667569874101427,-0.41818107560619977,0.6742839348968357,0.3373884786190702,0.4410767859922885,0.21504766358747,0.21504766358747007,0.1675121169982562,0.16751211699825652,True
2.5,4.675708702663262,1.7178668767337617,2.9578418259295,-0.49659827662991746,-2.3064713396007894,1.1645381144955735,0.001422114331883939,0.6652823423486717,0.0001301162584671944,0.00013011625846722218,0.04096522647254958,0.040965226472549396,True
2.5,5.620713778588684,2.3338993600316837,3.286814418557,1.8884962727843544,-3.0653747471523545,1.0763992709832004,0.012029818565541195,0.6505331583444411,2.979205549739352e-06,2.9792055506840776e-06,0.01958502945537665,0.0195850294553768,True
2.5,3.7007409734916874,2.3170187661504413,1.383722207341246,-1.2051721954637313,0.8614411308154519,1.021310117557124,0.012778110447496216,0.34820338880618684,0.0314520755956001,0.031452075595600024,0.2583103028148547,0.25831030281485473,True
2.5,4.513572770066247,2.8488440106109154,1.6647287594553317,-0.1217945562695463,2.5036608804161937,1.2390341998410366,0.02733408601025622,0.09476332797154324,0.007666466029696263,0.00766646602969306,0.583257689000296,0.5832576890002987,True
2.5,3.0414555575046442,1.347940498058276,1.6935150594463682,0.22076266329414426,-1.225045713971939,0.6291510359783383,0.006940523292240042,0.5415755225158323,0.03469510550526495,0.03469510550526496,0.0358218552988825,0.03582185529888262,True
2.5,5.1875336868353426,2.157652891842239,3.0298807949931037,-1.5045268415837687,1.4600343888252594,0.88235585022726,0.01842938874598743,0.008465632854462446,0.00010750780585363523,0.00010750780585485348,0.042246599407219386,0.042246599407218775,True
2.5,2.9386312750642363,1.8115384292668337,1.1270928457974025,-1.2493859594250492,0.6429607571112945,0.9088798074415078,0.00891879557424724,0.5934878968972146,0.1445285127147846,0.1445285127147845,0.3036211098073576,0.3036211098073573,True
2.5,3.538488884880923,2.289198147050442,1.249290737830481,-2.554671038810518,0.1605734526718885,1.387184609739383,0.0521693317304599,0.6244900208927405,0.05064411049943824,0.05064411049943897,0.5951993207923821,0.5951993207923838,True
2.5,5.15225149633053,0.8780162736386171,4.274235222691913,-0.22097609089144885,0.20159271297630577,0.4254101301545314,0.022543814530854467,0.36247636154012547,1.0552506799078435e-05,1.0552506799110894e-05,0.00016075121052810961,0.0001607512105282506,True
2.5,6.29921838168577,1.6206931192847793,4.67852526240099,-0.8259711667397898,-0.07777940320278953,0.6996841505924078,0.006118344832583111,0.6110255482576319,3.2289477470261445e-08,3.228947747791202e-08,0.0014497573059167525,0.0014497573059164188,True
2.5,5.48347953288795,2.7322414867979994,2.7512380460899504,1.4508563771330862,2.605124629104603,1.3917024521745573,0.0035612651581330423,0.2548733435727797,4.377154054977465e-05,4.377154055053889e-05,0.21326693163683785,0.21326693163683577,True
2.5,5.8293049000114925,0.794934743364723,5.034370156646769,0.5755350148049149,-1.6933471359279824,0.5072455048123864,0.0020449163932229064,0.7172544346893842,1.2249536849925138e-07,1.2249536853988892e-07,7.555625662152535e-05,7.555625662143477e-05,True
2.5,4.770499208325711,2.268008851235897,2.5024903570898145,-2.1264135349065127,1.2754259248519055,0.9908211611652581,0.003901277713522888,0.016793497611083452,0.0008714018321687281,0.0008714018321678721,0.11521926469522341,0.11521926469522556,True
2.5,4.673434289741963,2.4431633190353566,2.2302709707066066,1.7929416714527566,-2.8995010646954884,1.1099002603999042,0.0026504464977821773,0.6410673083327768,0.0004587741995302654,0.0004587741995313133,0.06781203702476589,0.06781203702476665,True
2.5,5.95734535262451,1.2157409493895315,4.7416044032349784,-0.49816633160974544,-0.5827720161506094,0.577701886188723,0.0036781954593319566,0.6317200172509465,1.301677397135921e-07,1.3016773977819861e-07,0.00040388827985324955,0.00040388827985310025,True
2.5,4.415212685254509,3.2348998298761837,1.1803128553783249,1.8012277920810447,-2.833900758345691,1.319695806513971,0.0119538935391037,0.6120583058872039,0.012518216089662656,0.012518216089655506,0.293230181657493,0.2932301816574931,True
2.5,6.393038553996258,2.9220734572395735,3.470965096756685,-6.85903532658787,0.37378768591490896,1.290090254165535,0.003853314466667923,0.03685580596507376,6.74937484951303e-07,6.749374946017488e-07,0.6768928215612205,0.6768928215612975,True
2.5,5.437180652140422,1.9819790950038805,3.455201557136542,-1.7263148605951917,1.039847397949639,1.07236143035846,0.011563008487970705,0.02621920053016097,1.826459524141706e-05,1.8264595240996812e-05,0.06191299666787073,0.06191299666787134,True
2.5,5.189210283303069,1.717862246698559,3.4713480366045104,0.028891578712480236,-1.0168832560851253,0.9343016086606061,0.0033407993062368746,0.5269173870813123,1.2354664842597231e-05,1.2354664842432085e-05,0.01199813290592583,0.011998132905926088,True
2.5,2.3226178052363453,1.9511681626358226,0.3714496426005227,-0.33861217611862976,-0.5995956049200646,0.8445385906004219,0.42672069416409647,0.5193051271797681,0.5057524896768545,0.5057524896768544,0.5849537504894996,0.5849537504894987,True
2.5,3.8434106145209435,1.8590998215724501,1.9843107929484933,0.7799377068559618,-2.159087671034984,0.975536158898757,0.0018571138052989045,0.6568672397654547,0.004672783375158853,0.004672783375159037,0.06913657034739773,0.06913657034739774,True
2.5,5.149235425181119,2.2319808627683746,2.917254562412744,-4.0543832739596395,-0.3063269198075782,1.1939572215405663,0.0023827393056515267,0.17298959860523322,7.604243037754701e-05,7.604243037405396e-05,0.11082559804964003,0.11082559804964155,True
2.5,5.855425465761289,0.6371062987581473,5.218319167003142,-0.020699278901828683,-0.5681037244890448,0.30929657101306346,0.008075713378282667,0.6503293999811407,1.452540793811488e-07,1.4525407943542738e-07,6.047951688356122e-06,6.0479516878395495e-06,True
2.5,4.956720892869678,2.2516762557321006,2.705044637137578,-0.374233504580279,0.5756730139699358,0.9869118481007461,0.00300685034684528,0.5396422013251603,0.0001369983525811673,0.00013699835258145082,0.048173984589465896,0.04817398458946502,True
2.5,5.729563044353408,2.217848980325018,3.5117140640283897,0.8320497208703438,-2.3091415208661497,1.0711720828989784,0.00046379675787516783,0.6160491702629709,1.386479278725597e-06,1.386479278585286e-06,0.016374936335449064,0.016374936335449137,True
2.5,7.083801216375951,2.905120597407219,4.178680618968732,0.357579012414624,2.6555299834923414,1.1066601183428262,0.002189476843755145,0.11901465457783655,5.908540979516549e-09,5.9085575940378374e-09,0.044275604937709774,0.0442756049377148,True
2.5,4.29372841659637,1.489431102057424,2.8042973145389456,-0.2860073650363773,1.2365317158512181,0.6126070272178425,0.0012958827713825394,0.0362797466262485,0.0015531682860030825,0.001553168286003533,0.010793901151573214,0.01079390115157037,True
2.5,5.139710235310893,1.6992566500532864,3.440453585257607,-1.86039293444592,-0.5374917486854517,1.044341255675466,0.014804660285186177,0.6416675899880159,2.3447782063963215e-05,2.34477820639619e-05,0.027380501607582892,0.02738050160758401,True
2.5,6.0875008822315095,1.8846398250611571,4.202861057170352,-1.8080472443459954,-0.8896810511450848,1.054642522216221,0.0020710698738151123,0.5763119499514007,1.5007100016008737e-07,1.500710002722094e-07,0.011637355976839254,0.011637355976839753,True
2.5,4.228563296272296,2.2439845943513257,1.9845787019209702,3.166533164836336,-4.382877836749313,1.2854625992048354,0.007438024516496111,0.7045991822521672,0.001883564845884293,0.0018835648458845559,0.11354626382899205,0.11354626382899222,True
2.5,3.747706002591295,1.694659534561923,2.053046468029372,-1.3126381185622369,0.15849249064994808,0.9809452926749564,0.004708828455107894,0.5688602256400508,0.009480445103296773,0.00948044510329681,0.11263614772880273,0.11263614772880261,True
2.5,4.454693979412722,2.4586167953660536,1.9960771840466687,-1.3387878403596902,1.525228170113631,1.3004354160771303,0.006335697056530143,0.4368522703700901,0.0035475867929562425,0.003547586792957317,0.4714174729314865,0.47141747293148756,True
2.5,5.079356203718576,1.558360728046549,3.520995475672027,-0.8409700962365046,1.0409880548163848,0.6340462117024296,0.006914722113612604,0.010796978938571844,5.7304125858976526e-05,5.73041258590148e-05,0.005033349221351032,0.005033349221349676,False
2.5,5.917575828985596,1.645396681697062,4.272179147288534,0.26446141023007563,1.792167715449434,0.800240831798405,0.004326072369159717,0.3468602696757935,8.958737933800909e-07,8.958737925800052e-07,0.007167505038563501,0.007167505038563756,True
2.5,5.8919474531732074,1.223743125415158,4.668204327758049,-0.4224570741361849,-1.3824731480784804,0.7602279784473357,0.011131711277949652,0.6549113031453855,1.532334502397963e-07,1.53233450209915e-07,0.0012351848035346653,0.0012351848035349604,True
2.5,6.242253059636321,1.1065899624790783,5.135663097157242,-0.9617196471047165,-0.34447227923756285,0.6816889984519617,0.004039588594506205,0.6412905390227677,2.8505650952851908e-08,2.85056509569708e-08,0.0006169307469725088,0.0006169307469728316,True
2.5,5.37730335025407,1.2249298315582229,4.152373518695847,1.8015502653443525,-2.752744884959057,0.7749344735430111,0.0031402586255139253,0.7029411668210604,1.7123661749683342e-06,1.7123661749495292e-06,0.001653054794752195,0.0016530547947523815,True
2.5,7.470543022478345,2.1977128137106705,5.272830208767674,-1.556195457415271,0.5255122154772938,1.1480773144763783,0.003804647696424357,0.5039233839365908,4.0228061106776007e-11,4.02284446839489e-11,0.01038679799209234,0.010386797992092415,True
2.5,3.8199242535021813,1.2723469531919596,2.5475773003102216,-0.08089022580044955,0.10859655826828973,0.6033194335659239,0.003080694980538312,0.4270777381132752,0.0035515176882453046,0.0035515176882453744,0.009572660419168834,0.009572660419168396,True
2.5,6.003086689819722,1.9830723427183463,4.020014347101376,-0.8712627067404833,-0.39404946478797276,0.855365037856919,0.0076011298754295464,0.41625853983129113,2.8189774405520254e-07,2.8189774406522484e-07,0.006392674038589448,0.006392674038589425,True
2.5,5.076310407125656,1.2411148312871971,3.8351955758384593,-1.0399783848021982,0.4150648098204903,0.6611623423382977,0.0008119041480693645,0.011425658184387344,3.176920406156504e-05,3.176920406156555e-05,0.003161060122718452,0.0031610601227187837,False
2.5,4.548829333699715,1.563065312524919,2.9857640211747967,1.6407399786905574,2.6035186189334825,0.704227956293907,0.02528726247102736,0.04059466814986212,0.0009567194842663407,0.0009567194842644791,0.020832766010313152,0.020832766010314176,True
2.5,4.283947199466439,1.1048474749712038,3.1790997244952353,0.6129850049964173,-1.9542258611010825,0.6360680633247172,0.013994487801191557,0.6847772940953234,0.0003094800901019112,0.00030948009010198,0.002843440418066613,0.0028434404180663654,True
2.5,5.316351919113751,2.724778885147422,2.591573033966329,0.4992046266670126,-1.9984753589781887,1.3854522772720368,0.00745093499142635,0.6089124495329297,4.33926608642743e-05,4.339266086490897e-05,0.08688540851045307,0.08688540851045275,True
2.5,4.668034332873079,1.9186727620403126,2.7493615708327663,-0.6992065325055639,-0.24862452993740947,0.8736799212672436,0.016232187708044243,0.6003285387104285,0.0002531483668257136,0.0002531483668258205,0.027323962516051147,0.027323962516051282,True
2.5,4.343364687538769,2.452233730490273,1.8911309570484964,0.21248286328039112,-1.3104910593477284,1.2673012297657438,0.0032739719641654563,0.518671202862937,0.002283213421402435,0.0022832134214017235,0.1487157563033567,0.14871575630335637,True
2.5,3.987669786105964,2.4586717786203462,1.5289980074856175,-0.2856853906252296,0.0023451759263624083,0.9827603604822622,0.01852550216433757,0.48263424958963097,0.01108758390309152,0.011087583903091449,0.15792459973291087,0.15792459973290973,True
2.5,5.349510164671763,2.2237233078272283,3.1257868568445346,-0.015609065208377342,0.20160627083345362,0.8808331151781084,0.009139484235485773,0.4905890666153245,1.603105396429811e-05,1.6031053963948052e-05,0.01976770008067818,0.01976770008067751,True
2.5,4.699079494856229,2.6429042626574017,2.0561752321988274,1.5791712943762026,-3.1277187721770776,1.2162378755521246,0.002542242307118525,0.6288094098585285,0.0006626834405035692,0.0006626834405040494,0.10104990679307359,0.1010499067930738,True
2.5,4.564313009361218,1.827467435171164,2.736845574190054,2.212715913662107,-3.172271698911378,1.0358069894423727,0.009364632610640855,0.6838243813250899,0.00020744869384734093,0.00020744869384709024,0.028843831057253848,0.028843831057253962,True
2.5,4.8374512191229675,2.032625878556319,2.8048253405666483,-2.229809474555515,0.7332196318109498,0.9287197949521134,0.001719099210898578,0.06692252184906033,0.0003206605944660075,0.00032066059446503173,0.054110403520899096,0.05411040352090238,True
2.5,5.941248740297861,2.221488166562151,3.71976057373571,2.903113772879979,-3.4377307186689166,1.066790219096778,0.003126374387250941,0.6517791742342763,3.560455779123899e-07,3.5604557827195514e-07,0.011278767621126307,0.011278767621126173,True
2.5,4.057406553749783,1.7464294411062884,2.310977112643495,0.7081525083058116,2.0215178667349534,0.693921594446351,0.018165636837787658,0.09325856330962362,0.005737102775339967,0.005737102775338642,0.038323542038777025,0.03832354203877981,True
2.5,6.713775695546133,2.1592549632283617,4.554520732317771,0.44681727850300607,-2.8690332859579115,1.4079764750175523,0.0016373324769996533,0.6382912545916242,2.9312037534993267e-09,2.9312034321578224e-09,0.01578758571421755,0.01578758571421778,True
2.5,5.259843013495851,2.35882816331278,2.9010148501830706,-1.7713566194450823,-2.7290633991943496,1.4553031808367112,0.003080662409039203,0.680554337644344,2.593921706987753e-05,2.593921706971806e-05,0.0837866279137829,0.083786627913783,True
2.5,5.179085926478379,2.90648933119271,2.2725965952856693,-4.443892308492212,-2.4851895425803594,1.621701527247988,0.005403626999794242,0.6501859050307952,0.00016649733840263232,0.0001664973384026227,0.21229650947857595,0.21229650947857714,True
2.5,5.4123563045258445,2.342369801801412,3.0699865027244324,-0.9981130001662565,-3.1931040524940606,1.234091286156155,0.003899766565833185,0.7094681900043995,1.0519073363301877e-05,1.0519073363302607e-05,0.04081957678146332,0.040819576781463474,True
2.5,3.801048614615364,1.4846400909898239,2.3164085236255403,-0.07712181545476263,0.2132991400347526,0.7516193644796078,0.0008469595653493589,0.42563158499263154,0.004783601947158294,0.004783601947158311,0.029799550294380802,0.02979955029438127,True
2.5,4.760278261618833,2.9317584298519526,1.8285198317668803,-2.521825696426873,2.1320811877219965,1.062474980026058,0.0030862781674854123,0.020777751072490802,0.006265033815845863,0.00626503381582172,0.4046565880892167,0.40465658808919913,False
2.5,6.764096401631687,2.4666775047251757,4.297418896906512,-0.3767441538813465,-1.0426748644505937,1.1122915250706977,0.0009304925434135969,0.6047426423966231,5.146972819536265e-09,5.146972793056236e-09,0.011461956164504744,0.01146195616450466,True
2.5,4.63801805384594,2.342166318695014,2.2958517351509258,-0.5433991133187501,0.30624663727182,1.1422206119761773,0.00015276558448668043,0.5259859171380381,0.000664465044293377,0.0006644650442933918,0.10369553320636452,0.10369553320636475,True
2.5,3.0744632389512625,2.252231902514254,0.8222313364370084,-0.1273541171106331,0.6945066337518218,1.027574814120698,0.026502019567195334,0.48592555835535933,0.15606693272342576,0.156066932723426,0.418171064475987,0.4181710644759867,True
2.5,3.782679550708474,1.4411685871452762,2.3415109635631977,-1.2507464340193086,-0.0081869195912333,0.716746161366031,0.002187731949738758,0.25965085550208666,0.006251694465256694,0.006251694465256641,0.027377347881769605,0.02737734788176967,True
2.5,4.522673222368479,1.7402757713854824,2.782397450982997,-0.16242140789929,-1.6436051801854603,0.8306900635530644,0.009212971649605384,0.6659217059385292,0.0002763638046476491,0.0002763638046476655,0.017145324241367527,0.017145324241367218,True
2.5,5.4049811520668065,3.44295478584113,1.9620263662256767,-4.465843366931787,2.0556797953462995,1.3584164317540046,0.01645212925448919,0.021811176057526083,0.0010304610274228716,0.0010304610271022585,-0.7538121927700151,-0.7538121927700375,True
2.5,4.423665268144463,1.779004496246407,2.6446607718980557,-2.384190417345152,0.39699977730397396,0.8643878978627892,0.015299687239875681,0.017456786521016288,0.0013683333407207429,0.0013683333407217358,0.048099289834861676,0.04809928983486207,True
2.5,6.150435165807025,1.7105314752801615,4.439903690526863,2.9928979023299167,-3.614742005984594,0.9615171601134741,0.0036117478292415073,0.7007543980001489,3.8038489033208635e-08,3.803848923090158e-08,0.0031545054349162082,0.003154505434916233,True
2.5,3.698433435383931,1.9135065740942527,1.7849268612896785,2.6833261876595564,-4.42617446318018,1.2580215140238922,0.007396229009763,0.7454246437658414,0.0076202367380856055,0.007620236738085293,0.1396828649953845,0.13968286499538454,True
2.5,3.983317220916576,1.6928898630682845,2.2904273578482917,-1.0510012344846278,-0.05576673397929477,0.757541889676449,0.0075367423745757445,0.2988096574446316,0.0035092739042717827,0.0035092739042717853,0.033557645530424327,0.03355764553042395,True
2.5,6.277031695648752,3.2779017938308335,2.9991299018179185,-1.0414421407275838,0.017345237664819546,1.380300097982688,0.01914006526982187,0.5655845717969458,1.1526497229037682e-06,1.1526497228133938e-06,0.0838187139060197,0.08381871390602033,True
2.5,4.490613266199699,2.150081572873114,2.3405316933265854,-2.0669032449601756,-0.22144167565868178,0.9689987211850521,0.00036519171799209715,0.28473514732312316,0.0009717495059114949,0.000971749505911229,0.0689042381991729,0.06890423819917234,True
2.5,5.29045580640584,1.4252674368519282,3.8651883695539113,0.6161067001306701,1.7984618146826978,0.5382749505666602,0.0073468405728036035,0.05956078774530693,1.7899026316899193e-05,1.7899026316232934e-05,0.0018528603161410385,0.0018528603161387376,True
2.5,4.63211453119324,2.2518994901237064,2.3802150410695337,0.04587037629917836,-0.4375442338951361,0.9374032762315394,0.003726915698269717,0.5186535019834594,0.0004729852223586242,0.00047298522235915153,0.04839895730206785,0.04839895730206733,True
2.5,4.569744394954134,0.729041260754938,3.840703134199196,0.06680474688622681,0.5467172249648382,0.3890669391567768,0.003146012527507125,0.4046836451041395,0.00016256904099423892,0.0001625690409941596,0.00017600670269409368,0.0001760067026936856,True
2.5,5.7810966947303815,1.4097881455318064,4.3713085491985755,-1.0816022113181822,-2.4282297389272705,1.0724273661551647,0.012740222449799277,0.7496844000611876,3.226607724449004e-07,3.226607724456133e-07,0.007573131584730751,0.007573131584730681,True
2.5,4.48523611915371,1.693275381669449,2.7919607374842608,-0.2027847057141704,-1.5277415973931388,0.8921412550711689,0.004553448406321825,0.5705300181317727,0.00030838248294150016,0.0003083824829415547,0.021451166240864208,0.02145116624086384,True
2.5,3.5596830625126987,2.752076033688891,0.8076070288238077,-2.3377516999689796,1.7851906954951349,1.0555587139796776,0.02482485351806918,0.03466251657111158,0.21041029080829393,0.2104102908083119,0.7129831539408995,0.7129831539408933,True
2.5,4.247929095489692,1.605172942149685,2.642756153340007,-0.10700089757399302,-0.4906202354846829,0.6618093155431917,0.005822382519731051,0.4914450823483085,0.0008522283901477145,0.0008522283901477623,0.011389336173265357,0.011389336173266129,True
2.5,5.862374095773039,1.610981300669757,4.251392795103282,0.07265785876561512,-1.2243775168516902,0.8147782973099729,0.01375759844468577,0.5764426313321488,2.7244545120057613e-07,2.724454511016168e-07,0.0029097234612258174,0.002909723461225588,True
2.5,5.205551825029851,2.978055457469731,2.2274963675601205,-0.6288678379608543,0.6744178927198021,1.3309179309663381,0.0207503613508484,0.5130829888078849,0.00020943468201624753,0.00020943468201691068,0.16169269932127092,0.16169269932127184,True
2.5,4.434235462505815,1.853441428594004,2.580794033911811,-3.122424983026207,-1.4168351644953345,1.1303651867494653,0.04355584619252528,0.7055242615570699,0.0006948232200248418,0.0006948232200244662,0.08217722339724214,0.08217722339724269,True
2.5,3.9589291010023624,2.561002455630351,1.3979266453720114,-0.03373050583992231,0.5218168786792685,1.1233886263267499,0.039693965764514505,0.46559460395010566,0.0162036907032691,0.016203690703270067,0.23998472620399997,0.23998472620400005,True
2.5,4.784508168696646,1.86620747823369,2.9183006904629556,-2.2338126987404316,-0.4042762116948444,1.0717073343142698,0.0003764329787327436,0.6436227856862928,0.00017492785451689793,0.00017492785451735413,0.054686100903144005,0.054686100903143575,True
2.5,5.368466813082894,2.260159783852145,3.108307029230749,-5.183418290083115,0.05093514072244787,1.160595412547794,0.0011996300089012757,0.03255987372025576,5.3634227624961924e-05,5.3634227636691894e-05,0.18653263457334265,0.18653263457333633,False
2.5,5.903974236763618,3.302706941995888,2.60126729476773,-2.4564354191532556,2.216223911814356,1.2205016140697744,0.00441195751121759,0.08591947954831786,3.204761304080628e-05,3.204761301010643e-05,0.3476334113823953,0.3476334113823869,True
2.5,4.6076519549719706,1.6858208510051422,2.921831103966828,-0.9213677311728724,0.5753876585394508,0.8454832895586578,0.0018304209155070028,0.5315180931643464,0.0003584216636369102,0.00035842166363689104,0.026133427524082008,0.026133427524082146,True
2.5,5.015500626765422,2.4504633322246736,2.5650372945407485,-0.07647827898465547,-3.466365763757151,1.3528358646360217,0.000505856782492542,0.6890498800670718,9.620186451667055e-05,9.62018645168611e-05,0.08055115676729538,0.08055115676729545,True
2.5,4.477017208624597,2.0857873589242106,2.391229849700386,0.9408147861158356,-2.1244748980203028,0.9870713914175162,0.0058358443747836275,0.5875493993527972,0.0005484820034741678,0.0005484820034745786,0.04357382414528384,0.04357382414528422,True
2.5,6.340618971947746,1.549301373732856,4.79131759821489,-2.4960916550738093,-0.11868431986134598,0.8446961262488422,0.006872380068236594,0.020736593250581914,4.2194772957320914e-08,4.219477267507123e-08,0.0038491095053308747,0.003849109505330916,True
2.5,4.900744140149903,1.403170410421707,3.4975737297281957,0.6295028899335584,-1.729024196152268,0.8210017931695166,0.005004091787073395,0.5855299470270573,2.8255425711102244e-05,2.8255425711141645e-05,0.005852671071080304,0.005852671071080369,True
2.5,3.2028850037616,2.2114751015854663,0.9914099021761338,0.392489294950378,-1.9793728282395044,1.0651356042599893,0.0024678058523724955,0.6412205331265455,0.08053975812946837,0.08053975812946805,0.2937101234716827,0.2937101234716826,True
2.5,3.86392289875367,2.539974724140757,1.3239481746129127,-2.8550013413481428,-3.036053477566317,1.5728884905072797,0.0007141966141814282,0.6679553963163523,0.01886657243003852,0.01886657243003791,0.3835899171363417,0.3835899171363419,True
2.5,3.281030168216188,1.2992798485568249,1.981750319659363,-0.7284900596588769,-0.9080978241688452,0.7182397775804674,0.004885013313011499,0.4741774302088769,0.0193143572727853,0.01931435727278526,0.036914667617930295,0.03691466761792994,True
2.5,3.1195209135652866,2.4168527797435173,0.7026681338217693,-1.666306047278274,1.1594805286617786,1.1349488974298314,0.1356858479024164,0.15260678378088233,0.24847926466530865,0.24847926466530915,0.6851035195024858,0.6851035195024873,True
2.5,4.226001957662197,1.0504650992003377,3.175536858461859,-0.24510637445100794,-1.091899371406187,0.755209221189841,0.003554055190813088,0.6866978997262744,0.00048075041082665726,0.00048075041082668376,0.0073268146276773876,0.007326814627677487,True
2.5,4.813107646024117,2.3684048787320515,2.444702767292066,-2.2183150561493723,-0.6434678660974777,1.3234994216851994,0.006715362087766352,0.369812846701838,0.0003135323074538509,0.00031353230745298966,0.13488506072919443,0.13488506072919407,True
2.5,4.336593352266715,1.9766566863666573,2.359936665900058,-1.6082686594774305,1.1626912238682738,0.9208061420383296,0.004060962599967466,0.01530046540247898,0.0031844347491395745,0.003184434749140613,0.0965805779342365,0.096580577934237,True
2.5,4.029095522078303,2.7362252635431825,1.2928702585351206,1.1984207892017251,-3.6992108357792004,1.5226424105924163,0.0069865400953367796,0.639151013878529,0.014522476981242384,0.014522476981243627,0.31532258096798127,0.3153225809679811,True
2.5,5.041236332768945,2.6274325130795457,2.4138038196893996,-3.1953499600392536,1.2563593804433033,1.0634617209418236,0.0003051168422422701,0.038800645633902064,0.0005153910428831784,0.0005153910428769757,0.17421441186605344,0.17421441186605327,True
2.5,4.495561608373219,1.5087895494733115,2.9867720588999074,-1.2771387505490261,-0.9267548842072831,0.8499980260104453,0.010064426280547989,0.4262232412106615,0.0002983785191505329,0.0002983785191504912,0.01733180786464166,0.017331807864641224,True
2.5,4.950191204492249,1.4929849056731483,3.457206298819101,-0.20720891419844764,0.9500009344208955,0.9039095446774437,0.004989337991858744,0.3270733911813804,6.343113693024915e-05,6.343113693058559e-05,0.02002504448074331,0.020025044480743708,True
2.5,6.0310078267463485,2.5230407796126735,3.507967047133675,-0.7477346973391368,-0.40162873972217705,1.1300026037758362,0.004846438042038936,0.44825043953110927,6.547444153494652e-07,6.547444150843381e-07,0.027970905565532785,0.027970905565533135,True
2.5,4.659040625673077,1.4580838584199947,3.200956767253082,-0.08156080735577104,1.3073183060213514,0.7532051576733717,0.011541356518587176,0.0698149306072231,0.00031301314638893353,0.00031301314638892806,0.014692003198968708,0.014692003198969657,True
2.5,7.774235208047101,1.8292012206294666,5.945033987417634,-0.01118638629593728,-0.3337323151564038,0.9017283065106817,0.007514744594753486,0.5095252905661888,1.2639374141947871e-12,1.2640410821581786e-12,0.0011822622063442075,0.0011822622063437798,True
2.5,4.41489797624927,1.6957876431080046,2.7191103331412654,-0.1547712342525665,0.5807616955247767,0.7161143108355335,0.004708500850316877,0.5274941357969433,0.0006532751276593465,0.0006532751276593388,0.01679294036536266,0.016792940365362313,True
2.5,4.723938499391774,2.02030593027439,2.7036325691173837,0.040991091568463485,-0.40887903944142756,0.8580168598782707,0.03213503119253164,0.5211105288690007,0.00020482968282680404,0.00020482968282671025,0.02537129095911711,0.025371290959117464,True
2.5,4.104565438643765,2.2428150852526643,1.8617503533911006,-1.280550812387657,0.30185953060898574,1.131650246998021,0.0033024067597369755,0.5767939020440364,0.005539432433585543,0.005539432433585645,0.17622701568850385,0.17622701568850435,True
2.5,5.122107000680643,1.290590826818641,3.831516173862002,-1.7852913396247858,-1.5541688858913716,0.8277807290788527,0.008816260296728995,0.7364988025673449,1.2570252887393072e-05,1.2570252887476859e-05,0.005402941810474647,0.005402941810475102,True
2.5,5.264250513718925,2.3525010689491688,2.911749444769756,-0.4614745123953865,-0.42431054130274704,0.9209444737091698,0.0031350135655384137,0.5786170285085723,2.9702445694089394e-05,2.970244569392391e-05,0.027038970153986236,0.02703897015398685,True
2.5,4.925430387434893,1.7314603543099951,3.1939700331248977,-4.193730918717168,-0.7742661307389634,1.0408947964791186,0.0032072191365017377,0.021686827114322405,0.00012118483043966479,0.0001211848304406112,0.05547621641890128,0.05547621641890246,True
2.5,5.318808774072866,2.7374963343643817,2.5813124397084843,-0.27904022336141393,0.13572162855056136,1.1666566189991587,1.7713828674048582e-05,0.4455635632085924,5.7086456219453974e-05,5.7086456218735684e-05,0.07654487404929762,0.07654487404929747,True
2.5,4.463222148867395,1.1816488049078302,3.2815733439595647,-0.16020385654830133,-1.1813449310774697,0.6161729989668973,0.02197237931246837,0.669389565127457,0.00019304670861004637,0.00019304670860998001,0.0026760838655345187,0.0026760838655341362,True
2.5,4.231432511238207,1.5729620437373322,2.658470467500875,-1.8206694831351677,0.37209920779828876,0.7066061349335718,0.013981645061974357,0.01570600400542671,0.0020722822923468693,0.0020722822923471057,0.020488412814003022,0.020488412814003504,True
2.5,5.29255547841367,1.3703458242173343,3.9222096541963354,-0.13142428611837398,-0.13518615700187864,0.6528818835237937,0.002697867869545234,0.4442690418969447,5.9651148354137675e-06,5.965114835271366e-06,0.002008097740615741,0.0020080977406160445,True
2.5,3.0058824545460183,1.3609630188446185,1.6449194357013999,0.2961017806292784,1.252495058092875,0.6030122161279142,0.008187757322103084,0.30639367857683447,0.07215503996316354,0.07215503996316332,0.05431562091497734,0.05431562091497769,True
2.5,3.167613878846457,2.063532346706006,1.1040815321404511,-4.0380152790912565,-1.3178407664697362,1.3181204555046242,0.007912236971921227,0.636808271607819,0.09415140418187579,0.09415140418187523,0.545121898261675,0.5451218982616739,True
2.5,6.114728249539979,1.46064960774826,4.6540786417917195,-2.212947789162311,-0.12785819219020456,0.8458118334204824,0.010423400151176654,0.034745811655670145,1.4037190531815127e-07,1.40371904812313e-07,0.004231100845723607,0.004231100845724188,True
2.5,4.40935950034396,2.107776123841306,2.3015833765026543,-1.5275317361554936,1.1731618819478085,0.7638673855751006,0.002082448701010875,0.06823135889131066,0.0023953448613813514,0.0023953448613822305,0.050607681122268294,0.05060768112226436,True
2.5,6.061802572038542,2.244686307619697,3.817116264418845,1.0347240415039467,2.3666570431319163,1.0746216598457887,0.005709302040491582,0.33243945021461063,7.903479751546621e-07,7.903479783826486e-07,0.040764147494991035,0.040764147494990494,True
2.5,5.485122927541621,1.5905699830224598,3.894552944519161,-0.9194346308643461,-0.2565194100357431,0.7798121280847857,0.0014564742889214832,0.3312748542830184,3.1657413484660046e-06,3.1657413484816146e-06,0.004836439517308032,0.004836439517308028,True
2.5,5.696949876626348,1.2473365486243788,4.44961332800197,-0.8715514706030901,0.44463125369354284,0.5184720265526741,0.00045123282542114396,0.050750871368561046,1.1732570771941322e-06,1.1732570772348478e-06,0.0005186140028967641,0.000518614002897116,True
2.5,4.544272506748874,1.3542681481667886,3.190004358582086,0.050268581724052665,0.8436082668759721,0.5865521042833014,0.002959070039102507,0.48651205388603175,0.00029546286883860477,0.00029546286883867795,0.004309227710478644,0.004309227710477497,True
2.5,4.721080784215324,3.3544808732076814,1.366599911007643,-4.665047490684777,1.425120602091738,1.3933999914865474,0.04979818275283615,0.10264391912751147,0.011184178991867067,0.011184178991728824,3.852172647662958,3.8521726476626212,True
2.5,5.029868475838934,2.0333528177615308,2.9965156580774033,0.42218462786817174,-2.2671900389370183,1.044861121865663,0.01341441541912819,0.5247375403574848,3.923048971452582e-05,3.923048971461849e-05,0.02589715894950339,0.025897158949503403,True
2.5,4.935280494292096,2.403048784220822,2.5322317100712737,-0.996843974695898,0.3656627955947831,1.0226163808504585,0.018640472809431763,0.34301021364186246,0.0002067821718014403,0.00020678217180144102,0.06480122567071658,0.06480122567071611,True
2.5,3.580440882292672,1.7191463897116765,1.8612944925809956,-1.6521514757947555,0.40743370361897635,1.0742638624980547,0.013709958838783676,0.3490692258605754,0.021544176935648772,0.021544176935648973,0.22498296941316487,0.22498296941316503,True
2.5,4.7797299732230165,1.9822791625810388,2.797450810641978,0.6117891063787296,-2.121077328792455,1.035498639112365,0.0007148297152602123,0.5769312481729486,0.00011779369559590809,0.00011779369559574462,0.031249408777200314,0.03124940877720016,True
2.5,5.252617513486769,1.173205315684379,4.079412197802391,0.8117228248842836,-1.925718685311005,0.6249158307634649,0.0015779649071592239,0.6056305484626812,3.6447948070935363e-06,3.644794807026289e-06,0.0008209925740172947,0.0008209925740168056,True
2.5,4.498028343523158,1.7774948799862285,2.7205334635369294,-0.6453067560452197,-0.01646501826460045,0.8028151258934997,0.007379049587297959,0.5922016032148115,0.0004601989366421963,0.0004601989366420933,0.02235972687281585,0.02235972687281639,True
2.5,5.533240112276665,2.1944087407862933,3.3388313714903712,-0.38173078780633485,-1.759164446301662,0.9899573132096021,0.00910007218475517,0.6529797090520715,4.402716128800278e-06,4.402716128686561e-06,0.01719662133788776,0.01719662133788758,True
2.5,4.114353570563396,3.0886648891779114,1.0256886813854846,-1.8441241930536052,2.5214601452720466,1.2281724479044043,0.10090689056218494,0.018536418701617763,0.10990761628127256,0.1099076162812666,3.9793176959563605,3.9793176959563104,False
2.5,6.521987338684127,1.7022552594232017,4.819732079260925,-3.085097020628551,-1.2930941251483088,1.110543076249539,0.00893732105651851,0.22481722085837325,9.224962584096908e-09,9.224962364199229e-09,0.009710516414629321,0.00971051641462912,True
2.5,5.107932790410014,3.4263996218084936,1.6815331686015202,1.263103968939618,-3.3501412488690336,1.6518215324846948,0.0038748219663546357,0.6445191195400506,0.0009199299083712232,0.0009199299083698909,0.24702216787165235,0.24702216787165282,True
2.5,4.512937324510756,1.5184049431711675,2.9945323813395888,-0.06951529674076727,1.4323879479441253,0.7875211306196161,0.018263634028624076,0.049329252886207264,0.0006979798968238074,0.0006979798968238869,0.02401238926570835,0.024012389265708277,True
2.5,7.443614142201312,2.2479652285310587,5.1956489136702535,1.2187267810297973,-2.2095293699505167,1.0467846932869274,0.0013097181252644252,0.5998413085589848,2.1781872922481942e-11,2.1782172259319356e-11,0.0032021210963999467,0.003202121096399588,True
2.5,5.046541910132514,1.204645124577993,3.8418967855545207,-1.439343988311969,-0.052637280744886716,0.6447975537084792,0.016311044474896563,0.02513796101628407,3.06383410974386e-05,3.063834109752778e-05,0.0024890900634150217,0.0024890900634143838,True
2.5,6.055957041360899,2.2170530114601794,3.8389040299007196,-1.5632832221858761,0.3970090420298735,1.0503667576069815,0.007842930640530432,0.25343151214217075,4.4156828452656314e-07,4.4156828461433036e-07,0.022232114685164422,0.022232114685165175,True
2.5,5.489946206324248,1.771629846051079,3.7183163602731693,-0.6920976225530351,-0.9610779148052607,0.7329984423471199,0.00763632286285465,0.6440726236018034,3.1014551752593246e-06,3.1014551752464993e-06,0.004285303942536483,0.004285303942536565,True
2.5,3.531445955791115,3.04798226307812,0.48346369271299494,-1.1189683607384338,2.307863125309446,1.1219558655726687,0.0072953133351136845,0.10032284314203693,0.34497898642896296,0.3449789864289635,0.8651364663517657,0.8651364663517638,True
2.5,3.546063167615679,1.4677072047060857,2.078355962909593,0.43057760035973713,-1.5462658743576894,0.7226623284753583,0.012775711181228444,0.575810214996419,0.007937757090593961,0.007937757090594074,0.02750410074460238,0.027504100744602966,True
2.5,5.725276733608346,2.85390877935126,2.8713679542570856,0.7335821056313385,2.2650858854184173,1.0875933779124325,0.0022064675928423205,0.2621805011861852,1.4743571424227339e-05,1.4743571417907177e-05,0.08099879448567548,0.08099879448567014,True
2.5,4.93566841830309,1.7105993951243308,3.225069023178759,-0.054696681903718083,-0.8813459698105279,0.7123502990809594,0.004518950266572619,0.5728246956935971,4.37723525078751e-05,4.3772352508011835e-05,0.00656023718945975,0.006560237189460606,True
2.5,5.851995317986773,1.5638666736922162,4.288128644294558,-0.8133072336393874,0.2569374686091408,0.7463193246425467,0.0049565295825581,0.36801986993807195,4.995458844917427e-07,4.995458845520871e-07,0.003024029405004099,0.0030240294050040734,True
2.5,6.287910547288656,0.8936563789584223,5.394254168330234,0.060207467949141565,0.9602679190950107,0.3848646308366632,0.010310044888530878,0.0046580539170685276,3.176959161196556e-08,3.1769591423700384e-08,3.609309808792349e-05,3.609309808726389e-05,True
2.5,5.605800172314373,1.9881460203462535,3.6176541519681193,-0.5926294861336503,-0.7033285494412913,0.8874597071840202,0.013967429840798629,0.5813553465736591,2.41165111040839e-06,2.411651110318966e-06,0.010092502148506984,0.0100925021485075,True
2.5,3.9636349854697395,2.4848083070843736,1.4788266783853659,-1.370531883746551,-0.08370270390777068,1.1817715359632772,0.02169457342196679,0.3552226477430547,0.013805404083766041,0.013805404083766484,0.24990891937411022,0.24990891937411097,True
2.5,4.5189734809455695,3.0851788049340674,1.4337946760115021,-1.2867940170954062,1.436430711375694,1.4427184007956513,0.0068647180417539255,0.3038089998906966,0.008292232393605808,0.008292232393605114,0.5151686112178767,0.5151686112178772,True
2.5,4.548420012411547,3.6311480978299806,0.917271914581566,-0.8153781047370088,-1.0496818587599754,1.4150497052497306,0.0006177831125879774,0.5886137881407535,0.02799580521865127,0.027995805218653854,0.44563111245370496,0.4456311124537031,True
2.5,4.584031255215505,3.472007950981625,1.11202330423388,3.188817436073978,-4.137607820042751,1.809938475988381,0.004463990357119141,0.6546924345395728,0.012462422348788183,0.012462422348789028,0.4195228983689773,0.41952289836897694,True
2.5,3.6705187918582656,2.525255235847701,1.1452635560105646,-0.8578899649986149,-0.6515988452368313,1.1316544909544652,0.005362247073249171,0.543204110148223,0.038880154671476354,0.03888015467147626,0.29533367873753175,0.2953336787375327,True
2.5,5.649640699808602,1.4830171673727515,4.1666235324358505,-0.3117183203362677,1.138043334173553,0.7341717141457722,0.002597399686532109,0.3699557650905473,2.319561717697464e-06,2.3195617178765865e-06,0.004216206103881187,0.004216206103881672,True
2.5,2.9147485959892223,1.9293297964388012,0.9854187995504211,-0.6981489515999145,-0.7923063913951567,0.9105527902734947,0.004849740837740035,0.46023958708541823,0.12251745521544737,0.12251745521544742,0.26817843632049254,0.26817843632049204,True
2.5,5.781028067609835,1.5020297180015383,4.278998349608297,-0.28763079101969596,-2.047467175000107,0.9114830173407723,0.008543277629217305,0.7094393451738363,3.4685310645116956e-07,3.4685310646462373e-07,0.003954230437945557,0.003954230437945325,True
2.5,7.508301126867027,2.134456827822178,5.373844299044849,-0.7809322166173586,0.7794265882611229,1.0669450192307501,0.0024915204692768644,0.37629426357948037,2.6198053247541474e-11,2.6197955876971453e-11,0.006570759967933147,0.006570759967931477,True
2.5,4.5006966728728415,1.9542463899685674,2.5464502829042743,-0.05317595673447997,-1.8172330492294613,0.9177638389586479,0.006295139633596958,0.6354901446543968,0.00042072590544092004,0.0004207259054408062,0.03139154382152602,0.03139154382152612,True
2.5,5.147102958052875,2.534665302052476,2.612437656000399,-3.3124642803678594,-2.575720794477499,1.3975361804227662,0.0026365129749494343,0.6906971034531092,7.437506317728214e-05,7.43750631769367e-05,0.10677442690710726,0.10677442690710652,True
2.5,4.422164703097382,2.0908593198502126,2.331305383247169,-3.6904432258737883,-0.8604421634439354,1.2467954379776414,0.0014996040822348733,0.6820539933687,0.0012787238215065829,0.001278723821507507,0.1718364039087041,0.17183640390870317,True
2.5,3.817525697222519,0.9811440610694135,2.8363816361531056,-0.34511590043673585,-0.21972713931272114,0.5138553267733859,0.0002290417908360487,0.5900005410458485,0.0028455962778061897,0.0028455962778062074,0.0028272308042732145,0.002827230804273382,True
2.5,6.163715251034763,0.8929646284195242,5.270750622615238,0.37877449628630944,-1.6107418284064958,0.6026740804296559,0.004753118667330247,0.5847208890421305,1.9359780895846637e-08,1.9359780916838453e-08,0.0001553062552778664,0.0001553062552776952,True
2.5,4.898323370030479,2.4925505270279418,2.405772843002537,0.85611635469674,2.33519083429214,1.0577624571653454,0.00471581539219923,0.31607507698869164,0.0004938084488788889,0.0004938084488767921,0.125983981676416,0.1259839816764173,True
2.5,4.805887685398758,1.7131008290886933,3.092786856310065,-2.3853204338075336,-1.1556700296300657,1.1587108072028787,0.03280074157517848,0.560652011842207,0.00010741371251971328,0.00010741371251996544,0.05381846330958023,0.05381846330958025,True
2.5,3.197541738054075,1.8519876882076463,1.3455540498464287,0.07570262566839574,-1.983712599750304,1.0115911249696703,0.010053013506987951,0.5553649839219734,0.042588133174119185,0.04258813317411936,0.17894245757210656,0.17894245757210675,True
2.5,4.705092698895614,1.030120745646141,3.674971953249473,0.7423447878777186,-2.327236434270061,0.7055984167983194,0.007615104008081353,0.7428263676058747,4.3680679968203456e-05,4.368067996813058e-05,0.0020743654222634494,0.0020743654222634164,True
2.5,5.201854123316956,2.523653586211515,2.678200537105441,1.772819194369913,-2.6904191761087333,1.0822325820273593,0.012162912713429508,0.616445487057331,4.3669020903247007e-05,4.366902090258906e-05,0.04006969140212083,0.04006969140212089,True
2.5,5.786043634709123,2.2986133850313646,3.4874302496777583,-0.8873460306468628,0.5996808529384745,1.068582907126281,0.017931430460498,0.3054286325754121,2.254759814481387e-06,2.2547598145294457e-06,0.03099067189319065,0.03099067189318982,True
2.5,6.379012271805859,2.1365414649953878,4.242470806810472,-0.5997144818825755,-1.3329147965708372,0.9816097336488362,0.05283936092305136,0.46224501376618105,3.06076584026231e-08,3.06076585465097e-08,0.007178576701908037,0.007178576701907798,True
2.5,4.644236633868386,1.7984834101800131,2.8457532236883725,-0.5135442137990166,0.18577978592486177,0.8314195326029348,0.0012579821716318662,0.5644458069099064,0.00025950471604543245,0.0002595047160453225,0.022229385798515532,0.022229385798515095,True
2.5,5.796622073660286,1.825983367027029,3.970638706633257,-3.4694430676348595,-1.8962301473225294,1.1681439761356023,0.0054278722871315965,0.7138652942256487,7.46645693128474e-07,7.466456930274113e-07,0.022576357376838312,0.02257635737683893,True
2.5,2.47634181447412,2.322031727564765,0.154310086909355,1.4520168772303066,2.4347769115333238,1.12547920459662,0.38747903423838,0.2937604709240395,0.7830749519358275,0.7830749519358355,0.9198079770852847,0.9198079770852892,True
2.5,4.086430836929894,1.5219292303429366,2.5645016065869575,-0.07000148158079504,-0.6122019102043752,0.8562101337084022,0.0037519260750847883,0.4884453769845499,0.0014184354254133896,0.0014184354254133192,0.027754478519133888,0.027754478519133857,True
2.5,4.320502938618209,1.0561544908329759,3.2643484477852334,1.2105190598948647,-2.2884979693447143,0.6521493683444477,0.007788592219405366,0.6425165038480731,0.00023064146614173292,0.00023064146614179234,0.0025154417857623543,0.0025154417857624184,True
2.5,3.0630835919178905,2.5039449789468167,0.5591386129710738,4.6200096791524095,-5.202283173784019,1.4570647565940837,0.007149799465134832,0.7240231351963278,0.21639165275695116,0.21639165275695094,0.5816847919713861,0.5816847919713865,True
2.5,3.9853635694863234,1.5331156678392703,2.452247901647053,1.5291726138185338,-2.647692577945796,0.8062168371496845,0.012419042926407053,0.6847116272674878,0.0015242103937734047,0.0015242103937733974,0.0194211361400621,0.019421136140062075,True
2.5,4.978242396326857,2.312640991923215,2.6656014044036422,-0.30972791543120287,1.7837923233047897,0.9273571035398618,0.0056413196274329724,0.1404671586653587,0.0002540517593896386,0.0002540517593909305,0.06409253997698157,0.06409253997698375,True
2.5,2.449010835873523,2.3213903186039238,0.12762051726959944,-2.789113200775111,0.5984464452801976,1.2951168496173646,0.18636165530908166,0.13733771952590274,0.8468248620273667,0.8468248620273675,1.0520150967637882,1.0520150967637805,True
2.5,3.7121244603016255,2.6375910590288476,1.0745334012727779,4.520573365504498,-5.142831829692611,1.5755474618026906,0.0001550465012680191,0.7002731794133542,0.03503969540249793,0.03503969540249956,0.3793965552344405,0.37939655523444044,True
2.5,6.709495707979511,1.4321817056707353,5.277314002308776,-0.1541561082092043,0.5384517039690613,0.6932454177161719,0.0017126767612188898,0.33681649951824405,2.1916829368131972e-09,2.1916831681342344e-09,0.0007752535837592542,0.0007752535837601384,True
2.5,4.729507960113322,2.0358101874950805,2.6936977726182416,-0.009244534061212631,-1.8677278442031067,0.9089425614766751,0.01378495321417289,0.6565376751719338,0.00017383778382280295,0.0001738377838229722,0.025809902708970336,0.025809902708970312,True
2.5,5.89944777213654,1.6847738622307742,4.214673909905766,-0.6134843648817618,-0.49629222925396466,0.7690242596539915,0.00608385688639379,0.4825509251468929,3.1274121719343056e-07,3.1274121710405503e-07,0.0030552731583001844,0.0030552731582996558,True
2.5,5.175660057823119,2.3297696542318937,2.8458904035912256,0.482054335055404,2.132599153310144,0.9905209257903386,0.02303109307030593,0.22891484533236484,0.00010147410774433697,0.00010147410774386729,0.06836815067174322,0.06836815067174581,True
2.5,3.2998571958747247,2.0949535431969246,1.2049036526778,-1.1671392268663232,-0.3503788485037319,0.987175691747726,0.0020484964006868833,0.5640118423735601,0.05876371913429013,0.05876371913429022,0.2442604265986527,0.24426042659865346,True
2.5,5.66307894369484,0.8264002045385035,4.836678739156337,0.030379091653534494,-0.8321301120637454,0.4061321984134804,0.01587991235518499,0.662233534232596,4.2477704178161165e-07,4.2477704180260166e-07,4.4284904554092604e-05,4.428490455442727e-05,True
2.5,6.379100049997836,2.2582117532084003,4.1208882967894365,-0.7546023999365661,1.1749221360381026,1.0477210564634867,7.507287779207061e-06,0.22801128357283001,8.307977428495317e-08,8.307977397983692e-08,0.02057400230002682,0.02057400230002589,True
2.5,4.856033203443515,1.1279725954364597,3.7280606080070555,0.7702596526860835,-2.2629222258429023,0.6989362596698667,0.005113805850821718,0.7168870013776485,2.387519571106289e-05,2.387519571103934e-05,0.0019298957785942573,0.001929895778594059,True
2.5,4.234906740647257,1.0657021822795343,3.1692045583677224,-0.02711854372053997,-0.5440727046262883,0.5985591294397642,0.02086492999429085,0.5241093966465104,0.0005051071239152972,0.0005051071239152395,0.0029470177766151265,0.0029470177766151248,True
2.5,5.243951411034873,1.3917186695330537,3.852232741501819,-0.8352150091198536,-0.793387227344958,0.8020649391020327,0.00846494497728062,0.6618406772708102,7.506286962584416e-06,7.506286962582294e-06,0.004771135847418577,0.0047711358474181835,True
2.5,4.658950178273556,1.384312576632288,3.2746376016412677,-2.4242436966716805,-1.4719043218415508,1.0090642044746663,0.010978461947791951,0.7334542270125508,0.00014138736093775666,0.00014138736093794892,0.027274785064518487,0.02727478506451802,True
2.5,5.100899087517746,2.3684947606188147,2.7324043268989313,0.15756093807450886,-1.4066038171178459,1.0922261969291127,0.0008333651678535947,0.6062670795197405,5.920486497414909e-05,5.920486497428647e-05,0.04394238921568042,0.04394238921568048,True
2.5,3.8578549313664228,1.9014332272583483,1.9564217041080745,-1.275798190539831,-0.015666981508795086,0.9351254198162128,0.012294399369806253,0.5354402538872467,0.007574141728281319,0.007574141728281199,0.09664688194418135,0.09664688194418117,True
2.5,4.111809478400966,2.032777392289489,2.079032086111477,-0.16375419931729146,0.2810731362251384,0.8977020947946771,0.0195418596690784,0.5247106241048082,0.003224343220638262,0.0032243432206382214,0.0692977055521474,0.0692977055521473,True
2.5,5.575594845949746,2.561338307702014,3.014256538247732,-3.2868134879049378,0.35579694902751724,1.06374410143994,0.002730062372828912,0.17996194294709789,1.6132520854873877e-05,1.6132520851364047e-05,0.061397275133653784,0.06139727513365856,True
2.5,4.549333027217859,0.8402543843081942,3.709078642909665,-0.030719599613735916,-0.020895429790924736,0.38649731743008975,0.017995530226055323,0.4527177579264004,0.00014013846792886698,0.0001401384679288926,0.0001994893368264455,0.0001994893368275258,True
2.5,4.0854819014952515,3.119498658460604,0.9659832430346476,-0.32556059725409076,-3.2596120265796116,1.4839830153889555,0.004131084652494399,0.6449595415626228,0.03513634635579254,0.03513634635579231,0.42034008761679,0.42034008761678954,True
2.5,4.180276740412164,2.6891650116972947,1.491111728714869,0.332246677659105,-1.219002524793707,1.1594541480121578,0.04837949412779757,0.5536215644788044,0.007816387157906444,0.007816387157906262,0.19156920865935437,0.19156920865935528,True
2.5,4.571553350578127,1.1220285857275345,3.449524764850593,-1.6296237977639623,-0.6886321406307753,0.7724461094070517,0.00535831876889159,0.7090854322317423,0.00019588184859617552,0.00019588184859615476,0.007986893245854478,0.007986893245854202,True
2.5,5.533258430377659,1.8087553484970662,3.7245030818805924,-1.3007820544040418,-0.7681699197581324,1.0127930289752303,0.010459970004859931,0.5672143714581352,2.9535211656481545e-06,2.953521165628694e-06,0.015192142579453094,0.015192142579452983,True
2.5,4.984183994261261,1.8463438341088094,3.137840160152451,-1.6741881059008266,0.7176205639840143,1.0648894135408513,0.010759916675719183,0.08946784765896604,0.0001108449180657557,0.00011084491806524795,0.066826542483145,0.0668265424831452,True
2.5,5.330228873293193,2.548412231802289,2.7818166414909045,-0.9950816378378379,0.9029891249216115,1.3043868079595435,0.0066610002155212955,0.2822302858157052,4.68045995700918e-05,4.680459957008279e-05,0.12281159696733937,0.12281159696733959,True
2.5,3.0161109452560755,1.0462601938404692,1.9698507514156063,-0.6867011139001823,-0.025288732355300714,0.4897177510507893,0.006343115596337323,0.18353361034502125,0.04510709485412963,0.045107094854129656,0.012074091575681081,0.01207409157568053,True
2.5,6.095381864882192,2.3290303403538126,3.7663515245283796,-1.2975081371923258,-0.5302563185726313,1.1630738750283933,0.009663332600855612,0.41400021588624447,3.084527053777363e-07,3.0845270533967075e-07,0.024935011748989128,0.024935011748987893,True
2.5,5.612363185069852,1.7275287210580745,3.8848344640117776,-0.44712793781009313,0.8108533165870933,0.8395978029341736,0.004733873399344446,0.3966362919349696,2.67820261572132e-06,2.6782026159089183e-06,0.00878775146196137,0.008787751461961573,True
2.5,3.7723331435744294,1.270834886573174,2.5014982570012556,-0.22747306163229356,-0.05460957938125399,0.6574101572757068,0.002783506819194148,0.5824324930329481,0.004143037170072176,0.00414303717007225,0.013666294395372236,0.013666294395372206,True
2.5,4.029977475192891,1.3500582108759351,2.679919264316956,-0.051198283813809434,-0.7946661200251006,0.6905647798489436,0.003144362730686745,0.6154884437892361,0.0013996281492362657,0.0013996281492361848,0.010774080274383795,0.010774080274383044,True
2.5,5.613322193028236,1.7532483800107104,3.860073813017526,-1.7583288025540338,0.11634755654446716,0.9727168419327028,0.011092221661137158,0.2514362588344569,2.7922301911379686e-06,2.79223019080138e-06,0.01642122850655842,0.016421228506558968,True
2.5,3.453327921684403,3.189223473792729,0.26410444789167364,0.10268280392145661,-2.8672284590603425,1.4548012570574553,0.0032485177360895845,0.6192564339209226,0.4318024798887185,0.4318024798887211,0.786287536913015,0.786287536913015,True
2.5,5.420341741050613,2.633538576479665,2.7868031645709483,-0.4619378405706243,-2.0798769484397277,1.2484270413349488,0.000249863253930116,0.6293050432728025,2.0748008120419042e-05,2.0748008119953652e-05,0.05862689192597275,0.05862689192597235,True
2.5,4.583618464889202,1.7451301416257758,2.8384883232634266,-0.38054245647948876,1.1249946125701449,0.6305926579212772,0.01260587494060672,0.1663267384186808,0.0004963338769157019,0.0004963338769159834,0.011759957846426153,0.011759957846425577,True
2.5,6.211062376140812,1.9689382072846877,4.242124168856124,0.17734325701299744,-1.6862642430324797,0.9425842648688872,0.0020689070745362748,0.5222167999945828,5.670338641094389e-08,5.6703386594493574e-08,0.0053508052894765375,0.005350805289476519,True
2.5,4.134107983978788,2.675134153834389,1.4589738301443993,-1.18977454938975,-1.0820876586338688,1.2050523779943392,0.006334243420556662,0.5882951223007519,0.009750092089481069,0.009750092089481245,0.22766820386009715,0.2276682038600969,True
2.5,6.088664818274813,3.028675253055141,3.059989565219672,1.1827608676356072,2.6372467069269523,1.1708334815232955,0.007401409935785641,0.24916661118084749,3.1632797256883535e-06,3.163279699527345e-06,0.09501403507880449,0.09501403507880798,True
2.5,4.5315637729194105,2.399437863857168,2.1321259090622426,-1.5136712152979348,0.17709510971726994,0.9951220135856012,0.04825977832224787,0.33492330470989584,0.001290077441087706,0.0012900774410873992,0.09334155221793865,0.0933415522179407,True
2.5,3.387818685186078,1.3077323625514745,2.080086322634603,-1.1823897083404145,0.4022188961114568,0.6032504209981163,0.025943890800393277,0.011922817369783179,0.027678485982355477,0.027678485982355474,0.025322527787778815,0.025322527787779294,True
2.5,6.566537529837809,3.380650469088153,3.1858870607496557,-0.9037092781674074,2.0869936517835046,1.486441206515934,0.0014247528603206217,0.4070783823307904,4.471771198693686e-07,4.4717712234405774e-07,0.24234115659201041,0.2423411565920113,True
2.5,5.778615203167304,1.5492097872178476,4.229405415949456,-0.41066072869744474,-0.3936193485185048,0.716062186241531,0.0022918693443624294,0.42181567245454166,5.213644209088939e-07,5.213644210057631e-07,0.002160028703222328,0.002160028703223326,True
2.5,5.429527927691095,2.0051603213552722,3.4243676063358226,-0.9003739172094267,1.3437439551525272,0.8334022382581807,0.005164751466878059,0.11799819039498688,1.7283706763413928e-05,1.7283706763504658e-05,0.019013396359614052,0.019013396359614923,True
2.5,4.648556665070816,1.3954718644759039,3.2530848005949125,0.07916736717011913,-1.0561528261009214,0.632644651639826,0.004327874171629942,0.5355444418502792,0.00010500898979477356,0.00010500898979472297,0.003459342137631301,0.003459342137631587,True
2.5,6.127657936793082,2.7946604319011943,3.332997504891888,-0.4096744661814716,-0.694469658208535,1.1897595774701266,0.0068157170228393404,0.47760033321892126,6.553517333722933e-07,6.553517329875623e-07,0.036241213422830945,0.03624121342283137,True
2.5,3.1306396641080667,1.9955786126144865,1.1350610514935802,0.5295359594866274,-1.5859468720446415,0.9161572997917866,0.007369015108872112,0.5621211390915828,0.06662098508499825,0.06662098508499854,0.19800866171625908,0.1980086617162594,True
2.5,5.180715865792856,2.495004201948742,2.6857116638441143,0.2121218601297647,-2.182554884104409,1.3103991631503273,0.014121558965041525,0.6469999099332207,4.9606840896846735e-05,4.960684089646462e-05,0.0697240778626907,0.06972407786269048,True
2.5,6.154588774812477,3.1048902956545645,3.0496984791579123,0.08315942054510166,2.069467398672445,1.210438472854137,0.001120304082956991,0.25809618374088605,2.31709993102644e-06,2.3170999399778903e-06,0.09489928477201597,0.09489928477201831,True
2.5,4.2572716394067704,2.6141332230778866,1.6431384163288838,2.925056447465934,-3.5127800049325986,1.221537373795485,0.010565047466273236,0.6179555630518471,0.004092347517545569,0.00409234751754568,0.15244417006393965,0.1524441700639392,True
2.5,4.524411124891808,1.8615836300525757,2.662827494839232,-2.516640244610093,0.43950392818818784,1.2737879573674022,0.007164410661514353,0.6069305746461533,0.0010209300574908274,0.0010209300574905832,0.3212083969785294,0.32120839697852777,True
2.5,5.161392380740355,2.8296349501945497,2.3317574305458053,1.1196603437744184,2.745887856889615,1.1523385374810824,0.011601859718492757,0.18307315489167209,0.0003318709488753663,0.00033187094889047076,0.19597526194865186,0.19597526194865061,True
2.5,5.100364939680569,1.4743556839134762,3.6260092557670927,-0.8358359840196975,-0.23836862334899322,0.7009825133487515,0.01076755676437241,0.5915311363522989,1.9874254722895384e-05,1.9874254722910756e-05,0.004183289793615894,0.004183289793616384,True
2.5,2.100339033817944,1.538937756367919,0.561401277450025,-0.16412020119346632,-0.6233178446182883,0.8902703839870468,0.06570255052830798,0.5277276229422119,0.4264377592402157,0.4264377592402156,0.48526892450087805,0.48526892450087833,True
2.5,3.65355922873246,1.9477377238967626,1.7058215048356975,-2.1949763434154583,0.9027965216436487,1.0512690528170043,0.0012339981270293454,0.0182084917256381,0.03871502509694757,0.03871502509694741,0.3465741292223808,0.34657412922238173,False
2.5,5.132867392439273,2.1314909530946147,3.0013764393446585,-2.59439727197277,0.9819017897953042,0.8772490480947917,0.009472702646458886,0.01860487336491179,0.00013935061776332823,0.00013935061776601304,0.04154174531689852,0.041541745316896715,False
2.5,6.627283641135913,1.5988502649283796,5.028433376207533,-0.31235467371390263,-1.2963095950035248,0.8060254222341116,0.010399253686359744,0.6380232433959905,2.5844611005082557e-09,2.5844611412202896e-09,0.0012957363888860475,0.0012957363888858697,True
2.5,4.072213999208854,1.7579314389997018,2.3142825602091524,-2.486221998696443,0.3919983117835848,0.7498283324022464,0.004938790800586623,0.016473047223041548,0.00577863656993152,0.005778636569932646,0.04318281193365279,0.04318281193365352,False
2.5,6.548086980815396,1.8143107439913724,4.733776236824023,-0.16246624453875955,-2.025961262848004,0.874527683515274,0.0016336375797687541,0.6647957111248781,5.22768266069999e-09,5.227682737981491e-09,0.002338152952143391,0.002338152952142923,True
2.5,4.685896337267871,0.5841194954461518,4.101776841821719,-0.2904830986794983,-0.025811685881497626,0.28518365893798786,0.0056339739304016034,0.09550504858051562,8.19166195201007e-05,8.191661952009047e-05,1.905003398607364e-05,1.9050033986075363e-05,True
2.5,4.834323325720353,1.2745177394315872,3.559805586288766,1.1357437051202457,-2.1328554484360307,0.845800088712184,0.005250001243955471,0.6512455159801851,3.0282391477945874e-05,3.0282391477990137e-05,0.005480701439236663,0.005480701439236593,True
2.5,4.539006791755556,1.6630129686202373,2.8759938231353184,-0.2849625136314688,1.2010301069011895,0.6898905860451057,0.003879409809903034,0.13567356391842827,0.0005795327956972675,0.0005795327956975462,0.015052328061289534,0.01505232806128855,True
2.5,5.573339699315975,1.8811874831257844,3.6921522161901903,-0.39778849237308417,-0.7057738392937933,0.9361591685628046,0.02367438878410738,0.49379022889379354,2.3619871233876196e-06,2.361987123240963e-06,0.01073484897254764,0.010734848972547487,True
2.5,5.150259941032026,2.6811883937604413,2.4690715472715845,-0.09540071563026338,-1.2735284538703078,1.1560237047871427,0.0005911592220406159,0.5062264906611057,9.797594324693538e-05,9.797594324791701e-05,0.06973866059714628,0.06973866059714677,True
2.5,4.775548251920218,1.651706975708097,3.1238412762121204,0.33769943340961617,1.4063767873066144,0.8628567569809499,0.0011427360263547293,0.2643767053074351,0.00017812298960391592,0.00017812298960440538,0.02497293023135373,0.024972930231353867,True
2.5,4.191389769186273,1.6569022357890044,2.5344875333972685,0.7421532339639243,-2.2715704508037162,1.015751642480146,0.0015119958980209791,0.6494225550328471,0.0008692539622766263,0.0008692539622764438,0.03892328979085751,0.03892328979085739,True
2.5,3.8370359737112203,1.9423319090261884,1.894704064685032,-0.5667811398710427,-2.670258471457652,1.0999822734249824,0.007482979502212939,0.7116643600757001,0.005774021940109946,0.005774021940109887,0.10767614468352943,0.10767614468352972,True
2.5,3.0006381111439424,1.9293398686137064,1.071298242530236,-0.40759759771463044,0.23208571499059083,0.8511990809699289,0.010155662086073047,0.4902741669346798,0.10763931855196877,0.10763931855196887,0.23371352093039754,0.2337135209303984,True
2.5,5.668527154881297,0.7376449069978623,4.930882247883435,-0.18478878656126965,0.20366767841018296,0.5103472054319194,0.014741809306758946,0.5929068833860887,6.727661646834139e-07,6.727661647447751e-07,0.00015977938476090164,0.0001597793847609341,True
2.5,4.992008615396817,1.6774683824642278,3.3145402329325897,-1.6923434358244969,-0.4575782761501359,0.9034179468125498,0.00720182266965258,0.6454660257017275,4.667115240362364e-05,4.667115240383845e-05,0.017457366828743985,0.017457366828744585,True
2.5,5.03807193532386,1.703132318112539,3.3349396172113206,-1.6655228155564996,-0.551476800009201,1.0483625395977136,0.005109566772765917,0.4027341117950667,3.6969242573306986e-05,3.696924257343322e-05,0.029664876406374236,0.029664876406373244,True
2.5,5.338594009677598,1.9224137369192533,3.4161802727583446,0.6468896270222553,-2.5304530493555584,0.9650651428388582,0.0019005674933254557,0.6790332848325678,6.493884544248734e-06,6.493884544433512e-06,0.012092225858594178,0.01209222585859402,True
2.5,5.754008296523092,1.8431293542905367,3.9108789422325554,-1.2374272332889575,0.8469157016463371,0.8010382290183425,0.004289163143253449,0.13643552355654343,1.9324585422028685e-06,1.932458542280762e-06,0.008360344674805049,0.008360344674805587,True
2.5,3.6525429519094574,1.5198091939487082,2.1327337579607493,-0.12096798172489094,-0.9613168142058623,0.7533407033106857,0.012711283024866571,0.5973934145788959,0.006644073147469611,0.006644073147469515,0.03198605052944108,0.03198605052944137,True
2.5,3.8771917945617904,2.391267823153706,1.4859239714080843,5.8557818538555075,-5.688309313287635,1.5267516740776015,0.009965515594198393,0.7347095958047112,0.010064010401791893,0.0100640104017924,0.245846700079808,0.24584670007980763,True
2.5,5.598746736336165,1.799077107151283,3.7996696291848817,-1.6006532912282,-1.0137508276053968,0.9581187040273146,0.0007626589333119549,0.3443747952893788,2.01786033622161e-06,2.0178603361243363e-06,0.011180311402336787,0.011180311402336503,True
2.5,4.628546692092164,1.2172957266691105,3.4112509654230534,-0.16325733626346442,-0.8332752287461375,0.601514682963304,0.01353227016452957,0.5493225494067238,0.00010361301229429269,0.00010361301229424178,0.0022089371039978995,0.0022089371039979407,True
2.5,4.1954771420346155,1.8578108777096725,2.337666264324943,1.3662290473715042,-3.1712105982054517,1.1735507212871144,0.0037468210925343803,0.7053055302171388,0.0010990343458891366,0.001099034345888944,0.06847434092349258,0.06847434092349264,True
2.5,6.021463831822606,2.8014653521527606,3.2199984796698455,-2.3588018139839395,-0.8849876761107217,1.4440985325951277,0.023427481426899655,0.41244804602992363,1.394666794242154e-06,1.3946667937654833e-06,0.07973870089998014,0.07973870089998004,True
2.5,3.851220302627822,2.229498704307907,1.621721598319915,-0.11912241950988613,0.125407230622417,1.0764871480463933,0.0024042222644276023,0.5300087533083008,0.011638689608017928,0.01163868960801808,0.17110928321195537,0.17110928321195515,True
2.5,5.056165352466774,0.7158936377157187,4.340271714751055,-0.2480407926230923,-0.8436462562006103,0.4756195666641366,0.001175719582103829,0.5320122241110639,1.0267634076794578e-05,1.0267634076749021e-05,0.00015832771927967094,0.00015832771927930007,True
2.5,4.9704799629205345,2.336866154278632,2.6336138086419023,0.20905065201963516,-1.1633758441879198,0.9237164349919549,0.0006584036474475696,0.5810042336078141,0.00010671723672005762,0.00010671723672015444,0.03259029627310984,0.03259029627310973,True
2.5,6.090863348727257,1.6037080431214987,4.487155305605759,0.5107301885833739,1.4296719708600305,0.6791387343673312,0.009656968920120801,0.3569224758254406,1.6968994712278047e-07,1.6968994671032362e-07,0.0021489277626641433,0.0021489277626651373,True
2.5,6.345105829431146,2.1828493256854125,4.162256503745734,-1.6886512111917424,-0.6523402688541915,1.0543241569780915,7.807602397763569e-05,0.4866985455819705,5.2685642687758736e-08,5.2685642862693334e-08,0.012540903923682256,0.012540903923681325,True
2.5,5.5176718654182135,1.9346347724117625,3.583037093006451,-0.7113099636900221,0.37692731562647763,0.8942364102388853,0.01187224367250661,0.5472796506725437,4.910484265777282e-06,4.910484265872187e-06,0.013756692446127263,0.013756692446126506,True
2.5,6.462670832319899,1.0558014757808276,5.4068693565390715,-0.4844845485595637,0.009969054943837374,0.7116819349154728,0.015243084401708962,0.3777222489145522,7.072527439260516e-09,7.072527507801645e-09,0.000601162222312324,0.0006011622223119213,True
2.5,5.579786779914351,2.109141891020117,3.4706448888942343,-2.596355915208382,1.0381020222061617,0.8447874587989245,0.0036422597165416404,0.018542682962292723,1.610422809479892e-05,1.6104228090266344e-05,0.02272925489077761,0.022729254890774667,False
2.5,3.623881920373413,1.2860474000768487,2.337834520296564,-1.4763985817479215,0.1303399973248629,0.6587397346026082,0.02838256010955248,0.012588794860482866,0.012253887589962814,0.01225388758996281,0.022557373870326126,0.022557373870326268,True
2.5,4.438735163396404,1.2566307248302062,3.1821044385661983,-1.278419893306357,-1.000816380430003,0.8638160759024621,0.001566436481719724,0.5781238397536355,0.00029768571614027106,0.00029768571614024054,0.014998758853577274,0.014998758853577604,True
2.5,3.9010385206454057,2.179341330924358,1.7216971897210476,1.2020142811333288,2.2515576136710767,1.0082099485244533,0.008291117303746709,0.3707844102648864,0.014595013560567215,0.014595013560563818,0.20543848870365608,0.20543848870365497,True
2.5,5.480301010559773,2.4813888571014546,2.9989121534583187,-0.5488362453919854,-1.9625309133613624,1.1563348564421327,0.0017040476307189079,0.632362692174611,1.0677554961841384e-05,1.067755496199045e-05,0.039199530332084453,0.03919953033208448,True
2.5,5.353553499871129,1.3109244735091619,4.0426290263619675,0.0015426999152173598,-0.5354740049002644,0.7601522813520374,0.014136933403360419,0.5349303788667964,3.5557920551326144e-06,3.555792055075128e-06,0.0028494994526759077,0.0028494994526758735,True
2.5,6.27726170157431,2.2544379143633644,4.022823787210946,-3.612874501254034,0.04990120801872733,1.0211001898906633,0.008660417967282563,0.1296394526806227,1.7103473358839724e-07,1.7103473705255108e-07,0.021359121294628712,0.021359121294628663,True
2.5,7.303044420407748,1.874312660460134,5.428731759947613,-0.04368431966042416,-0.5286177628017396,0.7674620284264765,0.002463573647077444,0.49559638366270364,4.277900858184445e-11,4.277900302159056e-11,0.0009854581214991062,0.0009854581214986168,True
2.5,5.3317365303211925,1.5409606177754143,3.7907759125457785,-0.2810140294681804,-1.662201895798883,0.9029656238789666,0.003854328682719843,0.5170097817825177,4.396299062282483e-06,4.396299062284966e-06,0.0068074669848263505,0.00680746698482598,True
2.5,5.380151432192656,1.6729631592592682,3.7071882729333874,1.5751906351877734,-3.02487550096603,0.8910820096383486,0.002631753977223761,0.7065925189761413,3.1395931496192446e-06,3.139593149382708e-06,0.005685807156918438,0.0056858071569185625,True
2.5,4.70953129534788,2.1350338614078783,2.5744974339400013,-2.323680428711459,0.98576490086973,0.8452536229567109,0.020540794005491747,0.019913553758542646,0.0008329892787323148,0.0008329892787298582,0.053756332126537576,0.05375633212653915,True
2.5,5.446168292513873,1.9203352161001692,3.5258330764137034,-1.4925590378172464,0.8859832664087781,0.8334867868499837,0.012861507825262186,0.09853781905403286,1.2488680595596428e-05,1.248868059576338e-05,0.015566939728854373,0.01556693972885542,True
2.5,4.402520553910295,2.884554637825543,1.5179659160847523,-1.1587087564576442,-2.244827016518956,1.6847519067822263,0.0050950587847706785,0.6392628104758085,0.005159400194347447,0.005159400194347703,0.33366029319927487,0.333660293199275,True
2.5,4.660604701180256,2.2790545159072066,2.3815501852730496,0.5380984438198251,2.1263686978207956,0.8830612935389679,0.0008818171839937161,0.17186226791505782,0.0009940179935557713,0.0009940179935571559,0.07482290997883263,0.07482290997883313,True
2.5,5.189528769981445,2.1800459761951765,3.0094827937862685,0.6280351703756333,-2.340804861548215,0.9783044559362257,0.007103251898659457,0.6589281532657255,2.3173654634589805e-05,2.3173654634450434e-05,0.02130288014254077,0.02130288014254023,True
2.5,5.2824556349207334,1.3000073972842252,3.9824482376365085,-0.11505498623923609,0.2077038653191563,0.7019817252685311,0.019276168928619664,0.4256277604906614,6.6789709450791034e-06,6.678970945040889e-06,0.0026929324378265618,0.0026929324378265757,True
2.5,5.109508043958193,1.3238555535262881,3.7856524904319047,-0.6249819290105525,0.3511401161592269,0.7649169464372159,0.0009201583876080055,0.44157767360418887,2.1022275109878163e-05,2.1022275109787727e-05,0.005753663646735342,0.005753663646736374,True
2.5,5.332078202999292,2.149145800495873,3.182932402503419,-0.006990873580216659,0.9702297749664437,0.850309137366885,0.000736695257396891,0.3969597152475215,1.9461211544347437e-05,1.9461211545002092e-05,0.019740169999790804,0.01974016999979083,True
2.5,2.9494776147757737,1.8916589819193186,1.0578186328564552,-2.1693894649058816,-1.639781533648325,1.1060382273144798,0.008442927773181064,0.6949543218751274,0.10823906761440769,0.10823906761440767,0.34417290006342094,0.3441729000634206,True
2.5,4.170052994817766,1.9435022564731903,2.2265507383445757,0.4231389469462267,2.034885012023233,0.8716181027278298,0.009218811883089428,0.08618031617416871,0.005224237442665369,0.005224237442663167,0.09270775207920777,0.09270775207921081,True
2.5,4.7734005547468055,1.6590008136472392,3.1143997410995663,0.2648411007590082,-1.5188657086132087,0.7729571465153497,0.019083504574323507,0.6315442941928826,7.719010586750955e-05,7.719010586741775e-05,0.008620925443396227,0.008620925443396116,True
2.5,4.066579848052917,1.3730452744748067,2.69353457357811,-0.1863793988085001,-0.18252346400486363,0.6813389257993678,0.0066665020734482106,0.5158601747723758,0.001461067064961381,0.0014610670649614383,0.011525227013372667,0.011525227013373102,True
2.5,5.644821472976967,1.6394729057393878,4.005348567237579,-0.02427453480792108,-0.6911795458656397,0.8807141264129733,0.00467971881009277,0.5878698652359419,1.0709281507278773e-06,1.0709281507835843e-06,0.0056743337681903015,0.005674333768190076,True
2.5,5.61049759559657,2.2070767506731563,3.4034208449234136,-1.1003285653738342,-0.09130737215604823,1.0195999824898,0.025614210696941753,0.5987268033283047,4.199657252884985e-06,4.1996572528881955e-06,0.02430390467174222,0.024303904671741688,True
2.5,6.035339797423522,2.0248204891090413,4.010519308314481,-3.2493529523543825,-0.9366965058848323,1.1087674924156277,0.005036085509080246,0.6652968733071973,3.1251896297235824e-07,3.125189628376879e-07,0.020752984083638626,0.02075298408363902,True
2.5,6.788415403625014,1.845925626459914,4.9424897771651,-0.3127959463655856,-1.50558994445395,0.8033805574989785,0.0011718051986976952,0.6444860361763716,1.2411259794806695e-09,1.2411260170666452e-09,0.0015463005013915153,0.0015463005013917914,True
2.5,5.860084493705709,1.9153768688788992,3.9447076248268096,0.035319491447831954,-0.48968629251091544,0.9389265607034336,0.00534309889310447,0.5415303138846489,4.992925586887027e-07,4.992925588314638e-07,0.00839326951803593,0.008393269518035705,True
2.5,4.900137887864489,1.7159907283976465,3.184147159466842,-1.7949184066398116,0.4641670934086557,0.8212645491337748,0.0020933536146580667,0.06750632977386789,0.00012987986548757918,0.00012987986548762334,0.019480547523262868,0.019480547523262476,True
2.5,6.109926843106612,1.9558770181337468,4.154049824972865,-0.050864753734943806,-0.28267135425511614,0.7450122690928451,0.00563791985212464,0.5465417616916133,1.3113337708692925e-07,1.311333770299793e-07,0.003338511559461395,0.003338511559460792,True
2.5,5.1532676380815925,1.6938401604560058,3.459427477625587,0.40190031855141506,-1.4504137709695002,0.7370873259763435,0.009876769872182223,0.6144030081706096,1.2947891228643983e-05,1.2947891228691825e-05,0.004911553496860719,0.004911553496861198,True
2.5,4.464517803932574,1.5136216991075562,2.9508961048250173,-0.20839613031137147,-0.16259938195263357,0.7643207485283627,0.003949859947871004,0.4574595955870439,0.0003402234796963318,0.00034022347969623067,0.012642006889302027,0.012642006889301591,True
2.5,6.188667529413524,2.580583912354827,3.608083617058697,1.4334319855945563,3.1471098688670818,0.9515738278376127,0.0051507748429715505,0.00780484517074953,1.6861380156329096e-06,1.6861379908506026e-06,0.04789383656574343,0.04789383656574527,False
2.5,5.903503360176574,1.4646581575309077,4.438845202645666,-0.6444906337598741,-1.1101140702159216,0.8124566031051932,0.0074655293973321935,0.42037048545307354,2.025069810410323e-07,2.0250698099027697e-07,0.0024577418369314203,0.00245774183693104,True
2.5,4.276735112482995,1.5507222832335008,2.726012829249494,1.5672649359073767,-2.673938332858695,0.8767714838236254,0.013432140318905827,0.6196917394704935,0.0004840366098441132,0.000484036609844,0.01755234014798002,0.017552340147979996,True
2.5,5.053931214528659,1.2890145111256963,3.764916703402963,-0.9373010602584878,0.397303298069263,0.5991618206727664,0.0034655516157784394,0.07574559740360626,3.283527807218337e-05,3.283527807217692e-05,0.002175007273082986,0.0021750072730841816,True
2.5,5.866654314838202,2.411500462074332,3.4551538527638703,-0.2239054314639989,-2.081847050297406,1.2545762890587635,0.0020735526264687443,0.6555352525845388,1.0405335325159743e-06,1.0405335326436854e-06,0.031050493422197734,0.031050493422197383,True
2.5,4.4564566758396245,1.4772865767278562,2.9791700991117684,-0.8456722543449098,0.5355786023525808,0.7343791891906813,0.0043604613446205365,0.5849786906313048,0.0005609016276979366,0.0005609016276979101,0.014215201738146551,0.014215201738146208,True
2.5,3.881363162678463,1.2983947795555553,2.5829683831229078,0.9726758167056309,-2.148629873201441,0.7142227100956418,0.000606564358200723,0.6465269279126256,0.0017747662342498798,0.0017747662342498787,0.010852753135964191,0.010852753135964285,True
2.5,3.826740384941736,1.9400599872294297,1.8866803977123061,-0.414764861640358,-2.1651748737914307,1.1272238305184168,0.0007829151572886772,0.6802389177518697,0.006110380248256645,0.00611038024825661,0.11793731538883863,0.11793731538883855,True
2.5,5.968059378163044,2.1675699821652894,3.800489395997755,-2.3811010300760396,0.4792586865772641,0.9775600503014896,0.016052113972761684,0.15076524691484905,8.912630299108118e-07,8.912630281849086e-07,0.02124727751326648,0.0212472775132662,True
2.5,5.194468586499719,1.4372892980956602,3.7571792884040587,-1.0596246284886717,-0.7207734153954887,0.6936954020939545,0.0073239800154808465,0.6657595529284575,1.0787249530966933e-05,1.0787249530961215e-05,0.0031079219272545835,0.003107921927254705,True
2.5,4.838248978177255,3.330072000791596,1.5081769773856588,-1.3577780388345488,-1.0287769937573987,1.480664669898629,0.013365534061119622,0.525244155241066,0.0028753679232295126,0.002875367923229521,0.2913030031773602,0.2913030031773606,True
2.5,5.760838412901211,2.3288590655419705,3.43197934735924,-2.0235999029488587,0.41444758476971577,1.0272398989255584,0.005943531242716571,0.2531111718400976,3.16305451482614e-06,3.163054514604167e-06,0.03196753954975619,0.03196753954975689,True
2.5,5.706832307878501,2.2386530299646235,3.4681792779138774,-0.7700851080558518,-3.1392031274355645,1.277427125151955,0.010734502270576707,0.7104757109840926,1.6871261179174045e-06,1.6871261179774801e-06,0.030802016316580402,0.030802016316580288,True
2.5,5.830158301541038,1.8786397739860363,3.951518527555002,-0.15725585584622254,-0.3773078257591045,1.0023487035610281,0.0024724897989525374,0.47785976075456105,5.867116450638801e-07,5.867116453015786e-07,0.010959278174230645,0.010959278174230442,True
2.5,4.602526962101622,1.5360744644593516,3.06645249764227,0.25317938584394456,-2.4172437224244563,0.9528187133136533,0.002930962012760663,0.5182414582831696,0.00012967997786495714,0.00012967997786488128,0.016913028484574905,0.01691302848457463,True
2.5,5.36711301802139,1.255687685274707,4.111425332746683,0.261161107522064,-1.2982246930941024,0.6291629240096972,0.0057466919106953784,0.6423087357773242,2.568053136350235e-06,2.568053136304491e-06,0.0009858303555332231,0.0009858303555329282,True
2.5,4.272369019798861,1.1358684426320824,3.136500577166778,0.1395569407298363,-1.466704221615727,0.6505965469790354,0.008552701167930443,0.5252149089804594,0.00037647970953275003,0.0003764797095327109,0.003721816972479511,0.0037218169724793793,True
2.5,4.53780955650595,2.133728118337583,2.404081438168367,-0.2878771527088862,0.4697561213061876,0.8794856423758233,0.020293725773001647,0.519281501771934,0.0007117965365831346,0.0007117965365830537,0.0470966749158615,0.047096674915860934,True
2.5,5.3210414311641845,3.1233686840977555,2.197672747066429,-1.6802635723605581,-0.8499149200247037,1.4368225529404972,0.003525358565437009,0.6022287310600768,0.00014963366100104232,0.00014963366100235643,0.16392861492620428,0.16392861492620303,True
2.5,4.614331588833854,1.4380491726792501,3.1762824161546037,0.6008296502350581,-2.503495807113426,0.8632130839994461,0.003559277587386167,0.703921905072739,0.00010407876997341763,0.00010407876997350888,0.009859598239224646,0.00985959823922444,True
2.5,5.812381074354565,2.100483326310757,3.7118977480438082,0.552499314237028,-2.624072955275561,1.1569612464117491,0.010549767631556906,0.5439247761309178,6.801103275474266e-07,6.801103275683254e-07,0.01676944471551002,0.016769444715510316,True
2.5,5.23865813296769,1.598403889116929,3.6402542438507615,1.70773707444819,-2.9444182886951973,0.9345603375794376,0.014082116290106417,0.6995568417305961,5.816720290798116e-06,5.8167202906298455e-06,0.0071351948252698265,0.007135194825269482,True
2.5,5.648699533448721,1.1858888122415523,4.462810721207169,-1.244053197925049,0.12281947017994654,0.7335953088642477,0.00088300156560156,0.017974076284360097,1.422978097915488e-06,1.4229780979687167e-06,0.0023731174284087773,0.0023731174284091026,True
2.5,6.445103328177413,1.2908796045588695,5.154223723618543,-1.1586613176837748,-0.7193225188632452,0.6986233946334219,0.007003396353038427,0.30634542282305693,8.167068204999589e-09,8.167068182803863e-09,0.0006648035494687842,0.0006648035494688285,True
2.5,5.599945361559047,1.6328759574201792,3.9670694041388677,-2.871157235106924,-1.1036771554067601,0.9354337908667254,0.0005585413518286453,0.708362593645735,2.055475605777083e-06,2.055475606048225e-06,0.0101714959628875,0.010171495962887295,True
2.5,5.707303765071787,1.9477188229625009,3.759584942109286,-1.6931144637133224,-0.6158707432931868,0.9440508061957318,0.0008577045971152608,0.6340195146629037,1.5420928691904163e-06,1.5420928692953565e-06,0.012237310159889856,0.012237310159889901,True
2.5,5.2048610184119015,1.2545505056195494,3.950310512792352,-0.4913955281163712,0.7648160381641715,0.5796474985957029,0.00014400551705517906,0.06992936286893714,1.6662153806295503e-05,1.6662153806322517e-05,0.00159180060007925,0.0015918006000784132,True
2.5,6.892346205485791,1.6354371720268408,5.25690903345895,0.2730184090721044,1.6032013614198104,0.8707366032298449,0.0034889068176756632,0.1228921638655473,1.5459807245081932e-09,1.545979854214752e-09,0.0037050323804993985,0.003705032380500791,True
2.5,6.231742293138936,1.6138133412870928,4.617928951851843,0.010706098317196598,-0.2615927223620471,0.7937166440576934,0.0061330746836868455,0.5106282728102493,3.806743902133515e-08,3.8067438930157644e-08,0.0021736848120013624,0.0021736848120020857,True
2.5,5.457282476468135,2.299586422854641,3.157696053613494,-2.5711599748045693,0.34135182892210625,1.2289984365529638,0.003165309637633007,0.4349795923531442,1.7029081702614884e-05,1.7029081703093637e-05,0.09210779914225428,0.09210779914225274,True
2.5,4.290693427248343,1.3612465332852253,2.9294468939631173,0.5938790166636816,1.7947516121604554,0.6118511230653408,0.0009267150232746268,0.004825931511858783,0.0016388657303363673,0.0016388657303357517,0.009945730058341203,0.009945730058342058,True
2.5,3.7193601384506727,1.9064521182624306,1.8129080201882422,-1.823467348649918,0.42807161429074814,1.0494154296381188,0.00016546230096115,0.4936063574037936,0.016808349677857826,0.016808349677857257,0.20259955885779016,0.20259955885778957,True
2.5,5.56009081621776,2.3539130403631403,3.2061777758546195,0.010334529695837862,0.6796284002198405,1.1087062541761792,0.01571150511160463,0.47686394813752786,7.626442817523362e-06,7.6264428165867895e-06,0.04038197352784505,0.040381973527845866,True
2.5,4.840788404411368,1.9170003370818847,2.9237880673294834,0.18750793842205316,1.0248744803366874,0.7932549977615919,0.014445398856397174,0.45711806085464196,0.00014738182067504211,0.0001473818206745882,0.020332076549728868,0.020332076549730103,True
2.5,4.285306194298589,1.4940621190506198,2.7912440752479695,-0.17340461186245265,-0.442785020681539,0.7850819875562514,1.129909857039424e-05,0.5861960933259076,0.0006525266894351832,0.0006525266894350579,0.016010752804770625,0.01601075280476998,True
2.5,5.7604609393732975,1.746616918788411,4.013844020584886,-0.06234109965390946,-2.4482722875170535,1.1292844089812932,0.00019460024896572614,0.6198855036426792,5.173402247373736e-07,5.173402247345737e-07,0.011843304570814776,0.01184330457081478,True
2.5,5.79848517810871,2.1526234012125713,3.645861776896139,-1.158288823128175,1.5029976604129152,0.8445217759235789,0.0033914366566551446,0.039480390822540956,3.691638056984545e-06,3.6916380571791824e-06,0.0179671994706587,0.01796719947066349,True
2.5,6.586588808032037,2.718293455803505,3.868295352228532,0.7387418071965921,-1.7732503893222975,1.1226672731852243,0.0014300708333980783,0.5835429592661838,2.598210153776888e-08,2.5982101093953877e-08,0.015858351560946296,0.015858351560946494,True
2.5,4.482323102737178,1.6211943507870439,2.861128751950134,0.8956489449640038,2.11628351972206,0.818549335304177,0.0027042494004465567,0.06112872304192879,0.0010326359128836208,0.0010326359128821694,0.03768773081361039,0.03768773081361056,True
2.5,5.32187092015635,3.0020834159417626,2.3197875042145872,1.3532049730733677,3.476524398377606,1.0126042552883543,0.0039848726714206695,0.010892804546975166,0.0006024977253367224,0.0006024977254409794,0.22013451206671966,0.2201345120667269,False
2.5,4.417571126302771,2.0778001672200603,2.3397709590827103,-0.2417598929280303,-1.9460711556892998,0.9804076353447495,0.026882928009145268,0.6300416761715737,0.0007545630245185963,0.0007545630245185967,0.048846282478061005,0.04884628247806107,True
2.5,4.923412957015357,2.1598729775573013,2.7635399794580553,-2.101242440590377,-2.606469673269192,1.3960971608944164,0.0063845531542139344,0.433164080449438,9.488422303043733e-05,9.488422303053841e-05,0.09030750775214157,0.0903075077521414,True
2.5,6.103590946398921,1.9800949501640945,4.123495996234826,-0.44687133578104,1.4542384132735653,0.8266691501355349,0.0009584442139699001,0.1762115121666255,3.5990932048040926e-07,3.599093207350444e-07,0.008813872328430209,0.008813872328429765,True
2.5,3.328350726124716,2.207169206045579,1.1211815200791366,-1.1558097173606137,1.5670286155936766,0.9017596602893903,0.0019175859821139452,0.042182964980276016,0.13318869262891744,0.1331886926289175,0.3493983291074675,0.349398329107466,True
2.5,5.8324921548620114,1.1614231988250694,4.671068956036942,-0.36771147250600206,-1.2333887776496206,0.6527062825031343,0.011292770649372397,0.6653661749984597,2.0800921600974168e-07,2.08009215992617e-07,0.0006105524941063649,0.0006105524941064826,True
2.5,4.708002008308388,1.040648718759285,3.6673532895491032,-0.58130648245883,-0.8584228626641949,0.6169926200587194,0.005054839403715539,0.3655445570030384,6.889494205465769e-05,6.889494205461371e-05,0.0016803358820727168,0.0016803358820720363,True
2.5,5.47780177645374,1.2473544023353296,4.230447374118411,-0.1884972144306196,-0.7419887724228323,0.6589215122750013,0.00866089768347289,0.49818920963793545,1.7176823914232362e-06,1.7176823915114894e-06,0.0011926687927814547,0.0011926687927812424,True
2.5,4.638778922238409,0.8641291738575239,3.7746497483808845,0.09700215004841652,0.8703454060870011,0.42129927949423024,0.010186677710860348,0.15734438140922608,0.00016063807556298616,0.0001606380755631738,0.00036319324343448393,0.00036319324343458254,True
2.5,6.653602090462742,2.2019033711514386,4.451698719311304,0.11905607884805545,2.2049041502172253,1.117542727916093,0.01086048469198786,0.024943027834638865,2.916371774363602e-08,2.916372032880699e-08,0.04189169589626325,0.041891695896263154,True
2.5,4.205454834139943,1.658539036309544,2.5469157978303993,-1.5940544296712986,0.3158310799324766,1.0748448126831054,0.010074074365230223,0.26042387546036083,0.0020310419066901474,0.002031041906690018,0.10817601345486932,0.10817601345486813,True
2.5,5.128452243703549,1.0592562563512986,4.06919598735225,-0.2675545525490187,0.1583728825107178,0.5879220038906158,0.0016057483375948034,0.5453601524590265,1.2736948099063122e-05,1.2736948098998898e-05,0.001032968227428192,0.0010329682274285233,True
2.5,3.407133724653819,2.6374035275321615,0.7697301971216577,2.8851462036611153,3.525797472589039,1.1401999097997193,0.3853581019878749,0.1432590476632074,0.214185079267971,0.21418507926795224,0.7472113894870698,0.7472113894870852,True
2.5,4.296100347686418,1.9002977658159146,2.3958025818705035,0.20512221902014413,1.9937499285999714,0.7608759248866861,0.005479208626958609,0.011702472734379687,0.003538763995614127,0.0035387639956146566,0.04977317471416031,0.04977317471416084,True
2.5,4.183898400838522,1.8276346868480442,2.3562637139904776,0.87058082940888,-3.217980303636736,1.1850315541745358,0.0029228597003257417,0.5781909479027195,0.0011163708137730984,0.0011163708137732612,0.07065253472385126,0.07065253472385133,True
2.5,5.9968040799903015,2.762445302250063,3.2343587777402387,0.6244748497262038,-1.8084352919116098,1.10583673322379,0.003332467416829854,0.5963501814702021,1.1149468910370379e-06,1.114946891054473e-06,0.02784104465810021,0.027841044658100614,True
2.5,4.655759611617149,2.2175414623990504,2.4382181492180983,1.6652888443848546,2.774647006208959,1.260030036863578,0.0017962265132360766,0.1277679284041292,0.0011596541653367538,0.0011596541653330933,0.30049049037222114,0.3004904903722196,True
2.5,3.495872751870669,3.057152198104425,0.43872055376624397,2.1512326719300616,-3.4023690926489687,1.395502314210485,0.012438527091588159,0.6189958022001603,0.24827648109640965,0.24827648109641312,0.6450252294678858,0.6450252294678857,True
2.5,6.906921976369787,2.01294176586794,4.893980210501848,-0.18931906459766915,0.04730893369836742,0.8900199675153001,0.006594010082872581,0.44404075652220515,1.003403082968104e-09,1.0034027306269603e-09,0.003328318942968855,0.003328318942968886,True
2.5,3.461930209224552,1.3327302943092676,2.1291999149152847,-0.5360907381424337,0.940872129710975,0.5342442379717012,0.011862828501618905,0.008519426578908418,0.024711658266649884,0.02471165826664977,0.016802700307119795,0.016802700307118,False
2.5,4.979981377748335,1.7060595236819802,3.273921854066355,0.08330763293901175,0.8397365340476013,0.9298448247448837,0.0005182801294935646,0.365269395276386,5.569930129712675e-05,5.569930129714453e-05,0.022703501638637807,0.022703501638636547,True
2.5,4.450967235697967,1.270878812840162,3.1800884228578052,-1.1013327023341497,0.29017694300042374,0.642628283093096,0.0026003697000572257,0.05088760402225223,0.000501934291000349,0.0005019342910003301,0.006122087966847689,0.006122087966847292,True
2.5,3.24191216650612,2.1018414409633825,1.1400707255427376,0.6757754971927512,-1.823911867684521,0.8623524840442043,0.0009893430265733305,0.6146588386327535,0.05721932368897442,0.05721932368897443,0.17684359246579912,0.17684359246580003,True
2.5,5.869053272876878,2.3595444503878706,3.509508822489007,-6.338982908196895,-1.3811113072206167,1.396857985899637,0.008844694365754302,0.7042095130529967,1.938597604069344e-06,1.938597604252019e-06,0.1405755401403252,0.1405755401403276,True
2.5,4.8498533010359814,1.9381654198910878,2.9116878811448936,-0.6028721676093401,-0.999690766576317,1.0631703058431472,0.004502486179406906,0.521979608754331,9.737889770337723e-05,9.737889770328366e-05,0.03673598203360862,0.03673598203360852,True
2.5,3.405904736128628,2.0476353928906526,1.3582693432379753,0.4187822641274816,-1.4744514443422203,0.8634662359115547,0.04844418246092291,0.5514831216224186,0.03157517925839613,0.03157517925839638,0.13211199676810773,0.1321119967681071,True
2.5,4.519586563109385,2.0603632495263784,2.459223313583007,-0.6721874227290708,-1.5387427048639835,1.1647050983866205,0.028320379794356698,0.48382857979953886,0.0005027146118184452,0.0005027146118184607,0.07262420594576056,0.07262420594576068,True
2.5,3.465672802061272,2.1742489099960527,1.2914238920652195,-1.6917192452348693,0.36141985519062225,0.9519542583454035,0.012673876298130382,0.23850174453193668,0.049683922689826444,0.04968392268982646,0.24010725230246388,0.24010725230246316,True
2.5,5.109576540319034,1.1910206551276545,3.9185558851913793,-0.7694749582683376,0.5258319102976188,0.5787673709500943,0.0026882823875866713,0.01146870564511443,2.51038410977423e-05,2.510384109781255e-05,0.0015326464371069716,0.0015326464371073043,True
2.5,4.9199612948916185,2.361548073790075,2.5584132211015436,0.8489151304778034,-1.9186986028701027,0.9812544526407152,0.0037574311528373316,0.599783865438557,0.00013065253920195184,0.00013065253920224303,0.037787600435782276,0.037787600435782775,True
2.5,6.299523064502996,1.8743035630611735,4.425219501441822,-1.4802677585472832,-0.05640166883222786,0.8773701251002737,0.024966650102591914,0.330972469603776,5.110986525588624e-08,5.110986541339654e-08,0.005380940349799779,0.005380940349799256,True
2.5,6.110734602019969,3.7194859866636425,2.3912486153563264,-7.921784399819103,1.3417199785224176,1.5333965547933752,0.006925599644939162,0.04439841068178668,4.5786267718161725e-05,4.5786268839455816e-05,-0.19558351574298347,-0.19558351574299424,True
2.5,7.177068848591949,2.3461860983252163,4.830882750266733,-0.9355671317425153,0.8608380421227828,1.2388858204618343,0.0033673498857816897,0.5326385131853725,4.2879850338868067e-10,4.287984188141769e-10,0.020132974021067056,0.02013297402106562,True
2.5,4.985822361543017,1.3989269381015526,3.5868954234414643,-0.9574960068261565,0.5490379841643471,0.7719728242126376,0.004248320836007402,0.2537066032756905,5.4195446895626975e-05,5.419544689563844e-05,0.008819737579186365,0.008819737579186655,True
2.5,4.815687480669218,2.0751186827872528,2.740568797881965,-1.7197104746760634,1.284596954239305,0.9677257068187269,0.010777686429240374,0.013333585108046886,0.0005420168070158271,0.0005420168070161983,0.08456094952307508,0.08456094952307283,False
2.5,4.9282622132096545,0.990281502640759,3.9379807105688958,-0.662016944010854,0.03101087815413317,0.5267160071998198,0.000570629535231959,0.6366800639198634,3.648149915397384e-05,3.648149915392777e-05,0.0007304088728240427,0.0007304088728243154,True
2.5,6.186706783067385,1.381838735292792,4.804868047774593,-0.44078354404053377,0.3949497675830216,0.7537931748079422,0.004671635175829081,0.5356629576141099,5.7769232640112725e-08,5.7769232669863275e-08,0.0017613207874857524,0.001761320787485898,True
2.5,5.590468367111679,1.5512703897053397,4.03919797740634,-1.1213817202199854,-0.5678046410096586,0.8071188377956617,0.00023472351816455905,0.5694914145716057,1.623803263116175e-06,1.623803263109227e-06,0.00446558360339782,0.004465583603398566,True
2.5,6.539969019374509,1.4110058073998692,5.12896321197464,-0.21737345534200017,0.028152897501240837,0.6531808993614984,0.008443746727664736,0.48592151452470833,5.130440375667684e-09,5.130440242707778e-09,0.000589147567288304,0.0005891475672891381,True
2.5,2.5135230609056936,1.2697721424524027,1.2437509184532909,-0.519176876840287,0.6733943184180085,0.7010560769132475,0.009051116047835928,0.126187474589401,0.21922724100583327,0.2192272410058334,0.1589020255755313,0.15890202557553085,True
2.5,4.003794425535365,1.133807157780904,2.8699872677544613,-0.38561631003314323,0.640247627077688,0.5336837059831685,0.0035673925745997592,0.09341439778788446,0.002535008358478932,0.0025350083584790373,0.00434810937683241,0.004348109376833305,True
2.5,5.868650467961725,1.2733259460131874,4.5953245219485375,-0.319447107926559,-0.6623892677990973,0.6109918722937504,0.0029023505171513198,0.6380188491065154,2.1344700160025797e-07,2.134470015170263e-07,0.0006043690429475357,0.0006043690429478673,True
2.5,6.1007140411368885,2.2645169408287993,3.8361971003080892,-0.10634297671867039,-0.6893613399757778,0.9445172415493205,0.007020301650910221,0.5342899428386182,2.2619393475039696e-07,2.261939351471269e-07,0.010291932012961314,0.010291932012961852,True
2.5,5.093847189118204,2.0387150629508657,3.0551321261673383,1.9574157953593252,2.992113936501466,0.8560624489907,0.008681673408950319,0.0067514095479617175,0.00017950215785716623,0.00017950215785006492,0.04601263831629306,0.04601263831629722,True
2.5,6.253520296560223,1.685923952972945,4.567596343587278,-1.778412905027198,-0.16280360597645205,0.8609968834759302,0.007694267520223452,0.6436226880857341,5.6848786116565584e-08,5.684878595766991e-08,0.004327990134789997,0.004327990134789221,True
2.5,4.3856495893127745,1.3401079190085343,3.04554167030424,-0.31463540102642923,-0.5696034629418498,0.6587189536586417,0.005580277810809886,0.4885443914125225,0.0003643791461120948,0.00036437914611215825,0.0058042884229968965,0.0058042884229972435,True
2.5,4.975827946546209,1.7211384224233648,3.2546895241228446,-2.016813210636452,0.5694754839282203,0.892958742898104,0.003513422520932674,0.014548569632267194,0.00011548046221673373,0.00011548046221747159,0.029010273710573787,0.029010273710575407,False
2.5,4.612354032075496,1.6909676593316139,2.921386372743882,-1.2833107722661583,0.6575057426991457,0.9782420572900888,0.00397554302587938,0.15231751011493921,0.0004348605715258791,0.0004348605715258771,0.05344262494443461,0.05344262494443532,True
2.5,5.128351800898557,1.2700711219340137,3.858280678964543,-0.7448313739325242,-0.5152005752712967,0.7772647166319154,0.02056503123522596,0.6059243832048848,1.2842612922878787e-05,1.284261292288543e-05,0.004339786517095473,0.00433978651709536,True
2.5,4.976476462069743,2.001895072389652,2.9745813896800914,-2.4336226706571824,0.40919203883428246,1.317696688865223,0.002533136848934192,0.5511389881218368,0.0001348096985934781,0.00013480969859439135,0.20751620344186042,0.20751620344185953,True
2.5,3.8782796864631623,2.6312550579843483,1.247024628478814,-1.8090395125139311,-0.4447676376000831,1.1890927538950513,0.004839962961630917,0.39722425438649267,0.025440063450541606,0.0254400634505421,0.305940900868335,0.3059409008683358,True
2.5,4.229709786944051,1.3319859721955964,2.8977238147484545,-1.372544293325827,-0.9539858838035031,0.8393910918401101,0.009501970868983467,0.6920951014415346,0.00077656217025642,0.0007765621702563737,0.01911569390922144,0.01911569390922105,True
2.5,4.308370903351772,2.1645117164571617,2.1438591868946104,0.11170723692758235,2.1303170372974867,0.7886096421548802,0.017104217937792654,0.048180889972163465,0.004944577493717736,0.0049445774937151195,0.0774287608427992,0.07742876084279822,True
2.5,5.083810607393455,2.8404666110035595,2.243343996389896,0.4605442022219412,-1.4686308485549784,1.175915251321315,0.008992964067556009,0.5722140459796864,0.00019734832620841067,0.00019734832620958316,0.08843382839742658,0.0884338283974269,True
2.5,4.119471744537061,2.7111946596938967,1.4082770848431645,-1.067776870064354,1.5653726283654201,1.2233102795028388,0.008413754684995611,0.3027759112236974,0.01841692915022159,0.018416929150221355,0.42765179874705467,0.4276517987470562,True
2.5,3.4280933938880938,1.315909599590785,2.1121837942973087,-1.114216050449826,-0.061084331953323634,0.7955973485461486,0.014245206920830145,0.5707104385417214,0.01756855296374681,0.017568552963746837,0.05494062725298508,0.054940627252984424,True
2.5,4.698264033841814,2.288537617113172,2.409726416728642,-0.7812980237315766,1.5640093743545127,1.1662975537999085,0.0008360762615296502,0.4621508640227179,0.0008691727696611999,0.0008691727696615954,0.19193922262277374,0.19193922262277424,True
2.5,4.822155242945311,1.588926111027287,3.2332291319180246,-2.2593054332498435,-1.4477264507997125,1.086295893595395,0.00048200557544014755,0.5377820479929875,7.871747464835714e-05,7.871747464838395e-05,0.034522240369126836,0.034522240369126204,True
2.5,4.025933233394611,2.829651278419165,1.1962819549754462,2.249813523075088,3.0095419096993474,1.2740029668300197,0.00500909809730421,0.31850610435126014,0.03430115836466164,0.03430115836468314,0.5100969187446293,0.5100969187446273,True
2.5,5.233113100922966,0.8472977028146316,4.385815398108335,-0.1194951500103868,0.5112490040073323,0.36598200579893114,0.0065697340547796745,0.24011294436684916,8.210620187528462e-06,8.210620187688056e-06,7.595495842141069e-05,7.595495842183155e-05,True
2.5,5.264429820079175,1.8689090603489724,3.3955207597302026,-2.3627301538962504,-2.304268417701342,1.1747664194708232,0.0049733579024039964,0.7255983178999389,1.1276791665650051e-05,1.1276791665914737e-05,0.031528658795710506,0.03152865879571015,True
2.5,5.168824367124001,2.4473032972166338,2.7215210699073675,-0.0671434067240983,-0.7443041945936045,0.9786078317163709,0.022436807994653696,0.49609045801232854,5.4453541070635225e-05,5.445354107103177e-05,0.03693208657500125,0.03693208657500131,True
2.5,5.9365711632479075,1.745281588259463,4.191289574988445,-0.5559732326112504,-0.05399250925287369,0.7255261036876854,0.005962499195683868,0.5901133662574021,3.0829036795850674e-07,3.08290368060333e-07,0.0028612023203076343,0.0028612023203071486,True
2.5,4.310679430158733,3.5128792996740446,0.7978001304846885,0.9377723498291893,-2.388863577265383,1.4602974626634575,2.133275794918843e-05,0.5746553834168611,0.04901257313216811,0.04901257313216231,0.47770062802276136,0.47770062802276136,True
2.5,5.5240966755302505,2.3510125441985483,3.173084131331702,-0.708051151674812,0.6324076092192219,1.0075465600785767,0.015110608991351804,0.32871121311765605,1.0139886796688115e-05,1.0139886797027321e-05,0.033821871970251896,0.03382187197025125,True
2.5,5.549403968673238,2.202325641327343,3.3470783273458955,-4.161137653968977,0.561572934945622,1.051616582801797,0.0027040897433351363,0.017870691266974603,2.5571687880311627e-05,2.5571687872050105e-05,0.08858337276818211,0.08858337276818537,False
2.5,4.577079199058868,2.2217395874544437,2.3553396116044247,0.3523572096584626,-2.001898313990977,1.184292354353678,0.0032047660810164413,0.5394694032859206,0.00048138880827297353,0.0004813888082729098,0.07551457917341221,0.07551457917341227,True
2.5,3.9579483786197063,1.8388697784073174,2.119078600212389,1.2291753793575497,-2.2296661001221065,0.8098737041602498,0.005906016936268854,0.6251605255957831,0.002852092623747403,0.0028520926237473117,0.03509881688347874,0.03509881688347893,True
2.5,5.21522742280654,1.623745431767288,3.5914819910392515,-0.6109441013045439,-1.8418333805042595,0.8869791947005735,0.010432299048369453,0.6882232070967372,9.046232261847334e-06,9.046232261875817e-06,0.008085872351971002,0.008085872351971042,True
2.5,3.6626198712630114,1.386063557677321,2.27655631358569,-2.0493115759788862,-0.14331950232688384,0.7650977061313531,0.0023244127581858454,0.018149835148081328,0.011766964086750209,0.011766964086749869,0.042789353751424626,0.042789353751424626,True
2.5,5.211507578098793,1.297116398760572,3.914391179338221,-0.0924399317690658,-0.9204594526870223,0.6720979946602443,0.0028177184211928274,0.5971284450407167,6.772150723292884e-06,6.772150723227732e-06,0.001844352319796741,0.0018443523197966623,True
2.5,4.993063154250216,1.3473957701992665,3.6456673840509497,-2.4536682207112888,-0.4094479519823869,0.9567984702709154,0.012442877390086704,0.01818354562383545,5.1360486402289346e-05,5.136048640224631e-05,0.022757014218906878,0.022757014218907,False
2.5,5.387926428576459,2.0896950614769287,3.2982313670995302,-0.13338765380770953,0.9602770541546268,0.9061007570964512,0.02223650990330861,0.5008053819480003,1.3634730654812197e-05,1.3634730654309115e-05,0.021563569729104486,0.02156356972910407,True
2.5,3.56141708795651,1.6002345880712718,1.9611824998852383,-1.0794422421903345,-2.0089163605030236,0.9753253103009,0.0019272369462845496,0.7166940269483417,0.009849781161673366,0.009849781161673368,0.08268369656883114,0.08268369656883115,True
2.5,4.800432940575852,2.36954050126859,2.4308924393072617,-1.992263288031393,1.4868745432642578,0.9235620623248584,0.0005890905751966824,0.017176814752583813,0.0009914082932238493,0.0009914082932274333,0.09656461297864258,0.09656461297863887,True
2.5,4.019433774857781,1.6784173613224667,2.341016413535314,-2.5624747229276523,-0.012614785157395447,0.9203714953853144,0.015437992324606908,0.06534444327268446,0.004925816541703362,0.004925816541703885,0.08034926266396904,0.08034926266396805,True
2.5,6.926577429349971,1.9170386511263713,5.009538778223599,-0.39657307986576473,1.40238533070276,0.9001876414781023,0.04465632429024541,0.21915465802268252,1.731201903560248e-09,1.7312019000348398e-09,0.005471273833934905,0.005471273833934641,True
2.5,5.1023994587064845,1.5299043239456884,3.5724951347607963,-1.3312800916873107,-0.08416517831058457,0.838135648117663,0.0051998815930383024,0.4896215506372435,2.5383455277416655e-05,2.538345527743339e-05,0.01041354715791067,0.010413547157910931,True
2.5,4.840268443313918,2.4735230402524095,2.3667454030615085,-1.3589330863115525,-0.04708701290706396,1.053410958541315,0.022618603591611608,0.5718535206541449,0.0003508081676820047,0.0003508081676821732,0.07876423899842218,0.078764238998422,True
2.5,5.388247118810616,1.555888215797864,3.8323589030127523,-2.390226327031958,-0.0053520839620790905,0.8197593276010927,0.02020308692111561,0.014692037051564133,9.937651392100985e-06,9.937651392113375e-06,0.009081254094031497,0.009081254094028868,True
2.5,5.293488732352601,2.229459924991366,3.0640288073612347,-0.43550529495991286,0.4395093706607851,1.1916159052571929,2.186483505967063e-05,0.4929406922771018,2.4373099208850413e-05,2.437309920856598e-05,0.058473653680711724,0.05847365368071245,True
2.5,5.1250353243019715,2.3592957707920035,2.765739553509968,-2.975391096218126,0.9923646273522366,1.0732348860264571,0.002264933218353693,0.028874127426217644,0.00018980431400861722,0.00018980431400919803,0.12721175804312693,0.12721175804313162,True
2.5,4.765641689140143,1.6430808882794699,3.122560800860673,-3.07060664377864,-0.9208566533852595,1.0628327309862229,0.0017984073530455391,0.693169292846538,0.0001525156899108144,0.0001525156899113677,0.047861419437145274,0.04786141943714457,True
2.5,5.313024210765713,1.5338824655936194,3.7791417451720934,-3.577580854815356,-1.7140098220890563,1.1167395700313025,0.024877289208515285,0.7425257022388259,8.140345477868739e-06,8.14034547821465e-06,0.02775876831427582,0.02775876831427527,True
2.5,5.583842924721749,2.080916248233962,3.5029266764877867,-3.99156082634692,0.1239952242762874,1.2026839427713134,0.01711847222582369,0.021370932382674734,9.957646522771124e-06,9.957646523372519e-06,0.12858143880558742,0.12858143880559003,True
2.5,5.035555513424036,2.641370884434252,2.3941846289897843,-0.3348210706275689,2.230214897895884,1.2396593678400933,0.0026682698445267272,0.25813572669919504,0.0004702410335811179,0.000470241033579156,0.3277312127010496,0.3277312127010447,True
2.5,3.760992318406584,1.0608593081401012,2.700133010266483,-0.5613219720103079,0.5317132469919028,0.46705589165617645,0.00011716765450714428,0.008530946033190268,0.006153403636700588,0.00615340363670046,0.003223416381639399,0.003223416381640201,True
2.5,3.6098564033242524,1.5761740231844292,2.0336823801398234,-1.4785486790121283,0.059446866748606775,0.8498779920455349,0.0014711835751631819,0.2690094727705633,0.013744605968695936,0.01374460596869607,0.07626015775269689,0.07626015775269662,True
2.5,5.8255428426496305,1.3373045329338942,4.488238309715737,-1.2093248428632415,0.048811985576894035,0.7702267942705842,0.003096299033167993,0.21610177539542563,5.1172533987221e-07,5.11725339828951e-07,0.0027514078538399007,0.002751407853840132,True
2.5,3.966295337959104,1.4934429544419532,2.472852383517151,0.1264177386695093,-2.217827379513837,0.8341968317116538,0.002981273217007807,0.6831807347817387,0.0017585403466973948,0.0017585403466973723,0.023369424996710374,0.02336942499671078,True
2.5,5.02509075578137,2.723350614364043,2.3017401414173273,-0.6303803732111196,2.2236644110646244,1.062511465173526,0.002763782016703631,0.11016662042158881,0.0006191564001838122,0.0006191564001809481,0.17980011494177855,0.17980011494177633,True
2.5,5.745079988113351,1.6257413110371202,4.119338677076231,-3.5964100845159193,-0.5126725888158198,0.9581255742108361,0.008731351815672583,0.02160223627061786,1.7072100285444036e-06,1.7072100279189602e-06,0.015100330186285565,0.015100330186283869,False
2.5,4.8737987695814375,2.659251318719711,2.2145474508617267,-0.9332797639067011,1.9948369157108332,1.334700909390822,0.014087809407788698,0.10391610030901388,0.0010041896889975573,0.0010041896889977687,0.6024428033469105,0.602442803346903,True
2.5,2.833384488591649,2.3218771026446197,0.5115073859470294,-2.885739462407757,-0.99227418262868,1.2764808482751009,0.007226153168370608,0.5666689195346203,0.3309377146922548,0.33093771469225414,0.6992204543436945,0.6992204543436947,True
2.5,3.5636836016469,2.3604752510890714,1.2032083505578286,2.113851900443807,-3.2939126838221573,1.220441384335094,7.1058945906310456e-06,0.669249505936155,0.03192440581957077,0.0319244058195717,0.2547640599292396,0.25476405992923973,True
2.5,6.827650271756164,2.318422433863126,4.509227837893038,-0.6343523672882774,0.03714532642957269,1.0842270894280548,0.01138746275328012,0.3990966350774847,3.1340881752636424e-09,3.1340879174735134e-09,0.010734501152374728,0.010734501152373616,True
2.5,4.3636548716779755,2.5455121453809793,1.8181427262969962,-2.9933959440830242,-0.40058431223119784,1.1872958534508615,0.01075754520087674,0.284822833411828,0.0036003411630889655,0.0036003411630859817,0.20044225233479385,0.20044225233479235,True
2.5,3.8671923525039085,2.6616327659030747,1.2055595866008337,3.9848937241843982,4.626560616102008,1.2815139876769366,0.0008161864483963166,0.014085589450717806,-0.03110955887980826,inf,-0.13873246297764558,-0.138732462977638,False
2.5,3.8971489409847067,0.7135986875079021,3.1835502534768043,0.11297670357470653,-1.216545464756192,0.388246271573383,0.004998247704854741,0.7180120817102156,0.0012551926196986403,0.0012551926196986288,0.00029074879173321655,0.00029074879173296366,True
2.5,6.079779320539764,3.854637695309448,2.225141625230316,0.019692313955715045,2.8440429162092715,1.4005484290733752,0.011076445960868542,0.21144210004102226,4.274053389849287e-05,4.274053388815141e-05,0.38610753087933997,0.38610753087933103,True
2.5,4.060482749700414,2.022122888547319,2.0383598611530953,-1.158607634476128,0.7491074191764524,1.1562821789610356,0.004692954511785752,0.5106798527486844,0.005510685224973004,0.005510685224972904,0.20027371478765602,0.20027371478765585,True
2.5,4.250469869880395,1.4833539526756265,2.7671159172047686,-2.869625966678037,-1.5433046323053246,1.0640798678462882,0.001034643530452073,0.7339864478551951,0.000938076241812434,0.0009380762418126128,0.060412527873108766,0.060412527873108614,True
2.5,5.223855347358321,1.3014994225648162,3.922355924793505,0.5345442482040361,-1.8318155827470257,0.7962331331576822,0.0010608589356598808,0.6060909386924591,5.07968362573087e-06,5.079683625850286e-06,0.0030213916352157715,0.00302139163521569,True
2.5,6.037941877547819,2.011124447758125,4.026817429789695,-1.641015892327644,-0.6864647287300157,0.9069201467515087,0.007011548985266847,0.6453849602708241,2.4966685446276206e-07,2.496668546644292e-07,0.007984252486924203,0.00798425248692466,True
2.5,5.457736798745778,0.7868129749725354,4.670923823773242,-0.5070680192984508,-0.5063719852466946,0.4807508688344679,0.0037393813543917798,0.6827948451415392,1.6943441963955634e-06,1.69434419641651e-06,0.00013371536853562985,0.0001337153685352508,True
2.5,6.287042621705035,1.9425084580142435,4.344534163690791,-1.3740977359221274,-1.6729336108087778,1.016444563403058,0.0015622690815810802,0.6741957461962453,3.940710953297775e-08,3.9407109478217155e-08,0.007197248272766796,0.00719724827276639,True
2.5,4.020588280527592,2.1239791855096986,1.8966090950178938,-1.2216777886402796,0.7789346393840719,1.0514999037173165,0.013780128612285336,0.5701784876726965,0.0074851309876895694,0.007485130987689583,0.16926250872810833,0.16926250872810827,True
2.5,4.065170220604448,1.0860871476470637,2.9790830729573843,-0.49536076738402546,-0.6164562559145916,0.5517167036218218,0.00872595826637107,0.3656269813278421,0.0011058349375554295,0.001105834937555433,0.002940480887464293,0.002940480887463561,True
2.5,4.533085776460474,4.041571211031724,0.4915145654287505,-1.7450514918549593,-1.5202950292273965,1.6124587070712446,0.012737498332035468,0.6070844305354545,0.13305110479171306,0.133051104791744,0.6874623214064232,0.6874623214064229,True
2.5,4.3107091715072166,1.3179783379919991,2.9927308335152176,-0.22795156243584985,0.04960407426479163,0.602472856431002,0.006620939646666157,0.4099031616301864,0.0005728570734673775,0.0005728570734674475,0.005062550642844046,0.005062550642843706,True
2.5,6.302388945640159,1.0759056459630618,5.226483299677097,0.6076481517318001,-1.582970291067519,0.5857613618916259,0.027718811951954025,0.6169513121230659,9.367755083242014e-09,9.367755179065734e-09,0.00016398556187213325,0.0001639855618721833,True
2.5,5.590890376607971,1.2970544018937875,4.293835974714184,0.6662813472111061,-2.193171602618962,0.7503388027506604,0.003112755235770037,0.6583971889615194,6.888065312956799e-07,6.888065311962208e-07,0.0014495146370653144,0.0014495146370654371,True
2.5,5.02585414781383,2.518431789259907,2.5074223585539235,2.4920664825870475,3.509527731557303,1.0079406421854034,0.008898972881126344,0.009077997268646276,0.0007147593657602759,0.0007147593657208072,0.17172630383981172,0.1717263038398285,False
2.5,5.26086519024172,1.6829378652752172,3.577927324966503,0.6727220994504807,-1.748479272501899,0.9170554040538905,0.003598558702240573,0.6295288582548578,6.968283323525621e-06,6.968283323594795e-06,0.008571153575283688,0.008571153575283288,True
2.5,5.9281011915114865,1.4335140753875897,4.494587116123897,-1.5432638154898775,-1.6090779428608535,0.9060860003785647,0.00549963724952246,0.7192975271738626,1.766989540347513e-07,1.7669895403427871e-07,0.0037780791802650626,0.0037780791802649117,True
2.5,5.816455637824149,1.8664790549277575,3.949976582896392,-0.2434582694967424,-0.6561560338934732,0.8645658519494959,0.007589444397325895,0.5317198352363784,5.936896018900392e-07,5.93689601948684e-07,0.006150677129800273,0.006150677129800224,True
2.5,3.1555430482231976,1.528194226041699,1.6273488221814987,-0.6129238335068355,-1.7594541317656702,0.8936725314515649,0.0013362009027704236,0.45181995118348817,0.03192193488471382,0.03192193488471377,0.10233884566655325,0.10233884566655373,True
2.5,6.230442177487744,1.4872971258468475,4.743145051640896,-0.11390330488645091,-0.37569405144477885,0.6326057766750148,0.0010200379989196429,0.5264761340443004,3.2661195513810176e-08,3.266119565073332e-08,0.0007322441879853978,0.0007322441879862151,True
2.5,5.949050324368997,2.2513539018040136,3.6976964225649835,-0.373412890638653,0.7123642088452296,0.9009985339892536,0.011061743433463,0.3470751205032353,7.808015477860878e-07,7.808015483865837e-07,0.013829202162169422,0.013829202162170106,True
2.5,5.379506961445795,3.3060611850469233,2.073445776398872,-0.5416425442664532,1.816470990529755,1.2762107275795163,0.00615567315515636,0.29040982042955854,0.0002767985695299487,0.0002767985695301577,0.22539444930792704,0.2253944493079237,True
2.5,4.454310381455844,2.0703473354833783,2.383963045972466,-0.6848345976823209,0.9028881760142915,0.9879239889217027,0.005747668378387416,0.5398139844311599,0.0011697063996575258,0.0011697063996572584,0.08076513796627253,0.08076513796627215,True
2.5,4.845343719673651,2.8576410320570598,1.9877026876165913,-9.644383347920607,-0.28358151615415284,1.6567437502957125,0.008618751512256162,0.033287992052839166,0.004059671282643504,0.004059671282817796,-0.1271088822522793,-0.1271088822522831,False
2.5,3.9785300501226217,1.9606035810938927,2.017926469028729,0.261118526881103,-2.067795924441327,0.9344277926185093,0.004289026480337299,0.6485222074506234,0.0034702783978729237,0.003470278397872899,0.06167295255676809,0.06167295255676809,True
2.5,5.416431297413202,1.8289937277179835,3.5874375696952185,-2.4346300674354344,-0.7904026678493297,1.2258869715713665,0.002541112670037149,0.5228979995601949,6.839057823687707e-06,6.839057823824565e-06,0.04540690748294774,0.045406907482947255,True
2.5,3.0968194839740617,1.112576782831818,1.9842427011422437,0.10768761634516545,1.1758900327222994,0.5610319563327787,0.010251705404323352,0.11017682130415996,0.05552058529111415,0.05552058529111391,0.02517441028235045,0.025174410282351522,True
2.5,5.22856104347429,2.495899581670853,2.732661461803437,-4.064509368501301,0.8096842252900276,1.349787139174058,0.0010114005211031007,0.017661999380581828,0.0001677151476143797,0.00016771514761525515,6.006913821690172,6.0069138216890545,True
2.5,5.398229498575136,1.4654735698981054,3.93275592867703,-0.013945353698905654,0.6635320051238187,0.6434373312860645,0.0007992846792400643,0.3496353413887887,5.124778904932534e-06,5.1247789048271685e-06,0.0024278944255078654,0.0024278944255078836,True
2.5,6.613013593906317,2.2916201722444955,4.321393421661821,-1.0756859344364056,1.2709376592382142,1.1621889976575592,0.007111723675767678,0.44420375900042414,2.36805547765543e-08,2.3680554838570207e-08,0.03203553118868727,0.03203553118868681,True
2.5,4.225092787582154,1.6587411338456468,2.5663516537365076,-2.9092971859086467,-2.127983198339289,1.2168214444853112,0.007426350680366123,0.7397243370047597,0.0010871419736458257,0.0010871419736458014,0.0977182538431467,0.09771825384314693,True
2.5,4.9863076584223975,3.388975804109081,1.5973318543133166,-1.5651417829386292,2.927034569765479,1.3123412399434597,0.011589252779490633,0.006763741363047693,0.007905354896175354,0.007905354896127975,-1.3733116555935658,-1.3733116555936316,True
2.5,4.684551666518866,2.1076875527161323,2.5768641138027335,-2.0756781624997167,-0.8617711102546869,1.1563894765673564,0.005842603461801765,0.6557014141341208,0.00033263965613082754,0.0003326396561304465,0.07986590999618898,0.07986590999618869,True
2.5,6.432291166992838,3.2292499775124255,3.203041189480413,-2.611826493795358,2.146975124707864,1.3281694451407569,0.0005831520166414972,0.06323652170033034,1.2393063303222577e-06,1.2393062727443298e-06,1.0742655017214158,1.0742655017215075,True
2.5,5.940278044695112,0.9226708685987075,5.017607176096404,-0.02372014396689024,0.7697971678928623,0.40846467745634757,7.64868165792909e-05,0.11855112674724311,2.1647103793389618e-07,2.1647103801999444e-07,6.937552714117977e-05,6.93755271407836e-05,True
2.5,4.414196336321039,2.400922086754696,2.013274249566343,-1.375365486742067,1.1588735159409929,1.0774490564642185,0.0015598784570095003,0.2474085097506185,0.003012794521960486,0.0030127945219599957,0.1761052944758924,0.17610529447589485,True
2.5,5.731019031686719,2.9391003029840386,2.7919187287026803,-0.6805912902432462,0.0535296229402471,1.1990071587792495,0.0014948554205839182,0.4908001324612578,1.0643271202177555e-05,1.0643271203140589e-05,0.0691313086730504,0.06913130867304945,True
2.5,4.876511656636296,1.914784010004859,2.961727646631437,-2.7943888559976466,-0.21546679231310106,1.0492508545771733,0.03397757822547082,0.6581582454609709,0.00015057476428504232,0.00015057476428449604,0.05722908270687277,0.05722908270687462,True
2.5,4.172676696491683,1.7065633125263235,2.4661133839653595,0.08829828321734813,1.485726538798414,0.6238613497444897,0.00940001211112873,0.14853418596349038,0.0028367389798367977,0.002836738979836403,0.01965125934142936,0.0196512593414309,True
2.5,5.072073200678956,2.116529308280046,2.95554389239891,-0.08314492157080014,0.22276713898514466,0.8848602585167448,0.0054512728032868885,0.4695790263222275,5.40259550414226e-05,5.402595504189571e-05,0.023791133870069713,0.023791133870070234,True
2.5,3.0189750930684154,1.4924901306378815,1.5264849624305339,-0.3078323235265208,-2.2518192057064046,0.888963780975109,0.0064641880074305935,0.7172760288891024,0.04269182291268402,0.04269182291268407,0.11084185451876784,0.11084185451876766,True
2.5,5.881935208732287,2.0105078977274125,3.8714273110048745,-0.8016741039096854,1.1604918786413685,0.9794381125869361,0.022320233349681196,0.15307677654726065,1.1807095898850505e-06,1.1807095899851784e-06,0.020884447528737686,0.02088444752873871,True
2.5,5.227068720525179,2.432152045687581,2.794916674837598,-1.4668206465223845,-1.0873124988017306,1.2202398558339107,0.006247279832685082,0.6190640973569302,4.176475757259519e-05,4.176475757233302e-05,0.06498129005949907,0.0649812900594998,True
2.5,3.8680205170698425,2.2711178960162166,1.596902621053626,-2.349452295879635,0.5836994866199237,1.507336776775143,2.3926798248197212e-05,0.35956764359838644,0.018751339176555092,0.01875133917655349,0.8628815526718183,0.8628815526718173,True
2.5,3.7642662283088497,1.6053862601806321,2.1588799681282174,-3.0858665404551013,-0.7514660099537239,1.0288878163934212,0.00840334709784235,0.6939161245128264,0.009136169823115187,0.00913616982311562,0.13202101801770913,0.132021018017708,True
2.5,5.7284311558273275,2.2025965151304567,3.525834640696871,0.39216581574972015,-2.8665248837199466,1.1692987165250037,0.0026200451752700915,0.6306454546285695,1.3320827290261232e-06,1.3320827290085672e-06,0.020882844580959785,0.020882844580959875,True
2.5,6.067226791521273,1.5865103828884628,4.48071640863281,-0.09477985566739126,-1.176807746300728,0.7293679033180281,0.025858486302987704,0.5380654333527387,8.218490429471045e-08,8.218490440200995e-08,0.001516288216701496,0.0015162882167015,True
2.5,5.814565456004136,1.9060596645929098,3.9085057914112262,-1.4213356574686682,-0.3815654482966524,0.933934080981782,0.017468385873395276,0.40895380667139847,8.156767879295133e-07,8.156767880759804e-07,0.010330722599155202,0.010330722599154211,True
2.5,4.900462694873492,2.005407416778008,2.895055278095484,0.570771758939802,1.9519046880133337,0.91538831572331,0.01732210867238293,0.17319696724873573,0.00020783255418425206,0.00020783255418430513,0.04714938600655876,0.04714938600656005,True
2.5,5.991930517110513,1.6932602446173106,4.298670272493202,0.12679287410998152,1.2411191741269398,0.8233184305351442,2.526439575589734e-05,0.39419908879936066,3.3491936796488696e-07,3.3491936808075117e-07,0.005753783225748084,0.005753783225748612,True
2.5,5.833980817153579,2.053777669710917,3.780203147442662,-1.6710140334212191,-1.5198421626841836,1.158175586913298,0.004548694697095734,0.6683970010181046,7.363034375297269e-07,7.36303437484472e-07,0.021198151165263402,0.021198151165263086,True
2.5,4.100952045938336,2.302661714406833,1.7982903315315033,-1.2100058111562226,1.1860688488362214,1.1604809334165789,0.012935157911708461,0.17188953863710155,0.00872776667057204,0.008727766670572071,0.2783603121640835,0.2783603121640844,True
2.5,4.6881979327223124,1.6758147296472696,3.012383203075043,-0.3651023035389008,-0.35655714760917234,0.7010458196104296,0.011558930337334017,0.5953033256564606,0.00015222079486186082,0.00015222079486172606,0.008933491437633365,0.00893349143763338,True
2.5,5.219020810205421,1.1171987885525811,4.10182202165284,-0.016102951201033062,-0.10795069404940971,0.48575638162000767,0.0037409836044632327,0.4881396353268767,6.829075139092286e-06,6.829075139186818e-06,0.00041080900982344484,0.0004108090098236713,True
2.5,5.974780699795335,2.933908467014334,3.0408722327810014,-2.931087188231799,-1.9187335359836586,1.4643945610546092,0.02179756422881446,0.664519232919589,2.3351473365317796e-06,2.3351473341749583e-06,0.08420325428371392,0.08420325428371365,True
2.5,5.633966054118289,2.143108555521619,3.4908574985966703,-1.9308797226495307,0.46039829744805894,1.0511209324895037,0.0007360568688091762,0.29237730718002936,4.868934014508483e-06,4.868934014387841e-06,0.034719359566011444,0.03471935956601164,True
2.5,5.288051411435083,1.5276695090063832,3.7603819024286995,-0.8506060083606798,-0.9101105789155913,0.7276438803207382,0.02746022013830901,0.6566484195424055,6.7359962915302585e-06,6.73599629153918e-06,0.003629589411007886,0.0036295894110080183,True
2.5,5.903138041789287,2.3868591463869806,3.5162788954023063,-2.6491240624002192,-0.1130554216660633,1.35979522486126,0.011254189072900822,0.25449831030373216,1.4194264272348932e-06,1.4194264255781522e-06,0.0783297093381102,0.07832970933811154,True
2.5,5.987414485650387,1.1775405487133828,4.809873936937004,-1.5692854926085429,-0.30564050706779666,0.8273590820266199,0.010141082904264298,0.19352815843422044,1.7834932982731853e-07,1.783493297651203e-07,0.00276369561693609,0.0027636956169361615,True
2.5,5.280557128704917,3.2953630666946525,1.9851940620102644,-0.23912212950084796,-2.2996907146628223,1.398154794833184,0.023562797841593985,0.6074970660717248,0.0002670574503572395,0.0002670574503602624,0.15700370688766485,0.15700370688766466,True
2.5,6.638937678502553,2.49282745313758,4.146110225364973,-0.8855602907341682,1.4084285312423779,1.1330474743213519,0.000766328463923327,0.5300344170960806,2.800906391561672e-08,2.8009063981024186e-08,0.031134754267377693,0.03113475426737727,True
2.5,6.616273866025426,1.183571116711518,5.432702749313908,-0.5061378870576698,-1.4588707800475929,0.6341052476170603,0.014911089757775442,0.7116774199282114,1.7443798195397397e-09,1.7443798332178128e-09,0.0002369987880856858,0.0002369987880859405,True
2.5,5.502402968159449,1.6356259019913493,3.8667770661680994,2.2444629172111124,-3.0973661355817876,0.9132106776532284,0.00430862595196857,0.6527081829884785,1.4748984166375622e-06,1.4748984165783543e-06,0.004941317853899777,0.004941317853899446,True
2.5,4.410811963809283,2.4462469161989837,1.9645650476102992,0.3901329435806233,-1.9262504618043013,1.0207612550199034,0.007293604740997495,0.6230611837435966,0.001617948920867093,0.001617948920867712,0.08443349317564683,0.0844334931756467,True
2.5,3.880700369945943,1.7163367650638321,2.1643636048821104,-0.21072418143392327,-0.17138904892795992,0.7078851934994715,0.009676483512764289,0.5195669902891018,0.00439835967666294,0.00439835967666281,0.02986445297487477,0.029864452974873813,True
2.5,5.623455318841391,1.9761016596594407,3.6473536591819506,0.8303656002697576,1.8276188840416454,1.0059853736724917,0.00588458726153579,0.33849915338199565,4.247813307463832e-06,4.247813307035147e-06,0.02747622657699343,0.027476226576993692,True
2.5,7.151494699599913,1.5052269723019416,5.646267727297971,-0.07111826800536337,0.5976012912974702,0.7426183468536214,0.0014212572884209074,0.36574933145249133,1.173410555665464e-10,1.1734094057958775e-10,0.0007764527663712819,0.0007764527663705544,True
2.5,5.1242463152315505,1.9431203958044712,3.181125919427079,0.7772963903998991,2.2177561751709156,0.7102514178234665,0.007191291633944996,0.07749910184684072,8.673086994329571e-05,8.67308699429702e-05,0.0156375490280379,0.015637549028032466,True
2.5,4.11664253304652,1.8402298943008844,2.276412638745636,-0.7935036743880931,-0.04175544085423588,0.8630880647653338,0.011060683852199937,0.5990189607579616,0.002420113641854162,0.0024201136418540966,0.04910023563256457,0.049100235632563986,True
2.5,4.4029946486670735,1.3257011447733726,3.077293503893701,-0.21277479020192097,-0.21749821322068807,0.5773821897978232,0.001745235774536058,0.5745484018012456,0.00035905205198802966,0.00035905205198815727,0.0036431592628982617,0.0036431592628982,True
2.5,3.662245184195333,1.2991881336855098,2.3630570505098234,-0.915824038337971,-1.6083463924840644,0.8725671496583519,0.033782395945537724,0.4211518791188563,0.00509557196326435,0.005095571963264343,0.037668579013646626,0.03766857901364638,True
2.5,3.520735648521579,2.141720633000073,1.3790150155215057,-0.20121594010266822,-1.7169276708252907,1.1419558870654658,0.014283575311054952,0.6469820333702976,0.02628711018639233,0.026287110186392418,0.21473917711604346,0.21473917711604357,True
2.5,5.273885928811958,2.1331090395045766,3.1407768893073813,-0.6531318067943174,-0.26439007480285925,0.8760573188044359,0.0004052329789417941,0.40466979439831263,1.9607027327023826e-05,1.960702732688338e-05,0.018179729340208457,0.018179729340208693,True
2.5,4.172216996675595,1.6680877148917788,2.5041292817838166,-1.2420387159148465,0.6139006484623704,0.9024274738239444,0.00400948843127763,0.13221695418682006,0.002491833087252024,0.0024918330872521666,0.06010126975300454,0.06010126975300405,True
2.5,5.488910578461442,1.5361517355034346,3.9527588429580076,0.958863577368126,-2.3740757721680543,0.7708135016518232,0.014809075638185898,0.6770051091178859,1.5625753463829868e-06,1.5625753464538146e-06,0.0025913266558406176,0.002591326655841071,True
2.5,4.327127189979775,3.3213918617495035,1.0057353282302715,-5.264514654481139,-0.09411862577289654,1.6393842338811118,0.0008060068390172703,0.35491651762967735,0.033418418719211425,0.033418418719195854,0.9452632790884867,0.9452632790884896,True
2.5,3.2306296930361067,1.7382110315905919,1.4924186614455148,0.6776524735676068,-1.6966657786248465,0.729512010145149,0.004645087324823216,0.6138924693993824,0.03144926920144112,0.031449269201441206,0.07312111931478443,0.07312111931478463,True
2.5,4.050405766169987,1.768257251996904,2.2821485141730826,-0.5964310632327285,-0.7678683577316201,1.0480047240250325,0.004071737506160578,0.6090759335764916,0.002359943271378025,0.0023599432713780903,0.07442183522065579,0.0744218352206558,True
2.5,5.194030381173234,1.5390232118263636,3.65500716934687,-0.11100052247354666,-1.7489096019857608,0.801828278682403,0.007795332730103466,0.68173579325979,8.613644868383323e-06,8.61364486847735e-06,0.004886205170147814,0.004886205170148247,True
2.5,5.636475075602856,0.8074336220362469,4.829041453566609,-0.32214305971563206,-0.17315239081277622,0.4553286405228627,0.0007297257343041319,0.3375371389634229,7.031705081299774e-07,7.031705080873528e-07,9.263286843068043e-05,9.263286843005018e-05,True
2.5,5.339589690535763,1.9862380793764702,3.353351611159293,-4.291004914198834,-0.01609084540818806,1.0555938629927368,0.00910802999414867,0.022789335638384922,3.621090707410547e-05,3.6210907077941886e-05,0.0705730088232628,0.07057300882326187,False
2.5,4.835321984016678,2.294303418180424,2.5410185658362545,-1.6722702602181094,0.2458896399869075,1.332633572755277,0.005328688358857081,0.5741214403089983,0.0002892593836953598,0.0002892593836947772,0.15655205098716646,0.1565520509871662,True
2.5,5.962242090465246,2.0272171747229106,3.935024915742335,-1.0231452773658722,-0.9395576348215631,0.9474153265286916,0.003507258016906989,0.6276704224389007,3.475552117747945e-07,3.4755521177145846e-07,0.009172235044672399,0.00917223504467225,True
2.5,4.412258208473897,2.0854409398478517,2.3268172686260455,-1.7126445755759216,-1.4441772805033755,1.1921711556749799,0.0014515851388001155,0.3864741509041171,0.0009175693922200348,0.0009175693922198637,0.09815135146602032,0.09815135146602028,True
2.5,5.3432629837514725,0.9368308538372913,4.406432129914181,-0.692951426291419,0.19683221422415031,0.45163487743174735,0.007006034449243692,0.009957831426065822,5.372826198861141e-06,5.372826198908793e-06,0.0002038049211263275,0.0002038049211264751,True
2.5,4.0858156890348845,1.42163300350384,2.6641826855310446,0.9297468142686889,-2.5536635008582467,0.8628952907071622,0.011839114432396713,0.704693446858134,0.0009222176497250106,0.0009222176497250936,0.01859949369800795,0.01859949369800809,True
2.5,5.494983240502299,2.926216479471872,2.5687667610304272,-3.9811085478207233,1.1217983488151733,1.4426842691740402,3.454219594195562e-05,0.0934885118023619,8.805531246991985e-05,8.805531245547894e-05,4.6007444762924194,4.600744476291941,True
2.5,5.229968990959328,1.3393371194291248,3.8906318715302035,-0.9848749748377329,-0.0843610007106832,0.6934147067492271,0.0022951107137044735,0.6373155426955526,1.0463943364451119e-05,1.0463943364448305e-05,0.0030154665087134803,0.003015466508713868,True
2.5,4.0082946558601025,2.2134551745636486,1.7948394812964539,-3.9421706449774696,-0.9655161976891031,1.2286734398082848,0.018917441829857606,0.6767621731465672,0.007918859432200439,0.007918859432201027,0.25257181325920625,0.25257181325920486,True
2.5,4.936907008150079,2.2576455317224897,2.6792614764275897,-0.9920334563887647,0.4551608285023412,0.909202879098169,0.0026130107941702008,0.32947564267816276,0.00016189757596804606,0.00016189757596803998,0.040891528429539456,0.040891528429539734,True
2.5,5.19245266608975,2.6010924962202893,2.5913601698694606,-5.37139494354039,-0.6442647250494675,1.3257789773930135,0.06293534093372855,0.18944914325825746,0.00011844223573562342,0.00011844223572590183,0.20239781007280178,0.20239781007280025,True
2.5,4.340808238231303,1.6191422712984584,2.7216659669328447,-2.093031557086089,-1.5019935778167581,0.8799440689577004,0.004225770343454505,0.7117422871986268,0.0006508893062804247,0.0006508893062802143,0.026642939416751058,0.026642939416750902,True
2.5,5.544969112655205,1.4651558765150885,4.079813236140117,0.01095938535298799,-0.7324196041961651,0.5900980211905256,0.0026195307225942988,0.5972812418699895,1.4579129704256026e-06,1.4579129703872873e-06,0.001079591317338302,0.0010795913173377396,True
2.5,3.3077853124733725,2.9553123607421408,0.3524729517312317,-0.08966856602462656,0.448290296095067,1.4735295826711103,0.015906626404054325,0.5105805161961137,0.3704618683247581,0.3704618683247553,0.7799652667307246,0.7799652667307234,True
2.5,5.219650953142058,3.156634123507326,2.063016829634732,-1.5065117823564345,-2.6215066964425975,1.4241292638469718,0.0005740105711465882,0.6613827559145533,0.00024334170902130933,0.00024334170902253822,0.15552808678288513,0.15552808678288502,True
2.5,4.783460305741954,1.4998990669845642,3.28356123875739,-0.5704479121896805,-0.3063516669626929,0.7554991976608982,0.009965712855300735,0.5064532582674489,8.449574209086776e-05,8.44957420908382e-05,0.008073373699943263,0.008073373699942791,True
2.5,4.7738855255474,2.765028959253422,2.008856566293978,-0.9566995669417152,-0.9494150466429243,1.186037837637701,0.0022876411658215856,0.4409084952360586,0.0007909656900866753,0.000790965690086665,0.12640453912928404,0.1264045391292848,True
2.5,7.207812037158136,2.5527529399036735,4.655059097254462,-1.910340080129888,1.8785477004983386,1.2605350142450722,0.013952297251815182,0.01673141155728297,1.9830673827594395e-09,1.983073684108358e-09,0.33583343948763084,0.3358334394876288,False
2.5,6.932801349245305,1.904261983323241,5.0285393659220645,0.10865314348614757,-2.276564563738524,0.9857952041246396,0.0012026816818379582,0.6741177899594538,4.4998959722606956e-10,4.4998971258133856e-10,0.0027666500836150644,0.0027666500836153337,True
2.5,5.90172626899811,1.3884303863918037,4.5132958826063065,0.6673789551357284,-2.088496411254132,0.8238219734340727,0.0010156746620174073,0.6781445491525124,1.3519724345465835e-07,1.35197243569067e-07,0.0017839712614481167,0.0017839712614478767,True
2.5,4.722227741814639,1.8353344775141,2.8868932643005394,-0.9359761591900168,0.3205322965485129,1.1306563618177108,0.00036493817993782374,0.5719239975527013,0.00022160281958549737,0.00022160281958550759,0.0689256616795834,0.06892566167958346,True
2.5,4.6394095138871325,1.9052488019897427,2.73416071189739,0.9836294188917163,-2.095456083985331,1.079960317190653,0.017806916163228326,0.6007864572064806,0.0001910111842496902,0.00019101118424941829,0.03709737301630594,0.037097373016305925,True
2.5,4.696596491820624,2.9061237633984995,1.7904727284221242,-2.8178073638165517,0.20055914169428757,1.2491094526545188,0.002099627632293044,0.299877742710986,0.002136526771335724,0.0021365267713321593,0.23968240172166763,0.23968240172166697,True
2.5,4.868995070172602,1.4602447996095966,3.4087502705630053,-0.7287196685317859,-1.4423161262141742,0.9492435979585233,0.0006328486320098525,0.4257181655746983,4.3181961209547746e-05,4.318196120957529e-05,0.013797790846964142,0.013797790846964154,True
2.5,4.029974061793282,2.1752771781903153,1.8546968836029665,-1.4176864400036282,0.5960653544936196,1.1650119804572816,0.027764791692904023,0.4766845215831109,0.007474818686325226,0.007474818686325024,0.2228816422414169,0.22288164224141818,True
2.5,4.946559612881424,2.872742766378454,2.0738168465029703,-0.2909033419937977,1.021177120025957,1.3685250332301229,0.0041834983688910365,0.3931480741593242,0.0005895724434722387,0.0005895724434719428,0.20796546757864293,0.20796546757864268,True
2.5,5.057560974825196,1.958587529567241,3.098973445257955,-1.117387911179896,1.1368653648771225,0.7873557697596331,0.0022156099795369033,0.08879294629877149,9.597266043754399e-05,9.597266043763201e-05,0.020691720473576144,0.02069172047357365,True
2.5,5.308184946294369,1.3706692864116454,3.9375156598827235,-0.5190453322135197,-1.267227547948972,0.6758432414910864,0.004422209785388265,0.6820864340377922,4.473011857041937e-06,4.4730118570811325e-06,0.0018707579677183215,0.0018707579677186286,True
2.5,6.092469898332266,2.698438479011133,3.394031419321133,-0.9669725051638389,-0.7174098578143444,1.1343989142610977,0.0011784715542211277,0.565424087165284,6.601502767775006e-07,6.601502767908205e-07,0.030956244747679287,0.03095624474767964,True
2.5,5.473990912592178,1.084140362695254,4.3898505498969245,-0.23052191008781842,0.8077569739447095,0.5396589856189734,0.004943544263419031,0.5119221584193864,3.543852536524193e-06,3.543852536549691e-06,0.0006170073013750268,0.0006170073013749914,True
2.5,6.866230034729513,2.366998219330206,4.499231815399307,0.8294165810681,2.5493873747023588,1.1008964533751115,0.004531493461635061,0.07987057507590506,8.821098243536418e-09,8.821099341490913e-09,0.033991790981015194,0.03399179098101736,True
2.5,5.299774566861195,1.61175129865102,3.6880232682101743,-0.03927725916348175,-0.5601430904338519,0.8266105595314629,0.002765353125260106,0.5102915485102952,6.658192772479019e-06,6.658192772523308e-06,0.006423673383343018,0.006423673383343304,True
2.5,6.077849819662132,2.2618908118824543,3.8159590077796772,-1.1471409140705082,-0.9723054925087431,0.9416843774664242,0.0009067920944265673,0.6343406648408895,2.71709158287578e-07,2.7170915825176165e-07,0.010771439036126625,0.010771439036127439,True
2.5,4.024516350710646,1.1478312702144045,2.876685080496241,-0.10671274914870912,0.5652370578130235,0.5263374188788313,0.0027213493232139396,0.2759094723356381,0.0019151582490960898,0.0019151582490959226,0.003818270859427678,0.0038182708594271214,True
2.5,5.286444224380823,2.6240979871450527,2.66234623723577,-1.4315837491675845,-1.643147325374936,1.1149906423388742,0.005620303078079092,0.6465318313457068,4.441740887440808e-05,4.4417408873993675e-05,0.0546177513989505,0.05461775139895074,True
2.5,7.227617773533834,1.8234945001378315,5.404123273396002,-2.1065234880815025,0.630229298439315,0.9178073552731347,0.003829273679555878,0.02607590511089458,2.2201935049161438e-10,2.2202005538470613e-10,0.004336399720291217,0.004336399720292458,True
2.5,5.416345896125556,1.075794900511287,4.340550995614269,-0.3063717891816197,-0.6144257502133341,0.5789236139564038,0.0009879780066993638,0.6515575322241218,2.199128512286998e-06,2.19912851225222e-06,0.0005617780157213568,0.0005617780157209666,True
2.5,5.603818253365931,1.283755464889458,4.3200627884764735,0.39881758239956977,-1.7950822901984127,0.7087791037580663,3.5619914231177496e-05,0.5553179908239951,6.819029961681822e-07,6.819029961674713e-07,0.0011791749724327182,0.0011791749724325941,True
2.5,5.629007183854061,2.802547737162299,2.8264594466917625,-0.2817901297034287,2.5230064354412587,1.1250085441553226,0.0012111156264243417,0.07884252778460638,4.2233758094904696e-05,4.2233758090094064e-05,0.17147603557155575,0.17147603557155514,True
2.5,5.570086072693791,2.637029780399262,2.933056292294529,-1.7188484134192825,0.6902880483373053,1.0949818459738185,0.006944247795156566,0.30955815331571956,1.6548842617207364e-05,1.6548842617595145e-05,0.06312942847741573,0.06312942847741763,True
2.5,3.4328577902361506,2.2506584947096187,1.182199295526532,-0.37361873840824017,-1.841892945848834,1.0582051991222137,0.003997922525043329,0.5863036992392923,0.04365948622036697,0.04365948622036717,0.2370178324072048,0.23701783240720486,True
2.5,3.534710077543121,1.658289611496564,1.8764204660465569,1.4885085330143684,-2.6304663850046204,0.7835017157130733,0.0012666859982581324,0.6757788358523897,0.009518661304744479,0.009518661304744625,0.04284926466643079,0.042849264666430784,True
2.5,4.827337295357105,1.9905472402426592,2.836790055114446,-3.5678284622624457,-1.3947491638595733,1.3775522351926184,0.00237532799763851,0.6279296500131994,0.00015675647906827344,0.00015675647906716712,0.13403099319329886,0.13403099319329917,True
2.5,5.866821328040931,1.781549786490494,4.085271541550437,-2.5813313700201324,0.22498647213202783,1.0169469539328058,0.00901609058899877,0.5858117290963469,1.0615121897777524e-06,1.0615121898799592e-06,0.0219681906826675,0.021968190682666776,True
2.5,6.295797561046974,1.6397646139432631,4.656032947103711,-1.5652349097633895,0.5816627142388886,0.7984268851377986,0.0032926053000439937,0.04121242881271514,6.807575927044597e-08,6.807575955952255e-08,0.003736649967236853,0.0037366499672370794,True
2.5,4.084041604041003,2.0325198210601103,2.0515217829808927,-1.0862626759962741,1.4846143252647028,0.9069507306285995,0.02350176794049602,0.014571988437220684,0.009493653298848931,0.00949365329884895,0.13153372707772776,0.13153372707772742,True
2.5,5.601589956808909,1.5978331553522045,4.003756801456705,-0.24800107985726585,-0.3268992986864522,0.6482725488386342,0.0016679398203973128,0.44319934097991126,1.4524167262225104e-06,1.4524167261566788e-06,0.0019912859822401137,0.001991285982240265,True
2.5,3.9355723411411625,1.5215269526148718,2.414045388526291,0.09875107004994006,-0.9627044794206361,0.9088899177870557,0.0024241976240699237,0.5229164700778443,0.002336231195702906,0.0023362311957028687,0.038194247884762694,0.03819424788476256,True
2.5,5.470641217289506,2.330562089687363,3.140079127602143,-2.307210200413294,1.1583980081349385,0.9225846190031403,0.008853697064023058,0.05221469806144441,2.8665764190527282e-05,2.8665764193441333e-05,0.04216125646117908,0.04216125646117877,True
2.5,5.8160441722390175,2.226435916594949,3.5896082556440683,0.08783727878141534,-0.6071213398774259,0.9624188824598204,0.0007772382685383161,0.5291657563609337,1.0921883518607228e-06,1.092188352406016e-06,0.01371237274002323,0.013712372740024072,True
2.5,4.431772769907615,2.364962605568187,2.0668101643394277,-2.691030353475817,-2.893436072756549,1.5098566970152076,0.0006620869226883208,0.711539467434767,0.0013380789176424522,0.0013380789176423195,0.1994739143472841,0.19947391434728437,True
2.5,3.811940656040361,2.0384908245627247,1.7734498314776364,0.8565091056148236,2.2797564236388554,0.7863415335699366,7.899320698045997e-05,0.10264936057459506,0.02098237545305303,0.020982375453051084,0.11581500309928339,0.1158150030992825,True
2.5,5.636099932638258,1.8908955712325515,3.7452043614057065,-0.056914821967351675,0.20533317020983333,0.7327027050033272,0.007073294426554522,0.48132085921813844,2.0141267219373e-06,2.0141267222567095e-06,0.005187912553628871,0.005187912553629285,True
2.5,5.553138272196697,3.918951571493381,1.634186700703316,-0.8052386972876064,3.385198047199067,1.4742319309588379,0.016164897915165566,0.07896014273271407,0.0016504434960178122,0.0016504434960606224,-0.6526126616213881,-0.6526126616214076,True
2.5,5.651833967025877,1.2391469118608718,4.412687055165005,-0.21437071252815992,1.0491834237963698,0.5464611485776691,0.007531325339105999,0.01736996484704917,1.8275035444783348e-06,1.8275035444787841e-06,0.0007668848365217668,0.0007668848365213536,True
2.5,4.406792596505113,1.2991016911194728,3.10769090538564,0.06623193895750315,-0.7306831017505807,0.830280158912838,0.0018486291638954988,0.5389533084179933,0.0002877581191365077,0.000287758119136549,0.012008283224522706,0.012008283224522541,True
2.5,4.945514627993461,2.3572056612559886,2.5883089667374723,-3.373400014759761,0.604903823590335,1.390287156604391,0.009147207530736612,0.33519287260582664,0.00035007825808306705,0.00035007825808694903,0.6721281492723021,0.6721281492723016,True
2.5,4.755166705355443,1.1515571702337264,3.6036095351217172,0.4548733023017993,-2.180467719866052,0.6826997780195486,0.0010528061829432889,0.7268540680211073,4.094745174981013e-05,4.094745174972683e-05,0.0021456427613028906,0.0021456427613030776,True
2.5,5.489218645198425,2.4576957247300313,3.0315229204683933,-1.723819543135606,-1.7231464413591149,1.332355352041177,0.0028650792163063543,0.6594154012049233,1.0606633256444773e-05,1.0606633256834631e-05,0.06310050831649666,0.0631005083164969,True
2.5,4.944729354135369,2.187756209430366,2.7569731447050025,-1.468700827797672,-0.9763705998174915,1.0090322898550037,0.004181971706110954,0.6439646390934453,0.00010507291569105973,0.00010507291569119522,0.04008635537354659,0.040086355373546566,True
2.5,4.346990351080005,2.220454923802254,2.126535427277751,-0.7422240108334811,0.811719285959859,1.1396775666239944,0.02652517738115928,0.34874450964145887,0.0022077844150365654,0.002207784415036397,0.14961571136828303,0.14961571136828392,True
2.5,2.8816639574515257,1.8513011330592715,1.0303628243922542,-1.1836978308458856,-0.3912257737549102,0.837026460173482,0.0284000191363305,0.626960189983137,0.1299126213805464,0.12991262138054646,0.2375779506461294,0.23757795064612902,True
2.5,5.927779840187051,3.1004259288532916,2.827353911333759,0.40256531961989506,2.882423169838879,1.2137799524709936,0.003501777626341962,0.11745063560226476,1.481691962224335e-05,1.4816919584991246e-05,0.2239736247218449,0.2239736247218356,True
2.5,5.044610649494686,1.142222508865548,3.902388140629138,0.23854287806205235,-1.3511788297492067,0.6643145964993447,0.0006042969768990658,0.5439561736336636,1.167672342880301e-05,1.1676723428806019e-05,0.0014801219512387623,0.0014801219512388167,True
2.5,4.72245617603056,1.8411660615851884,2.8812901144453718,-1.7759551832849179,0.9217693833741589,0.8881285135716375,0.005987589283440009,0.015095889591581979,0.0004982741141929912,0.0004982741141924182,0.045944279732376705,0.04594427973237484,False
2.5,4.394366727098137,1.8476462589935765,2.5467204681045605,-1.310033776206643,1.0664610729719284,0.7884567357338365,0.0027021886175396803,0.034475710369400225,0.0017920753330093683,0.0017920753330094878,0.04050476415649035,0.04050476415648924,True
2.5,4.716568280161578,1.719107204141223,2.997461076020355,-0.10639482278265847,-0.11285422972783543,0.6800995021179007,0.004197123791698287,0.45664313195370493,0.00014402711618105148,0.0001440271161810997,0.008640890973215805,0.008640890973215926,True
2.5,5.846223125538529,1.5511735302093368,4.295049595329193,0.9250320464301599,-2.169749600307026,0.8068308377643926,0.01716522193605302,0.6377185493127846,2.2406453159455266e-07,2.2406453165856992e-07,0.002167735070113496,0.0021677350701134928,True
2.5,5.15654840262145,1.8315026289722294,3.3250457736492205,-0.9595910767747703,0.06063017661763381,0.8859360535551692,0.022785617487660947,0.3128559288628376,2.5686451644241535e-05,2.568645164423324e-05,0.016469968621382322,0.01646996862138291,True
2.5,6.849976936412491,1.2434557073924157,5.606521229020076,0.1150139569207528,-2.039550464651167,0.776545780430099,0.00042885757057498086,0.6500844490666774,3.2280262986741855e-10,3.228027052376281e-10,0.0004507653820648922,0.00045076538206509224,True
2.5,5.471416518527743,1.8591255676802287,3.6122909508475143,0.1895386220755146,1.0365567127124171,0.7934460924072871,0.011135413132925986,0.4134684190710052,6.111764959709518e-06,6.11176495928692e-06,0.009372332823948766,0.009372332823948545,True
2.5,4.315228555577482,1.6386579708711946,2.6765705847062877,-1.831473732920882,-1.0149347980391368,0.8712287140708493,0.011399593293863974,0.6808205845249713,0.0007924596106862363,0.0007924596106860874,0.028858956304924764,0.028858956304924598,True
2.5,4.974017984830775,1.9312496737746134,3.042768311056162,0.08998627277084902,3.0561565380446414,1.3097850048231896,0.004467154186567235,0.4299779142615492,-8.920598029915383e-05,inf,-0.06175576053541963,-0.061755760535420576,False
2.5,4.551700409954758,3.320472372426586,1.2312280375281723,1.1439357693257863,-2.2680403907916733,1.3670909831854305,0.012546307621902508,0.592591107592213,0.00923448908919451,0.009234489089203046,0.29724560049635085,0.29724560049635135,True
2.5,5.918251978110351,1.6438917561731836,4.274360221937167,-1.5024139247543518,0.4365160797222778,0.9732918070826095,0.00359437545204222,0.267627654456489,5.363563410023215e-07,5.363563410564689e-07,0.012789788254359512,0.01278978825435981,True
2.5,5.659170019742716,1.1720281799130319,4.487141839829684,0.47392492523655466,-1.601325831693372,0.6647791963174037,0.01760758528646167,0.5946214008556227,4.532963242823322e-07,4.5329632426912267e-07,0.000706550221417878,0.0007065502214175033,True
2.5,6.456389490440151,0.8034708860247115,5.65291860441544,-0.10020900759650779,-0.294826647143437,0.38079915800805053,0.0033136430826792296,0.4676192789805617,4.8103964493917554e-09,4.810396424256937e-09,1.4816911568647296e-05,1.481691156808452e-05,True
2.5,5.994373011922393,1.9248090404793003,4.069563971443093,-2.8033133900219833,0.2446994523829682,0.8481483826658966,0.015063273813180733,0.060432170422260234,6.099993185674282e-07,6.099993196894829e-07,0.00921493556005579,0.009214935560057346,True
2.5,3.294627210756573,1.6154921117868843,1.6791350989696885,-0.33942894334855467,-1.7326171703679802,0.9435588808671646,0.003664976738195991,0.6589604351963375,0.02300445169271471,0.023004451692714697,0.10595455603602313,0.10595455603602341,True
2.5,5.486427844605314,0.9845942045764325,4.501833640028881,0.03683012263404967,0.4310021873409873,0.6132606174806302,0.00013046942371608417,0.453707907661302,1.996856723964298e-06,1.996856723926628e-06,0.000769619631328065,0.0007696196313282653,True
2.5,5.25909202566161,2.3479422067330753,2.9111498189285343,-3.764493012558247,-1.0937381909600592,1.2597545368196228,1.1159471449695424e-05,0.6765281649221452,3.763540231958996e-05,3.763540232129347e-05,0.08616572283033344,0.08616572283033247,True
2.5,4.2357320307006425,2.616043844382516,1.6196881863181267,1.161787774856506,-3.5745796089584982,1.2711563899613396,0.0012450142382381402,0.6900449585235622,0.004659840038532719,0.00465984003853164,0.1741563950750031,0.17415639507500316,True
2.5,3.57485919131088,1.7744929404726983,1.8003662508381817,-0.6549194965588415,-0.19437200391869003,0.9716740008368386,0.04809676742931002,0.3860679565617692,0.014701434908571807,0.014701434908571832,0.1183987906729675,0.11839879067296723,True
2.5,5.055382832280648,2.8882669765427695,2.1671158557378782,-4.9912362762918985,0.9488819908525019,1.221086941625972,0.009300091258907017,0.04678075801695186,0.000893572461231992,0.0008935724612619123,0.5619996989347477,0.5619996989347396,True
2.5,4.609256407117833,1.464950154331572,3.144306252786261,-0.2906717314647668,0.23405124159882962,0.6767553109903768,0.0014627273283709386,0.46280746329059896,0.00020103513298866843,0.0002010351329886825,0.00701356887297116,0.0070135688729715965,True
2.5,5.252669894595559,1.9665456150455578,3.286124279550002,-0.3093182483580885,1.0486844292260304,0.830410171233822,0.0005088548348384236,0.27002293283510326,2.520352393543566e-05,2.5203523935464027e-05,0.01714704456265524,0.017147044562655492,True
2.5,3.3532508549424884,2.761465598590402,0.5917852563520865,1.1323468296997639,-3.2967000901563215,1.327178515805981,0.011862370350137097,0.6567218550308951,0.17554305053269306,0.175543050532694,0.5442351566058232,0.544235156605823,True
2.5,6.4721313148875765,3.025006579006112,3.4471247358814647,-1.106089681628979,2.4385798171380406,1.2261880594636214,0.009877166257677206,0.06630956926393711,5.639691046487573e-07,5.639691035359765e-07,0.20534403598993686,0.2053440359899214,True
2.5,3.968926494948899,1.2251304302578248,2.7437960646910744,-1.2034993320213598,-1.099595718640042,0.7641515313130083,0.04808798069867326,0.7035564772585865,0.0018302894055066742,0.0018302894055066586,0.015534220129554573,0.015534220129554618,True
2.5,4.942489907904109,1.959389750670691,2.9831001572334186,0.22766032547462656,-1.4068826020846863,0.9592569131497508,0.001547769390174536,0.6187291711298037,5.7257493700406116e-05,5.7257493700699345e-05,0.02189478856699637,0.021894788566996205,True
2.5,4.722433807989146,1.9466747585749737,2.7757590494141726,-4.42478583104638,-0.79775725013407,1.19327972796806,0.012083881456988133,0.6944626381573037,0.0003623147760828182,0.00036231477608521375,0.13874900171800872,0.13874900171800805,True
2.5,5.426958047047437,2.392005991868343,3.034952055179094,0.39683611105109623,-2.0299323204754263,1.1417523578235356,0.008421651591652646,0.6309232548730372,1.0981205364526376e-05,1.0981205365214082e-05,0.03418570143337285,0.03418570143337259,True
2.5,5.052264009765052,2.8797695602721585,2.1724944494928935,-1.6111889069768617,1.5912620796389065,1.1130944823565794,0.004275860488531957,0.17210474385264957,0.0005528757842370758,0.0005528757842372208,0.1798791314212906,0.17987913142129355,True
2.5,4.717367801947848,2.337762415836177,2.379605386111671,1.34162262037225,-2.8902024238702744,1.0452539429995509,0.005966158169375235,0.6527817710589842,0.0002995835385090535,0.00029958353850977396,0.04999559939179503,0.049995599391795154,True
2.5,5.5687036693037815,1.5507733937230093,4.017930275580772,1.8481460958711837,-2.815175753167306,0.9228345730505662,0.002476498450361131,0.6573159597328233,9.400562931452325e-07,9.400562933332221e-07,0.0044138011016752144,0.004413801101675334,True
2.5,6.028350092613881,2.063144142199687,3.9652059504141937,-1.1324288149278443,1.4601227098982816,0.824989204694984,0.00542202420423743,0.02086595978978556,8.942880607415814e-07,8.942880609423211e-07,0.011770850158387058,0.01177085015838574,True
2.5,5.6299054806135524,1.1931327024442737,4.436772778169279,0.12712548098067622,-1.1321068571037194,0.5444856403311775,0.011459106124942942,0.579447124083835,6.200014896839395e-07,6.200014897639483e-07,0.00037137764232230964,0.0003713776423220515,True
2.5,5.839718929455454,2.9013092653639627,2.9384096640914916,-3.4681556324561407,1.503205690712682,1.1193593257697643,0.01326604003021059,0.04830060497697014,1.662627658164781e-05,1.662627656250874e-05,0.1541896529137765,0.15418965291378003,True
2.5,4.383176515073036,1.8917805610191956,2.491395954053841,-1.0539368295863298,-0.6451091213870436,0.9064471489998315,0.0005852069721219433,0.6040793137552904,0.0008043134723297354,0.0008043134723297353,0.03995012272172448,0.03995012272172412,True
2.5,5.1946447729157015,1.9270676773633935,3.267577095552308,3.581626063253435,-4.041444668000574,1.1464414564992762,0.0037560323606058987,0.7061757937297787,1.1223281737915364e-05,1.122328173740788e-05,0.020418620635289233,0.020418620635289233,True
2.5,4.893455191649045,1.3742043632344032,3.519250828414642,-0.24190469710299894,-0.17072852330369126,0.6752147392813558,0.003332136910857708,0.42288271405223565,4.319540321983585e-05,4.319540321985449e-05,0.003760560916302161,0.003760560916301544,True
2.5,4.445620584623538,1.3834843047043153,3.0621362799192227,0.6144943050769899,-2.7608846286210253,0.8808304161771521,0.0017124133199660219,0.7267541989458336,0.0002001359575726502,0.00020013595757267786,0.011962776983149785,0.011962776983149516,True
2.5,1.9477273245257667,1.355684694561739,0.5920426299640278,-0.7285221194108823,-0.5713966039194618,0.7335973816437001,0.02066596248763386,0.5400735863947227,0.4774079013559617,0.47740790135596173,0.3984722396415369,0.3984722396415366,True
2.5,2.8776285096550245,1.7584920354277347,1.1191364742272898,-0.47906631475635564,-1.9287656532984423,0.9833624928476211,0.005805872713690818,0.6404693473224059,0.09452759843114847,0.0945275984311485,0.23819748852385764,0.23819748852385758,True
2.5,3.871791758656841,2.3105195634586355,1.5612721951982054,-0.015348596938368722,-1.1827951966655843,0.9568366853793885,0.017936095212999104,0.5221719048168184,0.01098354655431441,0.010983546554314192,0.1278380018921033,0.127838001892104,True
2.5,3.5818219713338486,2.786551263054854,0.7952707082789945,-0.8197186529894376,-0.2414498839272845,1.26902849686481,0.011083769436443458,0.49419394256404287,0.09966325910703194,0.0996632591070317,0.48648771202706403,0.4864877120270648,True
2.5,3.527346098244678,2.2196841062997916,1.3076619919448862,-1.6359355846694454,1.1304551590594594,1.1160633299290732,0.00038846023125577167,0.5629089727274967,0.06179604567889708,0.06179604567889587,0.4483926185846443,0.4483926185846434,True
2.5,5.3565091788148385,1.497527493011586,3.8589816858032524,0.47213896705702885,-2.2444388663686303,0.7708551376593863,0.016026272975796396,0.6874592335545369,3.154533388830094e-06,3.1545333887373155e-06,0.0029589113915641347,0.0029589113915640336,True
2.5,3.5138894674931915,3.043246331427729,0.4706431360654624,-4.293654923347352,1.469833412098681,1.4322862833849068,0.06486212856392287,0.037209512229919195,0.42909561751757186,0.4290956175175441,-0.5437710674884175,-0.5437710674884336,True
2.5,6.958088432379011,1.03425307417705,5.923835358201961,-0.5246445818128816,0.02380990756218604,0.5523831043487971,0.0006637803157489297,0.6186922594706342,2.784947357209231e-10,2.7849470948784836e-10,0.00010072971142063569,0.00010072971141966587,True
2.5,6.583276384427875,2.2516880507107677,4.331588333717107,-1.5517256084048472,0.5610798649550968,1.0910787656349425,0.004534920284113175,0.4619820930253324,1.9676893746861895e-08,1.9676893371544895e-08,0.017848359979855306,0.017848359979855115,True
2.5,4.521684846055162,1.1685570811670225,3.35312776488814,-0.15629128924552227,-0.7874926208712829,0.69485689697899,0.000915072956932439,0.6281021637468628,0.00016017643039965214,0.00016017643039969794,0.004248945361262006,0.004248945361262147,True
2.5,5.988021134438007,1.6514560012291777,4.336565133208829,-0.8423736567700295,-0.1092739153713631,0.8267194015745111,0.007543519367603946,0.324884952819683,2.132923173636118e-07,2.1329231736490938e-07,0.003997407860928573,0.003997407860929215,True
2.5,3.415520130472429,2.3067524414319616,1.1087676890404676,-0.5370028994498317,-0.9406521166541189,1.0876434205470105,0.02498377911137961,0.5483318075757051,0.05488503748007333,0.054885037480073395,0.2844165914066689,0.2844165914066686,True
2.5,5.371042842825926,1.7921298141146154,3.5789130287113102,-1.8793839269746802,-1.1533585092473255,0.982909816612044,0.0075705812692409835,0.3633756851182013,6.7837084659977e-06,6.783708466115811e-06,0.015587583473867298,0.015587583473866748,True
2.5,5.059453154718532,2.55380298530131,2.5056501694172217,0.7008689042287067,-2.035184311555464,1.1209240305815125,0.0008217857244424698,0.5609961739913327,0.000103175144251394,0.00010317514425084846,0.05645717751856486,0.05645717751856531,True
2.5,3.8584417697456552,2.606819075260148,1.2516226944855071,-1.1998225720040578,1.244595745435566,0.9716994283902218,0.00451769676085545,0.21761474497676297,0.034677740330564415,0.034677740330564526,0.2792289801434665,0.27922898014346553,True
2.5,5.734202955160674,1.9464821555679048,3.787720799592769,-0.3070889323760383,0.5517804248609623,0.9449245879169031,0.006218193243581027,0.4545845763954977,1.5079872189912865e-06,1.5079872187825346e-06,0.013580849545029899,0.013580849545030457,True
2.5,4.367177428877142,1.6485062690514545,2.7186711598256874,0.2205960893494796,-1.009675783818486,0.818634241213139,0.0022890538103529368,0.5734112156241642,0.0004880100302123881,0.0004880100302123206,0.018224415830443767,0.01822441583044384,True
2.5,4.531730641332505,3.4789719168948996,1.0527587244376053,-8.663838627766976,0.7647858512805683,1.5336181367691892,0.008917208734200377,0.035669387703833655,0.04797546052069802,0.04797546052023224,-0.18053045112982258,-0.18053045112982571,True
2.5,6.684118956114736,1.7317282166698038,4.952390739444931,0.8498830144962374,-1.9494300329976677,0.833628162672716,4.23782949886542e-05,0.6313301610836408,1.7440198476992553e-09,1.7440197182740512e-09,0.0014285484494582228,0.0014285484494584704,True
2.5,4.471633020709798,2.2218610109878063,2.2497720097219918,-2.5894984373534347,0.10362851479584068,1.2145095512045274,2.6890979595406428e-05,0.605489047620459,0.0014421979488927158,0.0014421979488912979,0.18195182042635213,0.1819518204263531,True
2.5,4.644138237308792,1.7271265534160527,2.9170116838927393,1.3643692659084188,-2.3550751164499744,0.8223678684398281,0.010677112999568805,0.6161381466726605,0.00013287804777218208,0.00013287804777190572,0.012038445954628415,0.012038445954628305,True
2.5,3.756541353797607,2.317606936933401,1.438934416864206,-4.4277386514091335,0.038679599928641784,1.3831245192101564,0.002171861337136982,0.16491650154829468,0.03657486238786292,0.03657486238786139,1.3117442230450695,1.3117442230450798,True
2.5,5.870298414405367,1.6229333201128873,4.24736509429248,-1.1449783443195416,0.025523648311227554,0.7714879569162734,0.00023012147390200077,0.30291608539082626,4.680084664389897e-07,4.680084664555123e-07,0.003576986259512417,0.0035769862595129076,True
2.5,4.201051000332036,1.4279414580562144,2.773109542275822,-1.202270225145752,0.4383456637936489,0.7177411226870487,0.029160294861011515,0.06720392050460111,0.001718507362925457,0.001718507362925379,0.017629894665885167,0.017629894665884802,True
2.5,3.0181604309995977,2.1381364292446423,0.8800240017549554,-1.3675294714538393,1.066169781819788,1.0786335916279184,0.007185373092578162,0.5742699143956893,0.20587756120662853,0.20587756120662884,0.5662183665008146,0.5662183665008133,True
2.5,4.670272700672469,1.8446632490514017,2.8256094516210677,0.46447310676339965,1.7979115917099247,1.0438942170119003,0.012325314760628148,0.45368796832959796,0.0004550074266972696,0.00045500742669739096,0.08297903384067401,0.08297903384067383,True
2.5,6.302700696936896,0.7843111246976613,5.518389572239235,-0.5229609730177676,-0.4703097208949647,0.5026277317147965,0.004759058743403877,0.381406061236857,1.3714988802748017e-08,1.3714988829816027e-08,6.514882135599371e-05,6.51488213560614e-05,True
2.5,6.049743857364615,3.5016954547269803,2.548048402637635,-0.5345310019578238,1.5441089639169046,1.5729516829313117,0.008534085879892461,0.3229544230476633,1.142082379620783e-05,1.142082380142508e-05,0.22928259096040224,0.22928259096040288,True
2.5,6.456129964957009,2.2598994519695608,4.196230512987448,-1.8143737480004292,-0.669522925919193,1.1618481263634584,0.03810788638860557,0.3611301757022289,3.0578864921453045e-08,3.057886455777135e-08,0.017645195317657812,0.01764519531765782,True
2.5,6.455305144139476,2.0108977284875387,4.444407415651938,-4.83187304052883,-0.8144296203365825,1.1700240638282777,0.008912449006229617,0.6979258777248529,3.7098928006513244e-08,3.709893101467711e-08,0.029936282305923607,0.02993628230592293,True
2.5,5.3236232852100756,1.8856440215946315,3.437979263615444,-0.934764093952269,-0.24909706093809136,0.8805405770831181,0.00025932886904550534,0.48057763137620974,1.0709809623410378e-05,1.0709809623428716e-05,0.01319429656990393,0.013194296569903992,True
2.5,5.14025485022798,2.1759624305695406,2.9642924196584395,-0.32703390658217807,-1.7498806557863373,0.9933548085422484,0.024592486688721882,0.6485483331611515,3.268584850493054e-05,3.268584850500101e-05,0.02573532297857334,0.025735322978573706,True
2.5,5.8631419073287185,1.886621771653618,3.9765201356751003,-1.2909757213126094,-0.029702980360333586,0.852518461315903,0.008823539897423072,0.61379901456977,6.644452301779758e-07,6.644452301309773e-07,0.007376010467870828,0.007376010467871359,True
2.5,5.069246167656895,2.6560870888603985,2.4131590787964967,-0.3960510541294828,-2.0700782451749866,1.3868286174728068,0.002930987373973959,0.5671429494493921,0.0001317057108340198,0.00013170571083394753,0.10688231559326493,0.10688231559326512,True
2.5,6.204578335041386,1.3335440513453125,4.871034283696074,-0.2815795938921218,0.14765526933158646,0.610156789331565,0.02716750325479761,0.40612560961715755,4.138407892328233e-08,4.1384078905250865e-08,0.0005716882800938198,0.000571688280094134,True
2.5,2.1184565696346076,2.023177581916703,0.09527898771790477,0.7087530351680534,-2.7396935774900317,1.1754870146209024,0.03128133135382233,0.5592468572929261,0.8315618373478633,0.8315618373478636,0.904006119498839,0.904006119498839,True
2.5,5.911483910470603,1.4350853959344365,4.476398514536167,-0.04060072662454814,-0.9623265739114745,0.7904804908562083,0.010926333693987211,0.5854278592285438,1.7479103873573938e-07,1.7479103862331508e-07,0.0020027666807675014,0.002002766680767826,True
2.5,5.9531578772395175,1.9797475207027189,3.9734103565367986,-0.0985871653895425,0.9762614567658887,1.0914015836377402,0.01813487434418659,0.4365136102531779,5.286665252086791e-07,5.28666525658071e-07,0.02245027673904823,0.022450276739048876,True
2.5,4.723408953501838,2.1731191674138066,2.550289786088032,-1.8204347315557738,1.2372432479698494,1.0821174845109345,0.001782945554153481,0.03354798111690954,0.000823407011609057,0.0008234070116083912,0.15663100052014092,0.1566310005201409,True
2.5,6.103328149042973,2.0725773540336507,4.030750795009322,-0.8369662322173653,-2.487365075537133,1.3613645330777748,0.00633769306973464,0.662319632991013,1.3000633250380757e-07,1.3000633248608367e-07,0.024806669166448442,0.024806669166448407,True
2.5,6.026377038865325,1.9469514998475033,4.079425539017822,1.0313011945795048,-3.338085130353597,1.21156561264303,0.010146728741388611,0.6102755178977689,1.3612509465097058e-07,1.3612509483745878e-07,0.01273221002912998,0.012732210029130114,True
2.5,5.2034978765540325,2.0060630390543097,3.197434837499723,-0.46842369637596454,1.3498918741382906,0.7541131993213609,0.007181164382567995,0.15603550297345936,4.434476285421685e-05,4.434476285445784e-05,0.015715115650456035,0.01571511565045551,True
2.5,4.016142416444802,2.1216971725508205,1.8944452438939812,-2.769245507106406,0.38235789231889195,1.1743618037709125,0.0026923840796084786,0.17065473794678243,0.009357492098899292,0.009357492098899913,0.3014925136606764,0.30149251366067464,True
2.5,5.357468288408892,1.7481154682926703,3.609352820116222,-1.1067272030527422,-0.15123847058120066,0.9758326923938646,0.011338045184737189,0.3591456618986423,8.004439241416568e-06,8.004439241385619e-06,0.01699241399745541,0.016992413997455606,True
2.5,4.6935280262416,1.8072734234775771,2.886254602764023,1.5326042096637478,2.4924660880865876,0.7897056543355143,0.04006895084487888,0.18925251662162718,0.0004937181754080307,0.0004937181754066803,0.03222767269789632,0.03222767269789676,True
2.5,4.8020121689286865,2.2073272977260676,2.594684871202619,1.241610236721505,2.3868694475723755,0.9933422288547167,0.006204297721244867,0.29157638635776817,0.0004619752176918074,0.00046197521769538016,0.0880203354043863,0.08802033540438683,True
2.5,4.884652329584606,3.0501642939924634,1.8344880355921425,2.297018736348901,3.7946622856321417,1.0579886711778208,0.05988054825157452,0.012464617769289643,0.004889296355605091,0.004889296355542359,0.3980513218573993,0.3980513218574061,True
2.5,4.715477680369272,2.012010293884802,2.70346738648447,0.9004553871589152,-2.239911615238798,1.113018929299166,2.775756711514976e-05,0.5710322692817508,0.00016339554081230915,0.00016339554081252548,0.04189656865064268,0.04189656865064273,True
2.5,5.767875413557077,1.8303959096895546,3.937479503867522,-1.8524204789001324,-1.0081079806922442,0.9223800881321055,0.0057825753625968535,0.6728129480377609,8.609085776585493e-07,8.609085775160084e-07,0.0086607779894114,0.008660777989411136,True
2.5,5.825228425471662,1.8416473900111139,3.9835810354605483,-3.0222015871806827,0.11424299294181117,0.9231837652484279,0.0023725276008845775,0.02547087475879689,1.5250525429182718e-06,1.5250525424246123e-06,0.015047014487973921,0.015047014487974145,True
2.5,4.595139776905053,2.4386535582721165,2.1564862186329363,-0.20329240692450046,-1.689675814484489,1.1459450780966438,0.0013487775943595848,0.5064305139889209,0.0007427075813987728,0.0007427075813987385,0.09077269911535438,0.09077269911535414,True
2.5,6.709001888574154,1.4335692181553805,5.275432670418773,-3.054143763046591,-1.555236110672947,0.9704611393247283,0.0004381468746968431,0.7406153459843865,1.9736759171139244e-09,1.9736762553811244e-09,0.003251349215647324,0.003251349215647445,True
2.5,6.90880521119386,2.011242008602456,4.897563202591404,-1.3674941728305652,-0.0717026106145695,1.1772157736128168,0.003364961264661015,0.5307908018378185,1.1720742299610306e-09,1.1720740472075794e-09,0.011854776840025633,0.011854776840024997,True
2.5,5.384240483900549,2.667221685014834,2.7170187988857153,-1.8662573654665657,0.7071312627127664,1.3644246731856764,0.03839912947087731,0.5364518016948312,4.8139711323725136e-05,4.813971132360125e-05,0.16170781957809363,0.1617078195780925,True
2.5,5.629320962387158,2.393477431109323,3.235843531277835,0.9520594524033229,-3.2664978846236963,1.266563069317115,0.016740316885771878,0.6436958865135262,3.33820021322071e-06,3.3382002130733894e-06,0.03414915524859692,0.03414915524859709,True
2.5,5.135157835866776,1.912767751291687,3.222390084575089,-0.3020962064928247,0.3018695985429125,0.8570120789117636,0.01069794851610556,0.5171057356572455,3.0344479609141027e-05,3.034447960943908e-05,0.01617787512379294,0.016177875123792623,True
2.5,5.116311669285229,2.0096301722178667,3.106681497067362,-0.49126869015455554,0.2779937351547219,0.8551319132979615,0.002304349132652095,0.5183310278838228,3.954062200255435e-05,3.9540622002333534e-05,0.018830650701970875,0.018830650701970056,True
2.5,6.285707220200787,3.1813254618602516,3.1043817583405353,-2.7305343550380794,0.3006845513112195,1.3646350539282912,0.0020421535907410027,0.5958188521059355,9.973519462988014e-07,9.97351943605703e-07,0.09914986159372664,0.0991498615937283,True
2.5,3.33539501666662,1.7373392094124451,1.598055807254175,-1.3326949026484431,-0.28184029299547,0.8790042543720679,0.01127805005523097,0.2946286469823473,0.032839250185894966,0.03283925018589489,0.12729147629739992,0.12729147629739893,True
2.5,4.720594830300463,1.853885577217591,2.866709253082872,1.264367016318379,-3.0619870269296166,0.9680382384847835,0.013369445155832216,0.69583897334926,0.00011241430178564901,0.00011241430178570513,0.021132573619613286,0.0211325736196136,True
2.5,5.911231266988549,1.3199694855547024,4.591261781433847,0.07367842730545042,-0.6562674097402015,0.5425051499667692,0.0012906226585575609,0.5715849209845951,1.6160344635545976e-07,1.6160344633000223e-07,0.0003877242741250512,0.00038772427412580115,True
2.5,4.83712582795158,4.03364472439557,0.8034811035560097,0.09437209997398123,-1.050689422989145,1.6093735196272898,0.016617728315987124,0.5346326656017608,0.0323852339025663,0.03238523390257583,0.5280136089957086,0.5280136089957091,True
2.5,4.251396269340493,1.3034873111158134,2.947908958224679,-1.4370519677495024,-1.7290914136963917,0.866838568629652,0.0007307059368463764,0.7366206973675378,0.0005871159400285506,0.0005871159400285124,0.017746197156808082,0.017746197156808384,True
2.5,5.648096009507832,2.2529024166305605,3.395193592877271,-2.7195571782116614,-2.585144293562755,1.4568163631813185,0.010701890141421866,0.7113934027041521,2.8432559874300895e-06,2.8432559870794086e-06,0.06205112774664329,0.062051127746643155,True
2.5,4.447817314556225,1.9120249182939988,2.5357923962622264,-0.31764890353723585,1.1122006998879108,1.1666949898012067,0.010113311490883736,0.5287088729274038,0.0009991589309173048,0.0009991589309177565,0.12962202950365095,0.12962202950365037,True
2.5,5.199688070990347,0.8975414843491125,4.302146586641235,0.0749803314201076,0.6717221126014685,0.45860908292251856,0.00622646937353144,0.3012447794288401,9.810047762631917e-06,9.810047762762825e-06,0.0002528052861913326,0.000252805286190468,True
2.5,4.851851633167676,2.305736524671011,2.5461151084966653,0.2334487686510169,-1.1419847812138375,0.902537866484399,0.0002724985792862955,0.5791036214251831,0.00017586429876962704,0.00017586429877014493,0.03385502602735033,0.03385502602734982,True
2.5,3.476490669944506,2.0386832603644836,1.4378074095800226,-1.5463724319431977,0.6176754067901,0.910376501999373,0.015856821439645452,0.26044792034606956,0.043090920305952296,0.043090920305952525,0.19935225905746548,0.199352259057466,True
2.5,4.686984135575104,1.1969290695731623,3.4900550660019416,-1.3862397715554626,-1.3090804216415015,0.80835029841162,0.004824911250557895,0.7211991812862588,9.028582459466706e-05,9.028582459464336e-05,0.007350330391449934,0.007350330391449943,True
2.5,6.6700001304983525,0.9358569217192482,5.734143208779105,-1.3354757702220599,-0.954543871445797,0.6758636592575687,0.0007086737374710217,0.7395501746903461,1.5420558288081682e-09,1.5420558707019268e-09,0.00027483409303526743,0.00027483409303566614,True
2.5,4.805877419756716,2.4397644200225357,2.3661129997341805,-2.319733411428103,0.4412953108369435,1.0687907248657207,0.007494446097617069,0.25963835363851956,0.0005102096181310917,0.0005102096181309045,0.10572486866593124,0.10572486866593102,True
2.5,5.8527930185558645,2.430763998516497,3.4220290200393677,-0.5553329899983418,-1.0408869244658407,1.0837363285116488,0.00346372495227526,0.4702149140984586,1.3411122686712236e-06,1.3411122689044014e-06,0.02370406566678072,0.023704065666781012,True
2.5,5.189983574744384,2.0872842928919684,3.102699281852416,-0.18696381171003426,1.9177625009274775,0.8037477601036328,0.006837684752573792,0.035439937515303166,8.538971704109401e-05,8.538971704120193e-05,0.02705631681709771,0.02705631681710046,True
2.5,5.388959520636254,1.9778158542037547,3.4111436664324994,-1.4457472089762404,-0.34524922111556866,0.9323353745639621,0.0008140194155759062,0.594022335748462,9.257921822169304e-06,9.257921822330069e-06,0.01734865415249549,0.017348654152494182,True
2.5,5.370918526717308,1.3944736375730031,3.9764448891443047,0.7984118767806364,1.9009528060669334,0.6083597659527349,0.006037816105079641,0.08854788307938749,1.1723224650869033e-05,1.172322464997504e-05,0.002684899192358818,0.0026848991923571182,True
2.5,5.0002556559925875,2.2718339269171746,2.728421729075413,1.7496398537024276,2.91536571477918,0.9559509457073216,0.005800430993891548,0.10335579099863051,0.0003153714978788722,0.00031537149787116395,0.08765850697696298,0.08765850697696184,True
2.5,5.8477631177683635,2.7641672841084346,3.083595833659929,-2.04482931303746,2.0132409384908576,1.0179263598969412,0.006111537770211506,0.01969773829245225,1.5284809730790477e-05,1.528480973456547e-05,0.09478750388794688,0.09478750388794699,True
2.5,4.994936632529673,1.7936859955425588,3.2012506369871145,-0.8978138834576846,-2.133728541246954,0.9400417315255155,0.022658844688855873,0.6922741892374208,3.4349023324510284e-05,3.434902332452514e-05,0.015704239199635487,0.015704239199635144,True
2.5,5.390324764390488,2.235404663253906,3.1549201011365824,-1.231248632513035,0.6845512856794211,0.8929040746300798,0.005200486652067404,0.26475427099954296,1.904484007287221e-05,1.9044840072950835e-05,0.02558986963553458,0.02558986963553202,True
2.5,5.4673320426658565,3.0011486935774516,2.466183349088405,-2.748942697641191,0.4859738676067651,1.463833063387002,0.0020537784096203437,0.2678764395386054,6.872375374710962e-05,6.872375373845789e-05,0.23362269545608283,0.23362269545608205,True
2.5,5.657737936179006,1.4607323252825268,4.197005610896479,0.7226253012529295,-2.630815325877089,0.9294363908122591,0.001888192418663892,0.7199245812688972,5.591974350858562e-07,5.591974350028652e-07,0.004007884892105825,0.004007884892105596,True
2.5,5.425279291207786,1.1955889447595989,4.229690346448187,-0.34747434440796815,-2.120141488252928,0.7586929406196364,0.0010984534445682703,0.7418175759894485,1.7167996158978954e-06,1.7167996159126327e-06,0.0017371409996086858,0.0017371409996084744,True
2.5,5.388845923754605,2.8351308397446893,2.553715084009916,-2.8125617803353236,1.7405990337429467,1.342740994523417,0.02229654846512208,0.026394324729260676,0.0001773265333812766,0.00017732653337588846,-17.962941868924908,-17.96294186892829,True
2.5,2.9265885185400444,2.157767816667377,0.7688207018726674,-0.47003515646576416,1.1058346851264043,0.9671694623527306,0.0036463193039841246,0.396064123942624,0.2227145869278415,0.22271458692784155,0.4618726247623938,0.4618726247623946,True
2.5,3.6007867535603766,1.2899317872376315,2.3108549663227453,-0.7301459784093507,0.6892470734179921,0.5457106151148081,0.007278226115897457,0.018358537581708134,0.013900848910316375,0.013900848910316324,0.012594362865912671,0.012594362865913125,True
2.5,4.187006023403682,1.4944272140864183,2.6925788093172636,1.648697432472421,-2.662056245491008,0.8681569766160083,0.0027681436199664677,0.6742123719768722,0.0006425578878240881,0.0006425578878239039,0.01753439992941963,0.01753439992941966,True
2.5,5.303913095325525,1.4624001989676676,3.841512896357857,-0.047829369488752084,-1.481639944822919,0.851219536590595,0.006866099075079568,0.5010415049349959,4.5845184839944354e-06,4.584518484036418e-06,0.00502675496706272,0.005026754967062854,True
2.5,4.193311618728218,1.879988643011882,2.3133229757163356,-0.3676146910699758,-1.1655325069613394,1.034964429165575,0.0002563210190722476,0.4664574846803354,0.0014723489224331638,0.0014723489224333127,0.06325363523098451,0.06325363523098491,True
2.5,4.779660415892969,1.801083106185711,2.9785773097072576,1.0980371109124651,2.152733976938255,0.9746520343376193,0.006054826669818492,0.21275990223433017,0.000280299283023781,0.00028029928302246887,0.057940545118340354,0.05794054511834141,True
2.5,4.717751573858619,1.7747054738533323,2.9430461000052865,-0.0030945220537869533,-1.5583256118515165,0.8514328968187642,0.0004604838420120272,0.5872781895839483,0.00012121347331964205,0.00012121347331958996,0.015275495046944783,0.015275495046944608,True
2.5,5.4524201491505435,2.0577980757335474,3.394622073416996,-0.04539434615416208,1.535978923840149,0.7730571155638984,0.008488833072442636,0.21628559411216247,1.2989808305806926e-05,1.2989808305977778e-05,0.014001940132533329,0.014001940132531214,True
2.5,2.022366763616064,0.9226574300413891,1.0997093335746748,-0.2652380462463356,0.1877246809784865,0.4545452666027419,0.023510374045762172,0.3269395963724498,0.3428673072337265,0.34286730723372666,0.06184890166710278,0.06184890166710354,True
2.5,3.622921344188292,1.9864940225003531,1.6364273216879388,-2.8241236182769645,0.08851529851055528,1.0171103785952023,0.016037577723419016,0.6458072526630123,0.027637654273084896,0.027637654273085868,0.22837252819224413,0.2283725281922444,True
2.5,6.100489168501615,1.880166402366272,4.220322766135343,-2.467625405793314,0.17045508786603092,1.0178506349382688,0.0074259712566561165,0.5865881974928002,2.603082410383326e-07,2.603082408783224e-07,0.016863576048676613,0.01686357604867657,True
2.5,4.609291187866267,1.5100554849523233,3.099235702913944,-2.003725251516806,0.11076363437541925,0.7807117324074149,0.00470677303636774,0.02565001856814153,0.00036966590628147525,0.0003696659062818725,0.016595905495381154,0.016595905495380644,True
2.5,5.830198826667923,2.1397231336222218,3.690475693045701,-0.0039771340107848585,-0.03104214082387169,0.9252895206294658,0.010813756830835464,0.5090332194561048,9.624183681084154e-07,9.6241836767233e-07,0.01192178778075803,0.011921787780757823,True
2.5,4.860419124839179,1.597536010691036,3.2628831141481434,-0.034894458745447464,-0.8671871949365855,0.6543262224009324,0.0005398542479076451,0.5719821149287131,5.3449984482002975e-05,5.3449984481934535e-05,0.0044942013463352345,0.004494201346335292,True
2.5,4.250990173554096,2.802597511951262,1.4483926616028344,2.895813480667274,-3.5545454758545634,1.4233070861113561,0.007632220493014097,0.6450022851007664,0.006892303819332469,0.006892303819329881,0.23877177555160184,0.23877177555160162,True
2.5,4.470206137320427,2.666782520865502,1.8034236164549253,-3.2259902905747135,0.8084645184097261,1.387034422418909,0.0007559194277497183,0.5585572405115125,0.00460163573969389,0.004601635739703457,0.6736572458496333,0.6736572458496344,True
2.5,5.431944765711099,2.1421284453484,3.2898163203626987,0.7627603384984898,-2.2593314400292632,0.9779971158462984,0.00711503475793035,0.6018306405755295,6.088931193723339e-06,6.088931194196385e-06,0.01551475559762016,0.015514755597620245,True
2.5,4.256797953831653,2.3991320435850763,1.8576659102465771,0.7929653566560404,-1.9064806346706396,0.9640800668689684,0.001439984215514667,0.5987352234618272,0.0027327857553681827,0.00273278575536819,0.08409176650178855,0.08409176650178853,True
2.5,3.9115372117079334,1.3013975181345907,2.610139693573343,0.97919331198077,-2.289262649998736,0.7553467282006675,0.000577528285685025,0.6920617426208184,0.0015749017306280805,0.0015749017306281674,0.012568639950929902,0.012568639950930098,True
2.5,5.12882542010373,1.3112119264216042,3.817613493682126,-0.6578259303799737,0.3889472308570394,0.6767051644914032,0.0025372515641597926,0.5683160711011093,1.976277856045762e-05,1.976277856044272e-05,0.0032842037783905017,0.0032842037783911877,True
2.5,5.74870077215097,1.2155441575799002,4.5331566145710696,-0.4539488418575484,-0.6544942783250619,0.5304041663714633,0.009513431400255401,0.6532241377191332,4.136147950055695e-07,4.136147949702791e-07,0.00035451258536033873,0.0003545125853610755,True
2.5,5.0595214493814336,1.4811082115114766,3.578413237869957,-0.440395729832637,-0.4974397586960523,0.6710148726069924,0.01403701245035488,0.5779627107873055,2.0644252756547887e-05,2.0644252756578906e-05,0.003403989162815721,0.003403989162815948,True
2.5,5.713444322410011,1.6613621991801617,4.052082123229849,-0.3010227476720837,-0.7448192205933903,0.766837461730338,0.01037587880207691,0.6140449435689919,7.776345999340705e-07,7.776345998848637e-07,0.00328922585352416,0.003289225853524179,True
2.5,4.550790957136805,1.1941553370918712,3.3566356200449334,-1.0792079567226036,0.20332941879069755,0.6201052639982564,0.005317648544728104,0.05918027422132821,0.00029806302449563165,0.00029806302449564363,0.003986960608851916,0.003986960608852675,True
2.5,5.119333018632333,1.5638285959893234,3.5555044226430095,-2.194769547223766,0.17424810345722008,0.7738694852273804,0.0018463141094671731,0.015161478685914331,4.1339142002790276e-05,4.133914200226504e-05,0.009835357507353888,0.009835357507354021,False
2.5,5.586999829863528,2.6300862399997755,2.956913589863752,0.5311519552149833,1.7907464947521325,1.0125229528819668,0.0028462253039471253,0.3282338893368836,1.5819857684343366e-05,1.581985768082879e-05,0.052008860843744065,0.05200886084374564,True
2.5,5.821222732402149,2.2048043151598664,3.616418417242283,-0.7270457203853395,-1.5874434229575638,1.1185316303136184,0.013217368384613237,0.5610699935380865,9.520202645307455e-07,9.520202644295207e-07,0.01997135858318189,0.019971358583181904,True
2.5,6.940527470758795,2.5581785065211466,4.382348964237648,-1.2909523034873112,-2.188126253421887,1.5534670263875077,0.003710147690965615,0.6264536228659889,1.7878780288433593e-09,1.7878781213723693e-09,0.03094941276314896,0.030949412763149352,True
2.5,7.182962645791709,1.2933891992690176,5.889573446522691,-7.776278496427837e-05,-1.3625428419382253,0.5730985628059064,0.002015464491482599,0.6686760112207158,3.890330987895008e-11,3.890335153838917e-11,0.00010817574589238483,0.00010817574589174655,True
2.5,5.511134327906449,1.9242364540118375,3.5868978738946113,-0.31012704244793754,-0.12177870954817083,0.7704727248925218,0.005262121249227425,0.5512240449772223,3.96758521431912e-06,3.9675852141845675e-06,0.007023602224492664,0.007023602224493538,True
2.5,3.3342182817515176,1.558066599164415,1.7761516825871027,-0.8258684268484975,0.13844049612577836,0.927870366570078,0.03032820484060761,0.3446856437511923,0.02792850026928926,0.027928500269289232,0.12756195525829564,0.12756195525829644,True
2.5,4.218503449545401,1.6616801352483042,2.556823314297097,-1.201935334533635,0.8192831160788563,0.9801747988900427,0.0029295569501656127,0.09455612457498563,0.002446464581869896,0.0024464645818697787,0.08843435464977223,0.08843435464977198,True
2.5,4.749988716331722,2.3460344633012298,2.4039542530304923,-1.2305823144138397,-1.6885656112699325,1.2888924451132753,0.004925226062256038,0.4816328160915565,0.0003198693634313611,0.0003198693634312678,0.10040390430260328,0.1004039043026029,True
2.5,6.429855997339917,2.66944046009064,3.760415537249277,-4.404211687143551,0.5326950718144796,1.207097306081583,0.00310641274137885,0.12131048676059403,2.011074684809728e-07,2.0110747657090805e-07,0.08357450916793413,0.08357450916793516,True
2.5,5.7562568759010775,1.7713990798392505,3.984857796061827,0.44710425881370736,1.6563497413097137,1.1733961844171157,0.005555476639129364,0.33042497855686515,1.7040322448929796e-06,1.7040322436844997e-06,0.04338451624082732,0.043384516240829035,True
2.5,4.980110174551274,2.1872080167488575,2.7929021578024162,0.010728305058542562,1.2814682873586043,0.865428924071006,0.01798651768871773,0.3458049014486908,0.00013442753952581525,0.00013442753952568767,0.03495187615166283,0.03495187615166393,True
2.5,4.596430836025958,1.3887220381279561,3.2077087978980012,0.4061379779805645,-1.50915413392784,0.606368232669797,0.007541034275946046,0.6466426408276358,0.00011848404858952479,0.00011848404858954858,0.002912872919932157,0.0029128729199324227,True
2.5,4.5757403622503885,1.4336153100130289,3.1421250522373594,-0.7372282491666933,0.6636174146527898,0.5989985290750061,0.0003162344361742342,0.1303660086693726,0.0003462771292516185,0.0003462771292517188,0.005391526078245224,0.005391526078244598,True
2.5,4.919529058510491,2.0470903665380855,2.872438691972406,-4.488017622899493,-0.4332885462763796,1.266617699807518,0.020083458159204814,0.6771308998033885,0.00020349963891962207,0.0002034996389190354,0.22030210980676357,0.22030210980676468,True
2.5,5.526835299342496,2.018420246756588,3.508415052585908,-0.19035154004447985,-3.2853037858304446,1.2938100587746646,0.001035449030572455,0.7178281987610671,2.8330599368850088e-06,2.833059937026791e-06,0.02978098926615121,0.029780989266151147,True
2.5,4.573960668200623,1.7362785480653644,2.837682120135259,-0.03699702027885714,-0.3107915292080278,0.7381898225296822,0.0011482557078923983,0.551487814120706,0.0002634572027353369,0.0002634572027351818,0.013135613783814722,0.013135613783814325,True
2.5,3.9988014520098982,1.424185836561633,2.5746156154482653,1.430922711676919,-2.554925354106053,0.7924745635233055,0.0076472386374381585,0.6194752526894622,0.0012557458721544673,0.0012557458721545803,0.015266263033643656,0.015266263033643677,True
2.5,4.306753994835435,2.3392089539979932,1.9675450408374417,-0.9447896820394934,0.27179262015705774,1.2688628291400563,0.010679422709031994,0.5284716693927387,0.0028050829781510055,0.002805082978151048,0.1936588666597394,0.19365886665973944,True
2.5,6.384055884183711,2.395840122015516,3.988215762168195,-1.4407482042308517,1.6326437360467816,0.8794163472608177,0.00408916907797946,0.05072569200620464,1.939207884125867e-07,1.9392078744328712e-07,0.016710533012923592,0.016710533012918572,True
2.5,6.639553851687092,2.0857073480735697,4.5538465036135225,-1.8453248680766217,-1.259848540073119,0.964833488795515,0.007881753536568725,0.6683304763436435,6.1021825094079065e-09,6.1021828039992265e-09,0.00560936097141093,0.005609360971410698,True
2.5,5.818710612241446,1.6457602438272392,4.172950368414207,-0.05978745332661789,-1.6192873607518457,0.8409017832883692,0.003428510990441891,0.6209698180949916,3.5158017718605813e-07,3.51580177284558e-07,0.003457713222452356,0.0034577132224522457,True
2.5,3.8147418087531046,2.042462750876708,1.7722790578763967,-0.7522171699914688,-0.17667059655289852,0.8942075439918219,0.008171394012583655,0.5174563818773709,0.009722318313556334,0.009722318313556343,0.09807164374330492,0.09807164374330513,True
2.5,6.209666248897661,2.3963492749008326,3.8133169739968285,-2.722454093922059,-1.6419274500585836,1.3358773684101042,0.005377985904723326,0.6480630498611092,1.663896151983468e-07,1.6638961633670624e-07,0.036524041242790656,0.036524041242790205,True
2.5,4.888423232253973,2.4115455899646254,2.4768776422893475,-0.4403253741619192,2.223481515479153,0.8968390810779878,0.0008202149102293221,0.013642461587085097,0.0008386184914890902,0.0008386184914867338,0.09055820906471988,0.09055820906472058,True
2.5,5.321728760643689,2.611407236862392,2.7103215237812965,0.3793579551731565,-1.3724672346181523,1.041061301780656,0.007610994950286942,0.5792014069508342,3.340553521537135e-05,3.3405535214881775e-05,0.04116739381226653,0.04116739381226581,True
2.5,4.5257085016687695,2.577105957292231,1.9486025443765387,-1.7259613206687183,0.12120006805603678,1.2905558981557024,1.9792903429627362e-05,0.34538409577209095,0.0019039102133559626,0.0019039102133571332,0.20792590053995239,0.2079259005399534,True
2.5,4.172548420763677,1.240393987491318,2.932154433272359,-0.6654472145790233,-1.3601111328196915,0.7448748104676736,0.002878418218219103,0.7030054154470485,0.0007178533428285293,0.0007178533428285542,0.009622915389784778,0.009622915389784778,True
2.5,4.228092429391439,1.0357395987989113,3.1923528305925277,-0.23026504931432162,-0.10413197020535625,0.7054164783526079,0.004141707261629435,0.48270055659679284,0.0006183153850850795,0.0006183153850851695,0.006760892837718292,0.006760892837718358,True
2.5,3.8826109435406315,2.093388128058702,1.7892228154819296,1.9784755642868315,2.8266771579842884,0.8955782265729677,0.007879733956131285,0.2226975433332895,0.01769814209628646,0.017698142096293907,0.16973546538965975,0.16973546538966244,True
2.5,4.627142275875381,2.6432412992173995,1.9839009766579818,-3.4650598908223595,-2.3445883491522013,1.2890070391961004,0.0003452921178181412,0.6943576587268718,0.0011477326471671862,0.00114773264716852,0.15802935726070244,0.15802935726070275,True
2.5,6.39780401629889,1.8967020036818099,4.50110201261708,-0.7449024116746102,0.5248287454464355,0.8255996974695352,0.012693560864924014,0.5709726720473446,3.114083785266531e-08,3.114083779429062e-08,0.004291670318858313,0.004291670318859852,True
2.5,4.996825432024306,1.6294087829474964,3.36741664907681,-0.7480832951895207,0.5506108236888605,0.7074379503337694,0.004964714763135036,0.2278579535231352,5.3412022108694313e-05,5.3412022108705054e-05,0.007618939950159656,0.00761893995016016,True
2.5,4.47064603548917,2.264566264542411,2.206079770946759,1.7110587648000073,3.008304655535209,0.8589579566682496,0.029336517996592426,0.008087278555864108,0.004107073966786966,0.004107073966800313,0.11196855354229647,0.1119685535422902,True
2.5,4.988973631274108,1.776365497689766,3.212608133584342,1.7693122174531404,-2.7889296041152503,0.9517252263042267,0.0032488581737443734,0.6322015705152606,2.7162092176210168e-05,2.7162092176423512e-05,0.013011544440223573,0.013011544440223495,True
2.5,4.667368518569737,2.017987993630773,2.649380524938964,-2.511745479661865,-0.6351476123838762,1.1280933613920148,0.012184638519776136,0.49945045810286254,0.00035212759693368573,0.0003521275969335915,0.07949258173301949,0.07949258173301942,True
2.5,5.140412671506447,1.609443845287428,3.530968826219019,0.2185080003420767,1.4810510149958143,0.6532535669507671,0.012803134150975282,0.18299782446426832,3.566592576490314e-05,3.566592576569871e-05,0.005694156544408733,0.005694156544406779,True
2.5,4.357126911327237,3.7418038776113236,0.6153230337159132,0.7984421544367354,-2.604664787465589,1.5828739275883126,0.010815813948054587,0.5484641631915906,0.08955088923960335,0.08955088923957746,0.5907602978683371,0.5907602978683373,True
2.5,5.601395306144729,2.951731635757742,2.649663670386987,-1.8989893659453703,2.1305476769908624,1.057775916275599,0.0068050598967912546,0.048167315728216975,7.312155510587832e-05,7.31215551187112e-05,0.1511093471181317,0.1511093471181276,True
2.5,4.088082401481558,2.737189607502548,1.35089279397901,0.6038014997880794,-1.9472473689700176,1.4790891407053819,0.0031040500920150316,0.5882154663605708,0.01223315283955542,0.012233152839554149,0.3036013536823238,0.30360135368232344,True
2.5,5.807611740385051,1.1266184206886403,4.680993319696411,0.20722740511726354,-1.6188753535869629,0.7438873908233611,0.0015975655196946437,0.6702616752766053,1.9568666033241147e-07,1.9568666037167994e-07,0.0009495913103604205,0.0009495913103601675,True
2.5,4.930130457242224,2.542650605322366,2.3874798519198577,-1.6335222060169001,-0.3033403300681873,1.4011943975413441,0.022094582360213555,0.43204742969211046,0.0002601257553974477,0.00026012575539666557,0.15739641522359044,0.1573964152235907,True
2.5,3.9471786950046495,2.2978483060954646,1.6493303889091848,2.620440088799728,-3.321346518920641,1.094868779481459,0.008624777939018391,0.6532275964546973,0.006748720791827336,0.0067487207918273265,0.12384035403901666,0.12384035403901628,True
2.5,7.25221275212006,2.684691649536705,4.567521102583354,-3.025013862263428,0.4375331634868733,1.2656323233686206,0.0038443532174711192,0.5971957652119051,5.807127033701888e-10,5.807185953020861e-10,0.03279369327122549,0.0327936932712265,True
2.5,3.8284466806685784,1.5756352527717838,2.252811427896795,-1.5954205861463293,0.240246551029756,0.7457664592672948,0.0019813536662581788,0.1204005894711328,0.007531259233978704,0.007531259233978854,0.039530491272214495,0.0395304912722138,True
2.5,5.171490312081009,1.8120971940337844,3.359393118047225,-1.8570149542601917,0.3280438440229354,1.2200479243041702,0.003075419827943904,0.1422590747131427,3.438583426814899e-05,3.438583426860873e-05,0.08463629458825536,0.0846362945882554,True
2.5,5.458841366423024,2.4195118419476724,3.0393295244753515,0.6328296847387902,2.652655691373656,0.8336167758974639,0.005889201427608293,0.013441863485192884,5.421173949734293e-05,5.4211739501188156e-05,0.0407661067002735,0.04076610670026898,True
2.5,4.258516097400367,1.7880777347406804,2.470438362659687,-0.40691193390703534,1.4550713454240087,0.82879240105624,0.029154925126759768,0.06915288842095318,0.0027726182039788604,0.0027726182039794606,0.054464552218196086,0.05446455221819553,True
2.5,3.4396432339287224,1.1153815879973716,2.324261645931351,-0.3323255484136896,-0.6957170626099651,0.6254895857761826,0.0013678334465745956,0.4292942408614323,0.009751360646432818,0.009751360646432752,0.013100354039134872,0.013100354039135044,True
2.5,4.521454256721994,2.257948946180462,2.2635053105415324,1.5235757788220639,2.561139905391837,1.0316558883116846,0.0482817028829145,0.22099809316595093,0.0017428646560694308,0.00174286465606617,0.14010635240430602,0.14010635240430114,True
2.5,5.007827571299035,2.680366254647452,2.3274613166515836,-0.8058098980048238,-0.4313848501007358,1.089118588602019,0.004029524725667033,0.427490847822161,0.00022433721784957957,0.00022433721784963058,0.08015385861273748,0.08015385861273824,True
2.5,6.690615386754649,1.3061419952608448,5.384473391493804,-0.21440839497943162,0.6485369047291012,0.78764550258461,0.002846570382066982,0.5400496911010556,2.5000549562094536e-09,2.5000551041526864e-09,0.0013127265818014416,0.0013127265818010752,True
2.5,2.865010525361735,1.6642529941049562,1.2007575312567786,-0.7733470991160756,1.2023721009050785,0.7579662110374846,0.015549813365938636,0.010917714484927676,0.2002827362725726,0.20028273627257281,0.21685370428655826,0.21685370428655826,False
2.5,5.274022730909135,2.192371111815864,3.0816516190932712,-0.18541324546013657,-0.04100023119307006,1.0712865895005228,0.00130739566917637,0.4542423002144005,2.1582841727568594e-05,2.1582841727495963e-05,0.03550338349081074,0.0355033834908107,True
2.5,6.67723692897818,2.053315442937832,4.623921486040349,-3.1851262104978684,-0.7109072101508602,1.1047529299039127,0.006674847635104064,0.6693750096952801,6.5061711786410986e-09,6.506171821957572e-09,0.012608366184600366,0.012608366184599918,True
2.5,5.419064142638871,3.1750188541333224,2.2440452885055486,-0.6047516790901063,-0.17774038949161708,1.3299621567585136,0.007274324267781629,0.4472086585153846,0.00010606790263801278,0.00010606790263706076,0.1355622899600906,0.13556228996009143,True
2.5,5.284887060746691,1.2532283289300312,4.031658731816659,0.4197276081584959,1.5092369122442526,0.5815581951705572,0.010808267481820677,0.31300036289669764,1.3514208399416923e-05,1.3514208398948914e-05,0.0017408216776420011,0.0017408216776416572,True
2.5,5.06943511977513,2.2889518135771003,2.7804833061980294,-1.4408732383654221,0.19452425127468742,0.9669941732290221,0.014635036948441038,0.31320708467717884,8.969416009777029e-05,8.969416009775606e-05,0.043273355114206914,0.04327335511420637,True
2.5,3.061229699311327,2.3123264009668953,0.7489032983444317,-0.42567510459773156,-0.4151936076594055,1.1479430037321203,0.0035534347380122844,0.49516966802301005,0.1656898727289163,0.16568987272891658,0.4665824383179412,0.4665824383179416,True
2.5,4.228863821921871,2.0225240157267805,2.20633980619509,0.10161138244454361,-1.9764510145876146,1.0543119984005347,0.002982042883417413,0.6558287325747609,0.0014637442689085071,0.0014637442689083948,0.06741195327705124,0.06741195327705139,True
2.5,6.000774724556166,1.4647121617666987,4.536062562789468,-1.2372485636826647,-1.1813268570339273,0.877850519844514,0.0008861045568932524,0.6914539216622001,1.255334951699344e-07,1.2553349518640923e-07,0.0033063612576033816,0.00330636125760366,True
2.5,3.9529782796006896,2.1250842098873934,1.8278940697132962,0.17394765601948967,-1.603091245094377,1.2220884715927627,0.0001518919940302621,0.5641680522591817,0.005374537424865459,0.005374537424865188,0.14827387628799718,0.148273876287997,True
2.5,7.264601880145982,1.3271358562626339,5.937466023883347,-1.8819970208836094,-0.36660635900765226,0.8504056799227819,0.005749069904800397,0.13970571000718573,5.2305838418555845e-11,5.230585308876663e-11,0.001122970971403266,0.0011229709714040555,True
2.5,6.113434754207598,1.7335001820464313,4.379934572161167,-1.2869428014184505,0.028527194578882753,0.9011682731607402,0.0037833319501514584,0.25277749558995616,1.3234061574147786e-07,1.3234061570744577e-07,0.006208801946008957,0.006208801946008061,True
2.5,4.61309084754356,0.9357861659503969,3.6773046815931636,-0.281335857795474,0.5449513913111927,0.5050149120005756,0.004817677548996313,0.10646637953848004,0.000178025438182046,0.00017802543818220399,0.0009426803424117217,0.0009426803424119305,True
2.5,5.826363946660344,1.5100726780542046,4.316291268606139,-1.5185649629606857,-1.0034493756963099,0.9431605018776251,0.008571420222196258,0.6623353141857773,3.9902104588869565e-07,3.9902104594618966e-07,0.006198838730839205,0.006198838730839202,True
2.5,4.671570106172564,2.046862241893039,2.624707864279525,-0.3263776082637401,-0.9275936123198653,0.9114495218876192,0.017240787518564615,0.5731780551490315,0.00026135209456690554,0.0002613520945670122,0.031719334534844226,0.03171933453484488,True
2.5,4.451070825007325,2.4979395676959717,1.9531312573113535,-0.31048734875396894,-0.9845791050349054,1.0424695044976968,0.008357019662842469,0.5577656345719383,0.0016918989524244911,0.0016918989524249094,0.09869285082548532,0.09869285082548629,True
2.5,4.5723729580617025,1.9418508271549118,2.6305221309067908,-1.3143470608406513,-0.2563958029204595,0.9745479723601153,0.017678403348961258,0.42224717247897114,0.0004389452011750669,0.0004389452011750447,0.047165593324331456,0.047165593324331206,True
2.5,4.541674142847743,2.2160018208998875,2.3256723219478554,-2.3321000030329957,-0.9430276582755933,1.2069518696623047,0.016912568860212418,0.4728018229948088,0.0007621371286321199,0.0007621371286317013,0.11488398273834632,0.11488398273834573,True
2.5,3.106132752750175,1.6526615825880224,1.4534711701621528,-1.3323149280578357,-1.0989082609272276,0.812340490195695,0.0016682994144862073,0.6692977393438775,0.04989744034620048,0.04989744034620051,0.1153368254657838,0.11533682546578286,True
2.5,3.6438209846330363,3.000188057869454,0.6436329267635821,-3.4324419914207684,-1.693601095516511,1.552186916508808,0.029503104757601928,0.6523380022199403,0.14049755571788167,0.1404975557178783,0.656848802103794,0.6568488021037941,True
2.5,6.424229425783341,1.1383242093851071,5.285905216398234,-0.6998121686269754,-0.5098321062039487,0.7167229880866557,0.002645963684710706,0.6643588293814073,7.953818555623786e-09,7.953818590668641e-09,0.0006179718126474325,0.000617971812647221,True
2.5,7.167982571116242,1.6623037460076822,5.50567882510856,-1.9099271741276294,-0.681739476725429,0.931211608598606,0.001079311532613425,0.3916136199805797,1.124010672350386e-10,1.1240120780818667e-10,0.0022472105283155557,0.0022472105283150266,True
2.5,4.681605726651024,1.9012970515153775,2.7803086751356467,-0.0727904531717419,0.733623377411549,0.8135768094653733,0.021098571459973847,0.39066065922511484,0.00027903189418804626,0.0002790318941881501,0.024687109593878202,0.024687109593879524,True
2.5,5.594798655815518,1.1627047303948734,4.432093925420645,0.21641508517113564,-1.0575571361615985,0.523954614261212,0.005651987947359438,0.5734513225546055,7.28677068317481e-07,7.286770683316465e-07,0.0003123356149452836,0.0003123356149450841,True
2.5,4.596354988321682,1.8104913719278084,2.7858636163938737,-3.4459110515261964,-1.6648005242283612,1.1710069408361214,0.009218174070779406,0.702136089129559,0.0003234686813355247,0.0003234686813354745,0.07653299846139408,0.07653299846139368,True
2.5,4.7621655294181,1.5432246134876786,3.218940915930421,-0.12605162604781467,0.7322716213292293,0.8615420035416649,0.00020609246240721468,0.3032012214964728,0.0001313569482468619,0.00013135694824666251,0.0185062614015421,0.018506261401542608,True
2.5,5.933198856810241,2.072476921009767,3.8607219358004743,-0.6695689715185144,0.37434976119104624,0.9254901737688525,0.00969606323249661,0.3365847454372257,5.947810284864994e-07,5.947810283463228e-07,0.01182777755445052,0.01182777755445176,True
2.5,4.365148432256968,3.410829155374124,0.9543192768828437,0.06600542342623408,1.140532292001423,1.406544477785141,0.016315139133845746,0.4780656532994757,0.03303511431347185,0.03303511431345604,0.4875982680046622,0.48759826800466416,True
2.5,5.006304177744116,2.838747217373933,2.167556960370183,0.956211772115824,2.8037123285341776,1.5317476614090377,0.07811883227826105,0.347120821275883,0.0007941902095421562,0.0007941902095518925,1.346602148413925,1.3466021484139523,True
2.5,4.151187998523866,1.661275315041865,2.489912683482001,2.2093183295711456,-2.9750586610021283,1.0301278298530494,0.0014589697906722265,0.6574656307048288,0.0009155646864397941,0.0009155646864395253,0.038185574756654315,0.038185574756654496,True
2.5,3.5396544490787023,0.9204208367976248,2.6192336122810778,-0.007156218849055346,-0.3555188803864796,0.41663623470463906,0.0003163306949657274,0.500526913555865,0.006178953784521492,0.006178953784521412,0.001590891669915992,0.0015908916699149001,True
2.5,6.104154796379905,2.3572787455746194,3.746876050805286,-1.7325023485355382,-0.309088464896597,1.0261580874200247,0.0036685780921315025,0.6183249354559259,3.431339197563434e-07,3.4313391955804066e-07,0.018400741354341554,0.018400741354342342,True
2.5,4.507211141005439,1.4559405675387136,3.0512705734667254,0.5015743960268165,1.5773307922245525,0.5951935409368024,0.03142561068725369,0.18446307427152697,0.0005440514743974082,0.000544051474397948,0.006999814404812921,0.0069998144048118195,True
2.5,4.802201633603056,2.9058193641530825,1.896382269449974,-1.0751220492198401,-0.5547621638228819,1.236247815243722,0.0052377165399074,0.576507089632108,0.0010408562054536215,0.0010408562054535482,0.16002275219419748,0.16002275219419743,True
2.5,5.149263628982102,1.6914565469327116,3.4578070820493907,0.3479636528337942,-2.8203382548048554,1.0287125262756578,0.004506948742859285,0.7207993140271542,1.1656897690960163e-05,1.165689769089111e-05,0.013863652926324887,0.013863652926324984,True
2.5,5.863418047041031,1.6057768340258074,4.257641213015224,-0.7289654828239415,0.4599116210366454,0.7678232208244866,0.0007506509742579159,0.24129841459870938,5.293268361870151e-07,5.293268362314927e-07,0.0037538288674945517,0.0037538288674959864,True
2.5,4.831320405798071,1.1329169767323488,3.6984034290657224,-0.15626176513010118,-1.07680120920535,0.6142348219160555,0.005688804258044078,0.6178241395320206,3.615312979461722e-05,3.615312979469545e-05,0.001494891751325636,0.001494891751325584,True
2.5,3.915188735742247,1.210374190199952,2.7048145455422947,-0.217170913843669,-0.6726560899092082,0.6667718565925804,0.004974231530238182,0.6016690381378571,0.001988844579923953,0.0019888445799240155,0.009245421259512191,0.009245421259512505,True
2.5,4.440497941107508,1.5071342344034433,2.933363706704065,-0.9375439464834612,-0.6261937677286541,0.808357186218801,0.005830357341182979,0.6500893974962424,0.00038181584462865535,0.00038181584462865703,0.015667881854798338,0.015667881854798577,True
2.5,4.987266750329413,2.149829927323553,2.8374368230058598,-3.600151808809356,-1.1919406716521548,1.163134207051726,0.00798680411630609,0.680922301866213,9.864344264025985e-05,9.864344263967806e-05,0.0711719506915857,0.07117195069158576,True
2.5,5.718890470250367,0.8091387724648408,4.909751697785526,-0.6145293486555805,-0.07001052230019389,0.45316851435074895,0.0016995363120566043,0.07979925406727745,5.53847598032298e-07,5.538475980022201e-07,8.995657371589981e-05,8.995657371569526e-05,True
2.5,3.9574500580799996,2.7712857939842426,1.186164264095757,4.2214585183947895,4.244173780199684,1.1621607528445521,0.006546401472873109,0.04153740343660989,0.07820701650764511,0.0782070165076071,0.8042956291580723,0.8042956291580673,True
2.5,4.039611588824245,1.4934372157842017,2.5461743730400435,-0.333026358597514,-2.2225316420773864,0.9624822857373246,0.0032546078657405553,0.4772990729036389,0.0013791549208819148,0.0013791549208819224,0.03539370322506352,0.03539370322506367,True
2.5,2.495886623837321,2.0826496144608857,0.41323700937643526,-1.727784806804813,-1.1339738366934295,1.0699430334878182,0.28385093789526183,0.3786290418641271,0.44847976910966136,0.44847976910966153,0.6542131833229149,0.654213183322916,True
2.5,4.558293852815988,1.985819558241874,2.572474294574114,-2.071631609544762,-0.6743764272088004,0.9635753320174231,0.0026138392795982957,0.6567038779255985,0.0005016416303951855,0.0005016416303952645,0.04826346305669588,0.04826346305669662,True
2.5,5.819918501149651,1.629877600962588,4.190040900187063,-2.7865599687325715,-0.48195825470629405,0.8822884855470591,0.0036820281134686828,0.10582891381698772,8.065530675279068e-07,8.065530674473169e-07,0.007609321175333187,0.007609321175333192,True
2.5,6.105268108279365,1.0672900736295365,5.037978034649829,-0.23889033780179458,0.5449309903609578,0.5711328045971356,0.0003885019057885408,0.4506753474316576,8.053353255454475e-08,8.053353251291233e-08,0.0003450085923933192,0.00034500859239318626,True
2.5,4.938513014646987,1.0903065563018939,3.8482064583450932,-0.34529705334050925,0.15313008830336794,0.4523498696329777,7.198807605868218e-05,0.28669569267769945,3.343279823510268e-05,3.343279823520472e-05,0.0004657061074108076,0.00046570610741123337,True
2.5,4.412396151946926,2.6869155616572016,1.7254805902897248,-0.5737138084030134,-4.743382704229063,1.7363006958347598,0.006550531294004069,0.7290332534025595,0.002671811750401038,0.0026718117504010938,0.27529581738121983,0.27529581738121983,True
2.5,5.306886139250182,2.871427851264628,2.4354582879855537,-2.48868113058796,-0.1521097871220054,1.5278313448763707,0.0062315476737961895,0.6115260586772164,9.611285647415544e-05,9.611285647545159e-05,0.20756971721608636,0.20756971721608694,True
2.5,4.361865300280288,2.688253803201781,1.6736114970785065,-0.10385924183023684,2.5439552331391138,1.0876782822507058,0.02262537471591941,0.03779866455303521,0.012444658993755433,0.012444658993759204,0.4028816092465223,0.40288160924652094,True
2.5,3.59494636216059,0.8683273849641973,2.726618977196393,0.064249365396466,-0.5959190552511975,0.35637407725691084,0.011768881049896596,0.6029670207850668,0.004596788541842154,0.00459678854184215,0.0006547834354472779,0.000654783435447696,True
2.5,3.6254424290063003,2.1112461082662772,1.514196320740023,-0.2810993980167342,1.3484453065424438,0.95621917575276,0.003839798508610215,0.2985573687794947,0.030373961619249993,0.030373961619249545,0.20883292251183835,0.20883292251183905,True
2.5,6.086761904018214,2.3900619309145954,3.6966999731036188,-0.3084704399885686,1.9165831403377949,0.9394504755574606,0.004376988215988198,0.12001920781615039,9.228905428764743e-07,9.228905406888957e-07,0.02633770312986433,0.026337703129867603,True
2.5,5.364484235738255,2.240025530291383,3.1244587054468718,2.2457456478382167,3.1289172680562647,1.0836687989026534,0.014882544969594846,0.11310062137938809,5.3472822499568446e-05,5.3472822486473215e-05,0.10717588134121339,0.10717588134122076,True
2.5,4.462700833835302,2.166185703120556,2.296515130714746,0.4128854492932677,-2.7203988556798877,1.1315675265899965,0.0015420495024487946,0.6799444658459315,0.0006797868197866108,0.000679786819786736,0.0687070124607632,0.068707012460763,True
2.5,6.529118337111303,1.9454229085338817,4.583695428577421,1.6458657002362465,-2.8214423418234773,1.1699056954110554,0.01668492095158386,0.6683031504497849,6.062220288034499e-09,6.062220282358197e-09,0.006974454110074557,0.006974454110074503,True
2.5,5.702275496985599,1.7068052577914201,3.9954702391941783,-0.7226268089144383,0.6216933634398294,1.0354067711425217,0.0416627339527314,0.5643821362994255,1.5731834779130697e-06,1.573183477882887e-06,0.018901582966817026,0.018901582966816245,True
2.5,4.9959248454336596,2.268908602481245,2.7270162429524145,-4.399707066451906,0.26340201673602337,1.0404212279376424,0.004693916377345786,0.020876975085484084,0.0002886358299724392,0.00028863582997440694,0.10951048554006437,0.10951048554006178,True
2.5,6.132105299571183,2.4464733042929123,3.685631995278271,-2.3751031068683903,0.10797883978699008,1.10449802310593,0.0036830607826055517,0.3219321534922359,4.292480652328225e-07,4.292480660508884e-07,0.03068116010053967,0.030681160100540103,True
2.5,4.656218413557751,1.0605138343933125,3.595704579164438,-0.9869283284131809,-1.4856428922348541,0.8211956423694726,0.002281161949869881,0.6122179445328069,8.271448428882022e-05,8.271448428882083e-05,0.006449221980439421,0.006449221980439375,True
2.5,4.5348457701015,1.7968445050244073,2.7380012650770924,-0.3064627502452106,-1.405711577644178,0.7900723832142378,0.007619223485558324,0.6527370121386892,0.00029752852137933925,0.00029752852137936647,0.016374934857199264,0.0163749348571996,True
2.5,6.028021764411645,2.986242024393902,3.041779740017743,-1.2580750424253864,2.229837900940946,1.5421196078982058,0.002899977755199401,0.5238641028215485,6.163513583467135e-06,6.163513581000819e-06,-0.9798779422347936,-0.9798779422348207,True
2.5,4.892151964788359,0.7347363143688858,4.157415650419473,-0.2589842081230995,0.20200369956815845,0.36549615918921624,0.0027601685301079093,0.6051357578604343,3.673926072344716e-05,3.673926072346116e-05,7.857574097218075e-05,7.857574097258124e-05,True
2.5,4.308998645615454,2.075168801759662,2.2338298438557924,-1.203228195124925,1.204696509295054,0.8147175702719882,0.06544283737876311,0.09640719902050843,0.0031101886550384886,0.003110188655038252,0.06479355904146956,0.06479355904146747,True
2.5,5.22817185809293,1.7273740327384444,3.5007978253544856,-2.804120903323482,-1.1702815937230466,1.080853799615538,0.0183591203990906,0.23791196730948977,1.5242489100154733e-05,1.5242489100096284e-05,0.028856725769892597,0.028856725769892032,True
2.5,3.577617051397381,1.4305026442503659,2.147114407147015,-0.6125235923927115,0.7459400668833547,0.7320253953190526,0.002669621568217262,0.5034978127705432,0.01522640078596052,0.015226400785960385,0.044996432604647696,0.04499643260464745,True
2.5,5.5975250702967205,1.751423705475533,3.8461013648211875,0.04203564499949234,-1.722766704054194,0.8292762124303164,0.0029912147997983585,0.6630274492237096,1.3805392444999087e-06,1.3805392444936678e-06,0.004778506831695534,0.004778506831695366,True
2.5,3.5505019380221303,1.6425732493075593,1.907928688714571,-0.021431074574713178,-1.5711827295412824,0.697186768524379,0.0033532149378157627,0.662654117045262,0.010288710982216483,0.01028871098221637,0.034655381036645214,0.0346553810366453,True
2.5,5.968749608350585,0.54783234202287,5.420917266327715,0.029631242534743894,0.5930730142542109,0.21772899036335502,0.014315493071623941,0.018190454260788136,1.4247988039390452e-07,1.4247988020618532e-07,1.1219705137788213e-06,1.1219705148639651e-06,True
2.5,3.8288940465001495,1.4516117731618576,2.3772822733382917,-1.2921585472545907,0.0026805448599698245,0.833114926793386,0.01658707740969112,0.2857762438494973,0.005449603949778258,0.005449603949778204,0.04527572766045365,0.045275727660453596,True
2.5,3.061168720797752,1.8846012719189806,1.1765674488787714,-0.8618176688849364,0.19502747166356782,0.914687174306404,0.037420249581234466,0.5880565017904826,0.09053058554367802,0.09053058554367806,0.24136229794436795,0.24136229794436873,True
2.5,6.9930000644571395,2.0116149501440574,4.981385114313082,-0.5358025882732123,-2.0628903968945433,1.1747015955930549,0.0042652602570006914,0.6809093335336114,3.885537623153055e-10,3.885537183561651e-10,0.006344503035680448,0.006344503035680521,True
2.5,5.361733649365378,1.973825149730627,3.3879084996347517,-1.70814236135493,1.0188090019332945,0.8300755383414354,0.020703466138631832,0.033013909442225875,2.5872892225681784e-05,2.5872892226369514e-05,0.01956278527961744,0.019562785279618435,True
2.5,5.752628218257817,2.435200861218374,3.317427357039443,-0.6835709790533572,-0.44842815894976307,1.2934099840598305,0.003971861988804948,0.45478288916711573,2.636803852931187e-06,2.6368038531325206e-06,0.049229263799489865,0.04922926379948967,True
2.5,2.721633492698965,1.1771246537502886,1.5445088389486763,-0.7388235696602599,-0.662024013588631,0.6517482647377435,0.007523668167404962,0.4709073100917707,0.08563519734583364,0.08563519734583368,0.06014616460115331,0.06014616460115358,True
2.5,4.443222350145648,1.2365328396318456,3.2066895105138027,-0.48215123414944305,0.08152713471257167,0.5179321279603791,0.00980465523390417,0.2960984505751269,0.000340682568648424,0.00034068256864838183,0.0021352995173193,0.0021352995173200802,True
2.5,5.903122246329053,0.879150464464667,5.023971781864386,-0.46615882994724406,-0.1780500090742747,0.4626068100849233,0.0008542560522918352,0.2561566297437818,1.7203294240067567e-07,1.7203294239373974e-07,8.783469709981514e-05,8.78346970993424e-05,True
2.5,5.042510830621177,1.9780085620138623,3.064502268607315,0.1821580620614762,1.473410382096938,0.869890638842016,0.012515941335346226,0.4187193349154742,8.025744305160268e-05,8.025744305218258e-05,0.027882719912746618,0.027882719912746344,True
2.5,5.939213787823026,1.643504089561087,4.295709698261939,0.15514047461481595,0.8822077090643798,0.8295975507854115,0.0017746637122072473,0.38482339296999357,3.354155391834233e-07,3.354155389975158e-07,0.005006444494431854,0.00500644449443099,True
2.5,6.006909830399311,2.5746762410631114,3.4322335893362,2.038490360254999,-3.508152646030607,1.3043802380341327,0.009655566551494743,0.6715200001742695,5.638460967162352e-07,5.63846096629251e-07,0.029845505549954035,0.029845505549953577,True
2.5,6.288734585066782,0.47288601451452905,5.815848570552253,-0.039404508396547626,0.009024013657202179,0.22610676425089377,0.00037496091743211,0.5580894516350493,1.4065734254706397e-08,1.4065734195577467e-08,5.224563450361908e-07,5.224563449290256e-07,True
2.5,5.529774492664339,2.3883033863422676,3.1414711063220717,-0.1244628717127565,-3.1576830343077655,1.2345085120185308,0.0012845306400684486,0.6954978655730327,5.97893643908933e-06,5.978936439220347e-06,0.03664329784742318,0.03664329784742314,True
2.5,5.1431239251051295,1.4340670573389118,3.7090568677662175,-1.3349628938572744,-1.4851013614486561,0.8937233617377828,0.018508758446054208,0.7078451003767653,1.2077045649864585e-05,1.2077045649817248e-05,0.008217803511469673,0.008217803511469758,True
2.5,5.052271579240044,1.0013154083373792,4.050956170902665,0.24152430914127956,-1.2365344047887836,0.5123144383218357,0.0008068347407499954,0.6505703555647806,1.0117833315174619e-05,1.0117833315190835e-05,0.00036912981172405266,0.00036912981172411067,True
2.5,4.082986604935687,2.967501153904303,1.1154854510313843,1.4029344292781023,2.6998683412249482,1.1713095148955577,0.006081832637472195,0.26018727870400027,0.037805289433504606,0.037805289433493955,0.4638566079830646,0.4638566079830558,True
2.5,5.463250375895383,1.891513951629933,3.57173642426545,1.4110141336476658,-3.498292200743803,1.102204914321259,0.0030143780933045705,0.7223467093021604,2.8766016133985133e-06,2.8766016136278847e-06,0.014468534558700594,0.014468534558700636,True
2.5,3.6299507287131445,1.8329757320221423,1.7969749966910022,-1.876527279819968,0.8296474153962468,0.8072214323705159,0.009189801519350893,0.01562197070659982,0.031182051824404266,0.03118205182440372,0.11316514474517411,0.11316514474517379,False
2.5,5.836317796846842,1.6734974505108025,4.16282034633604,-0.24629576444005927,-1.1057160411456435,0.8193409532875661,0.013650352781423625,0.4707322359796061,3.6630977413520253e-07,3.6630977413417757e-07,0.003508401723752444,0.0035084017237528207,True
2.5,5.915165547728125,1.0770759400609884,4.838089607667136,-0.009309267462860937,0.49123890512083257,0.5688342467822404,0.0012039812489962887,0.3564918688661449,2.0820682051186645e-07,2.0820682048757828e-07,0.00039450602805371385,0.00039450602805402875,True
2.5,6.197915818708927,2.4198572629750497,3.7780585557338777,-1.7092078652924336,-2.2988213628820766,1.1436267477599802,0.004772181446470458,0.6860965750625538,1.599997625077732e-07,1.5999976231617846e-07,0.018664584914033836,0.018664584914033933,True
2.5,5.756448452169882,1.842238794846145,3.914209657323737,-0.4876927330075329,0.6134441107725435,0.8677199518631229,0.0005069693420571286,0.5549154915378068,1.24766695559929e-06,1.2476669556265702e-06,0.009091203955895683,0.009091203955894925,True
2.5,4.801518078417362,2.339258747089747,2.462259331327615,-1.6596569078015775,-2.399818291896091,1.1817771347932366,0.0038121173492609017,0.6761026045198986,0.00023927234234603039,0.00023927234234614024,0.07299666045448434,0.07299666045448425,True
2.5,5.268714690562177,1.7413523099425332,3.5273623806196444,-0.12258725483063951,0.23795028846068722,0.7221221916644258,0.008781106178796239,0.5267097032930697,1.1597783827324804e-05,1.1597783827091767e-05,0.005976697941815999,0.0059766979418145,True
2.5,5.207078892186282,1.725903415860717,3.481175476325565,1.6632403189805143,-2.681563741321941,0.8437723253033566,0.00375680906145065,0.6482631858199599,8.512272895090503e-06,8.512272895186313e-06,0.006334286175068218,0.006334286175068425,True
2.5,5.832854780854184,2.43018722235952,3.4026675584946644,0.009918550976390293,0.8729989579219213,0.9864329083759243,0.004184994787191643,0.49346292678310016,2.0919619282164872e-06,2.091961927028158e-06,0.024939217784880834,0.02493921778487937,True
2.5,4.689265861448799,2.1774159134528306,2.5118499479959686,-2.2668244157445114,0.514944743923728,1.0056967895740807,0.010225364849468233,0.17110037188001598,0.0006055671411565101,0.0006055671411580065,0.08385501195138667,0.08385501195138506,True
2.5,5.0909836271780025,1.5552407505721626,3.53574287660584,-1.4950582458426525,-1.6458950664379155,0.8952664402063174,0.0028682552994442334,0.7120110934193002,1.7760560671636623e-05,1.7760560671571175e-05,0.00993974864534643,0.009939748645346344,True
2.5,4.1262864431187705,2.832117282692493,1.2941691604262773,0.03240386629346229,-1.9965723766581198,1.3753142039636104,0.009225435439704999,0.5827379304646638,0.013659958788774062,0.013659958788773869,0.293123796688184,0.29312379668818367,True
2.5,4.635834091027935,2.6633261454641532,1.9725079455637822,-1.1197995978778352,0.5427172420285478,1.0383816393623433,0.018646542190719373,0.3355431376368093,0.0014617756787713722,0.0014617756787715804,0.12472583778454681,0.12472583778454548,True
2.5,3.647364108586705,1.9758038232384245,1.6715602853482805,1.0942814326283796,-2.4657922430255175,1.0828226702013644,0.0018451719481759055,0.6460577577722464,0.011348811919102381,0.011348811919102723,0.12650439518572398,0.1265043951857241,True
2.5,4.347632856505976,2.0051538510380538,2.3424790054679225,0.8081686319095761,-2.199605400552203,1.1606617216406427,0.0044775564020748115,0.629978434964466,0.000820809183611161,0.0008208091836114213,0.07046060334360281,0.07046060334360281,True
2.5,5.566421189353332,2.0710388585518955,3.4953823308014367,0.681084552531347,2.3984799483579993,1.1464335202280147,0.004206724601617473,0.01206126471233776,1.5236054951526447e-05,1.5236054949150449e-05,0.11515551252079423,0.1151555125207955,True
2.5,5.420507693570994,2.6188308923599344,2.8016768012110598,-1.2380121700684381,1.9530348331939797,1.2462626780533324,5.590187080900533e-05,0.07098658548980508,7.530940944199255e-05,7.530940944277551e-05,0.311655629199108,0.3116556291991013,True
2.5,5.883280025608782,0.9123124908611658,4.970967534747616,0.8915902677206302,-2.020676190252065,0.5549621933069214,0.009661517167720624,0.7128325210484114,8.968264872408442e-08,8.968264878922805e-08,0.00013092474481746105,0.00013092474481748932,True
2.5,6.473797627719142,0.9563680538621266,5.517429573857015,-0.1546426240547174,-0.1109200083797035,0.46290631627975154,0.01423002970368309,0.5874512941755278,5.145685783981405e-09,5.145685896972667e-09,5.529945479657994e-05,5.529945479746476e-05,True
2.5,5.674400453474945,1.3026322454050547,4.3717682080698905,-0.25317176191690094,-1.155174279719708,0.7076728509175522,0.00162870577460833,0.6425281280260571,5.751314542223373e-07,5.751314542976212e-07,0.0013126645708609486,0.001312664570860708,True
2.5,5.69309332872435,1.560162812053209,4.132930516671141,-1.1350473047210037,0.7584426430859137,0.6701089698425204,0.0009948944309870478,0.03365086892616698,2.070831392421926e-06,2.0708313924083725e-06,0.0029164994758187185,0.0029164994758198153,True
2.5,3.6360582590549173,1.6980014133603867,1.9380568456945306,0.3784237352834391,-1.6855262479056292,0.8686117573278295,0.010525043567155667,0.6348328221704274,0.008002368307992157,0.008002368307992136,0.05727444206484303,0.05727444206484317,True
2.5,6.212332069708617,2.4416065426424507,3.770725527066166,0.4762655683834638,-2.042579031141424,0.9999237596950636,0.005231265227760296,0.6326526305692854,1.388081295771137e-07,1.3880813003924524e-07,0.011467678367425295,0.011467678367425108,True
2.5,4.173201818020397,1.661205380594001,2.511996437426396,-1.0323694326332502,0.057917083632528676,0.8075932892506739,0.019324218788864533,0.5992878265858923,0.0016995737853647966,0.0016995737853648073,0.031593774602569166,0.031593774602569645,True
2.5,3.405993808929069,1.6938478938880945,1.7121459150409746,0.14578892592965922,1.4024060481142038,0.7874831783695336,0.04506955525642181,0.4817147026105288,0.03521097329437128,0.035210973294370944,0.10656703567725477,0.10656703567725577,True
2.5,4.773695618532136,2.348788712500826,2.4249069060313095,0.047228016182436036,1.608168903837548,1.0163346332539274,0.014950676754249048,0.437213274499412,0.0005305370394534504,0.0005305370394552741,0.09192854337958814,0.09192854337958771,True
2.5,5.818582117453289,2.5581749237346525,3.2604071937186365,-0.5845849250608479,0.28442527104058435,1.0673599773586384,0.00043462634172847237,0.41981527385331857,2.7184929603203743e-06,2.718492960319592e-06,0.03362262549833813,0.03362262549833953,True
2.5,6.7328328897514975,1.5252620427732184,5.207570846978279,-0.5710249955923229,0.27675668913825024,0.7098014079002497,0.008484952693765924,0.5627977481127564,2.038349918884935e-09,2.0383498937849256e-09,0.0009342364398073149,0.000934236439807306,True
2.5,4.970973665313655,2.5231268567186436,2.447846808595011,0.8166312800062366,-2.298162026322098,1.2528236850828858,0.003399179136525321,0.5731282791644476,0.00014500788368805156,0.00014500788368832922,0.0759981067714812,0.07599810677148089,True
2.5,5.333571785455711,1.6514372551966887,3.6821345302590225,-0.51942319295108,0.8629724051565582,0.7398284703944772,0.014672860856844716,0.20509165157643278,1.1610260231843502e-05,1.161026023166543e-05,0.006811338351386028,0.006811338351387895,True
2.5,5.037171205605766,1.3769221250407173,3.6602490805650487,-0.165867270227934,-1.1221894304553317,0.7978081346572495,0.019747768957082634,0.47670963183643844,1.7071557820309295e-05,1.7071557820361005e-05,0.005019994993455841,0.005019994993456026,True
2.5,4.058809109719405,2.0257279252186873,2.033081184500718,0.2236992213156602,-2.3647807032876837,0.9608893195175865,0.0006043591113377711,0.6739133760058702,0.002819608075852324,0.0028196080758524037,0.06403220318955327,0.06403220318955326,True
2.5,3.915497776851235,1.9462956478585745,1.9692021289926607,-0.5664441196132544,0.7848471669447112,0.8555188530635598,0.0021897461481126257,0.5443689246999243,0.007476837522274983,0.007476837522275127,0.08287272895469713,0.08287272895469777,True
2.5,2.99614770128112,2.366394913435341,0.6297527878457791,-0.2646806788956394,0.5304069890006777,0.977083484448221,0.37515721934240653,0.5183231392698485,0.23578366175496598,0.23578366175496537,0.48373349868281695,0.48373349868281657,True
2.5,3.7067214329051543,1.0002637353541846,2.7064576975509698,-0.9023405350614515,-1.117394664050898,0.6271484298991992,0.004851739392295329,0.7249061083874351,0.0038067440182952303,0.003806744018295229,0.0070874926308500535,0.007087492630850409,True
2.5,4.394636691368658,1.3388818127219402,3.0557548786467175,-0.04949922721498631,-1.3410342519784968,0.7549398732387708,0.012826792507654672,0.623833391522174,0.00029063965962360696,0.00029063965962354793,0.008165345944881447,0.008165345944881447,True
2.5,5.589874547840114,1.5993655730517753,3.990508974788338,0.11917070256802662,0.980355121470958,0.7343557913479085,0.0022983770055011177,0.36569760876296176,2.415223592481795e-06,2.4152235926635586e-06,0.004373978961911443,0.004373978961910704,True
2.5,4.988214198159607,1.212287183492064,3.775927014667543,0.07684392174254283,0.7423697637789655,0.48977273748319705,0.0022232934296845808,0.3930538296827013,3.324261832150617e-05,3.324261832135611e-05,0.0008893302636127178,0.0008893302636126587,True
2.5,4.073736761913872,1.3829327824685438,2.6908039794453282,-1.1487339356762083,-0.3670929015158867,0.6897911985551953,0.0005523024376544727,0.2910459738162862,0.0017109072198793255,0.0017109072198793472,0.013080681182338015,0.013080681182337305,True
2.5,6.013117167266396,2.043006294879356,3.9701108723870395,-0.6269684634332697,-1.982882936754761,1.0092194717113376,0.0038252359073494557,0.6780388988604892,2.1864187903567276e-07,2.1864187901464792e-07,0.00926178471459378,0.00926178471459377,True
2.5,5.287652700560277,2.1107451909962798,3.176907509563997,-1.2608760076472587,-0.21480577633780473,1.0591041457706054,0.0007783021691142311,0.5232846272272852,1.9345709863139124e-05,1.9345709863276987e-05,0.03429399757744428,0.03429399757744466,True
2.5,5.829533195513741,2.3565043882190735,3.4730288072946673,-0.38121314387645633,1.0320316931628977,1.0131495424195611,0.00485946713308455,0.5111995768835941,2.114268221114491e-06,2.114268220314879e-06,0.0280733836038841,0.028073383603884568,True
2.5,3.0914579192226017,1.240986433844624,1.8504714853779778,-1.1989041880419604,-0.27458258468991714,0.6693086710903986,0.0027505900406674666,0.6613325974172117,0.04289585548571233,0.042895855485712335,0.04396210605456687,0.04396210605456708,True
2.5,3.942040882991628,1.6847438676768702,2.257297015314758,-1.459736407331251,0.29048704090643196,0.8435096454250811,0.01627777848462797,0.25426485803344473,0.005260842017110112,0.005260842017109983,0.05777767435949623,0.05777767435949621,True
2.5,4.931531752639202,1.8471796895710417,3.0843520630681605,-1.9321450122013384,-1.8688815255761695,1.1290171021032076,0.007569779548495026,0.7068491313524987,5.7833774759518585e-05,5.7833774759599575e-05,0.0382173660514337,0.038217366051433506,True
2.5,5.143904650481819,1.6645637100208455,3.479340940460973,0.4213750886981698,1.4880844824915176,0.8178091756560061,0.00860341167631018,0.39768703927800825,3.274366399075382e-05,3.274366399114065e-05,0.013937094141108523,0.013937094141109314,True
2.5,4.0500669001322755,2.824431947684371,1.2256349524479044,-1.1092012303054317,-1.7405298570849634,1.2901171280748402,0.006256305407712437,0.6271998377288508,0.01884109445297708,0.018841094452977148,0.30215098418863895,0.3021509841886389,True
2.5,5.530687872245855,1.2487541481990678,4.2819337240467865,-0.5280424856140977,0.17346232035558007,0.5855858311451536,0.013072529146055667,0.32833429988640506,2.0052623956518822e-06,2.0052623956210362e-06,0.0009075062925533667,0.0009075062925531931,True
2.5,5.352000627438568,3.677242084285024,1.674758543153544,5.787143109832071,-5.29304946270299,1.7195931958057873,0.0008380089338945185,0.6592904884014582,0.000577333704825222,0.0005773337047527223,0.2407905730006717,0.24079057300067244,True
2.5,4.211770283982408,1.3269422473353545,2.884828036647053,-0.11658886707896386,0.901066509567042,0.7021320952549309,0.0005757070693903077,0.22645385021498227,0.001295874275594885,0.0012958742755948079,0.013730004254628682,0.013730004254628106,True
2.5,5.256002646697664,2.102215851405707,3.153786795291957,-3.4834643752776464,0.028439991161548717,1.0604368278751855,0.0037560297985296254,0.09652113727927564,4.089608529062496e-05,4.0896085290152595e-05,0.05953142534973649,0.05953142534973872,True
2.5,5.607476364253685,1.5528468227596344,4.054629541494051,-1.1624798430560008,0.6604782584625264,0.6536595182985413,0.029306117493757944,0.06146723680285493,3.011716165426714e-06,3.0117161654555652e-06,0.002765568219308792,0.0027655682193092612,True
2.5,3.707531503207207,1.5897404810124502,2.1177910221947567,-1.374180532355618,-0.16109465764388864,0.8208354989200192,0.035721809088896384,0.2654967804546555,0.00883390966432402,0.008833909664324057,0.055960315599899405,0.05596031559989913,True
2.5,5.333212683111486,1.9316278630994757,3.4015848200120105,0.17430505502375795,-2.2696969178991404,0.9413442122153068,0.01812548124866703,0.6804788964008629,7.143587688830021e-06,7.143587689036879e-06,0.011908061903950044,0.01190806190395003,True
2.5,4.977140795668081,1.4890644742186285,3.4880763214494523,-0.29186626148089745,1.129675746836896,0.9478576797807828,0.02725849373464917,0.5106510113457655,6.942649045889025e-05,6.942649045914303e-05,0.028064938103069138,0.028064938103069228,True
2.5,3.3210803944364917,1.832491028856181,1.4885893655803106,-0.3104820397571102,1.680521319591131,0.7393025481259261,0.005145870179737333,0.011804700924891831,0.08568085012317651,0.08568085012317685,0.14222517231261458,0.1422251723126163,False
2.5,6.018509745791826,2.124089242834715,3.8944205029571113,-1.5404470370139947,0.29255479746030444,1.3042813202352266,0.020396797743443218,0.5942621584691992,4.5434389229167417e-07,4.5434389254430725e-07,0.05006417715754547,0.05006417715754547,True
2.5,6.052012446879652,0.9879492500769224,5.06406319680273,-0.13593524285141512,-0.9639803533448688,0.5613341744758711,0.002009515500167647,0.57652226499614,5.144983255624103e-08,5.144983252553697e-08,0.00017968517935955362,0.00017968517935943587,True
2.5,4.446889811266254,2.7896334697457967,1.657256341520457,3.737500172356766,3.9672040636374764,1.407151799655513,0.004410188204593546,0.22631481686412735,0.01045345554273805,0.01045345554273425,0.9091879618396611,0.909187961839678,True
2.5,6.041064413382607,1.7055442890890848,4.335520124293522,-0.8649605899926124,0.5745322300630518,0.9457774495981491,0.004587427439094183,0.5685003048898948,2.339420166221817e-07,2.339420165947986e-07,0.009243907898755638,0.009243907898755958,True
2.5,7.145165865185411,2.22829883020476,4.916867034980651,0.12785143288065248,1.8552500936410454,0.903223372331394,0.008679693647116238,0.16889236854430245,6.594935318765102e-10,6.594942894023352e-10,0.006845097577289075,0.006845097577287123,True
2.5,5.433498725140585,2.736793382663515,2.69670534247707,-0.3719604206647329,0.14845257716838112,1.1794126255207233,0.004372886664633313,0.42804710401388885,3.172523351831824e-05,3.1725233519324746e-05,0.07129741973372139,0.07129741973372218,True
2.5,5.289616663833402,1.0564825599646397,4.233134103868762,-0.5724234757814568,-0.3246756689343757,0.5916882946642249,0.016468518028634582,0.6519976634947999,5.0524837369923675e-06,5.052483736978495e-06,0.0007838176529738763,0.0007838176529736221,True
2.5,5.181920947182783,2.207853912123085,2.9740670350596976,-0.6800094046182655,-1.352520168266801,1.0239652631776022,0.003657403215939936,0.6340559989668761,3.021849978198229e-05,3.021849978184668e-05,0.029759263062339836,0.029759263062340113,True
2.5,3.822389675772818,1.3592245019315299,2.463165173841288,-0.544903498405912,0.9501691965834358,0.6785129580681625,0.011990614303025893,0.009912716768739505,0.007662954155893811,0.007662954155893816,0.023931204288843946,0.023931204288843367,True
2.5,5.331854572126123,2.36714554225866,2.964709029867463,-2.576268465617194,0.6177428920695602,0.9832232324033497,0.04266579310892349,0.1527590548565882,4.1979109747180296e-05,4.197910974983844e-05,0.05072106868035047,0.05072106868035147,True
2.5,5.8137881809988405,2.2830291291814264,3.530759051817414,-3.863591037818016,-1.6635376224259137,1.383338456475095,0.0026699025018684375,0.6967724775280341,1.5185203321968829e-06,1.5185203320067545e-06,0.06325131687685026,0.06325131687684953,True
2.5,6.329439167824121,2.402944095016204,3.9264950728079167,-0.6387707230141914,-1.5144264245712036,1.0913879090507135,0.0028966163947949375,0.6365713122261838,6.99417711871527e-08,6.994177124594504e-08,0.014234669672654464,0.014234669672653853,True
2.5,5.694340142082122,1.5252534838108018,4.16908665827132,-0.4423200538711218,0.40064067734138065,0.6885569598966161,0.0211081541269717,0.3137171649406457,1.1132960505663142e-06,1.1132960506286779e-06,0.002430045212744294,0.0024300452127446704,True
2.5,4.779738452063196,2.693444030405523,2.086294421657673,-0.7508108386072534,-1.4120688683930935,1.0993749366645835,0.0014354913208924347,0.6168068469789159,0.0006132695791788038,0.0006132695791787945,0.0950649957941635,0.09506499579416285,True
2.5,4.577805832005348,2.3250437941798445,2.2527620378255033,-0.5792658422316322,1.997886832487132,0.9100867528079178,0.040392516240787435,0.03033925617643196,0.0023100135705546735,0.002310013570554417,0.1112791391439549,0.11127913914395504,True
2.5,5.5459675658876,1.8940867649292332,3.6518808009583665,0.1691212649160355,-1.8675996869067362,0.8251012192584014,0.0011335088911636482,0.6586094153079877,2.2440240295835878e-06,2.244024029746385e-06,0.006052134493249171,0.00605213449324959,True
2.5,6.130132674785275,1.810107314030921,4.320025360754355,-3.1054215277232533,-1.0518562724493115,1.0611303032125878,0.002865403869969363,0.6769855312017481,1.2776673654334874e-07,1.2776673728307257e-07,0.012884096198885071,0.012884096198883702,True
2.5,5.034720535390712,1.2864341891553748,3.7482863462353375,-0.3261377264942306,-0.7493438914719387,0.6633719424382691,0.0070145654435619376,0.4445925423242915,1.750774588464504e-05,1.7507745884613846e-05,0.0022597879541704454,0.002259787954170965,True
2.5,6.0086661490720905,1.9223448879261575,4.086321261145933,-2.0372318329753245,0.12975652582467112,0.8419478665682588,0.0006559293433013313,0.1852805666430038,3.9022810732621455e-07,3.9022810747587866e-07,0.007379515149204992,0.007379515149207129,True
2.5,6.065789857506581,2.9135091526469865,3.1522807048595944,3.2655715592028334,-3.647934881434952,1.38333151120196,0.0008563831904462305,0.6066419653971286,9.40443182792564e-07,9.404431843091982e-07,0.04481424249328575,0.04481424249328516,True
2.5,5.947317374686154,1.5143925167002295,4.432924857985925,-2.310941314473987,-0.2662302227336575,0.908363571780878,0.009689737374740548,0.6532225055072234,3.55343336617813e-07,3.553433368603918e-07,0.007091953156885123,0.007091953156884235,True
2.5,3.101027641409729,1.7078877913284742,1.3931398500812548,0.2148186500245747,1.3120683907431898,0.7969705207394122,0.003382641851031265,0.4459019612962166,0.07776762919769432,0.07776762919769359,0.1610157743971477,0.16101577439714718,True
2.5,5.210419509998012,2.139814024619684,3.070605485378328,0.7626510816194549,-1.9025122578694735,0.8789268573059797,0.004589213401554437,0.6031058319418957,1.9683941595178385e-05,1.968394159536003e-05,0.015005304838804226,0.015005304838804327,True
2.5,5.325077315553662,2.3902085601220544,2.9348687554316073,-2.5687856660122477,1.3532851716158234,1.00331435830687,0.01790887362732424,0.026283854628315784,9.68678741442378e-05,9.686787414443226e-05,0.08990477920004482,0.08990477920004084,False
2.5,4.204404581196643,1.4878246290823331,2.71657995211431,-2.804342653861685,-1.9798895628453608,1.0665799517308903,0.007562015589611504,0.7469408074238466,0.0010007808388804624,0.001000780838880743,0.0571085664193621,0.05710856641936219,True
2.5,5.471881493624754,0.9074738362667092,4.5644076573580445,0.18880037044674267,-1.6830154251191276,0.5917792337394255,0.005959497538512382,0.7291305215730561,1.0271333119729545e-06,1.0271333119725352e-06,0.00032241254899434754,0.00032241254899467264,True
2.5,5.727454002664011,1.8077681664460004,3.9196858362180107,-1.5527196573114903,-1.9594590632012858,1.213495666177154,0.003465208115430829,0.6480443015273043,8.331401683779999e-07,8.331401683341004e-07,0.02103026626297729,0.02103026626297715,True
2.5,5.723739765313643,1.361405904279964,4.362333861033679,0.9522262977237198,2.058798368770109,0.5190233210309078,0.023101259650879002,0.0037208172864596767,2.074527481818736e-06,2.074527481264725e-06,0.000936397567523111,0.0009363975675273351,True
2.5,4.728399457252565,1.6234204613541763,3.1049789958983887,-2.7482730197168768,-0.13951618579093328,0.8743169838618801,0.00040853649701128036,0.02426745466069885,0.00025933651160322716,0.0002593365116037573,0.027164858014573773,0.027164858014572774,True
2.5,4.769274389106618,2.426679529995135,2.3425948591114834,-1.877139912208632,1.4479742457344371,1.4091449639602678,0.018439278856206498,0.1420203293064431,0.0010404709012081484,0.0010404709012071835,1.4013908210316468,1.40139082103167,True
2.5,4.966920930217965,2.3790798364442547,2.58784109377371,-0.4170386706186269,0.774650617945102,1.133871742516417,0.00648189084069678,0.5320845530416467,0.00017622690197946093,0.00017622690197936455,0.08473013244362772,0.08473013244362765,True
2.5,3.7616192315986714,2.6097261963307683,1.151893035267903,-0.041876337440023746,0.5262474352877373,1.103955251270532,0.015067706691853366,0.4375425463351364,0.036731431808483046,0.03673143180848285,0.3015494488223538,0.30154944882235346,True
2.5,4.404722408815113,2.302090990639974,2.102631418175139,-0.10125819874738158,-1.7343906805425626,0.9389890006217844,0.023406042581930075,0.6376017965066184,0.001254145826983726,0.001254145826983833,0.06081115530410593,0.060811155304106176,True
2.5,4.01256399114512,2.7997615406602723,1.2128024504848476,-5.289489732734939,-0.7407702347952494,1.3925208394214081,0.01302945224690183,0.6621589292462161,0.027881931152173627,0.027881931152173106,0.5563737851225931,0.5563737851225963,True
2.5,4.262605401968795,1.8974298693617253,2.3651755326070694,1.7071058226015707,-2.8537923879306506,0.8946716004719004,0.004255154972371389,0.6724530608295086,0.0008919938505563689,0.0008919938505560319,0.03138875204516758,0.03138875204516764,True
2.5,5.285092467993192,1.9972509647960979,3.2878415031970945,0.48667349201535276,-1.7872006910385707,0.8539835694697587,0.002805620346869764,0.6002426229883762,1.0523772392622964e-05,1.0523772392575391e-05,0.010470972842909728,0.010470972842909706,True
2.5,5.757961815446048,1.7324545509488047,4.025507264497244,0.47913441127492684,-1.4073498049030506,1.0612340722467288,0.0015781704827235177,0.5840648359590599,5.484889062518833e-07,5.484889060143475e-07,0.009827124403111754,0.009827124403111643,True
2.5,5.574249709937711,2.2454866218135536,3.3287630881241577,-0.19627283302614443,-1.4848350892488758,1.0836290033543685,0.001092788019092683,0.6286608678429175,3.9673427757170184e-06,3.9673427758170285e-06,0.023399202797124038,0.023399202797123937,True
2.5,3.678790832726942,2.352636889955574,1.3261539427713678,-4.1294789304916755,0.10782997391357685,1.2767555048243788,0.016264146958532677,0.1161855170700693,0.04701188339832026,0.04701188339832652,0.7060893379028246,0.7060893379028272,True
2.5,4.52413717525497,2.0154833895969566,2.5086537856580136,-1.7758227174599372,0.025154805643106126,0.9574578829876477,0.00845576329781994,0.6232597977653017,0.0007129248892268555,0.0007129248892269834,0.05783648531519327,0.05783648531519203,True
2.5,3.4172865341551093,1.4911985650359694,1.92608796911914,0.6946418158779878,-2.3719273899601783,0.9095914976876346,0.000267879027815221,0.6029886201177884,0.011671661910094415,0.011671661910094559,0.06223066808994464,0.06223066808994456,True
2.5,5.293401417329795,1.205983695997777,4.087417721332018,0.794179613011244,-1.837709372842883,0.6211731176857505,0.003750030632676704,0.6603996761211091,3.096216038813755e-06,3.0962160386929713e-06,0.000824158699780315,0.0008241586997802664,True
2.5,4.687606373251677,2.2008853603765206,2.4867210128751567,-1.1143975140761389,-0.041333202974771055,1.024977293467136,0.025261760293616098,0.5732776195908001,0.0004083378772914662,0.000408337877291524,0.06400441583192991,0.06400441583192903,True
2.5,4.402105748935967,1.0595089114768086,3.3425968374591584,-0.40924336153704916,-0.5072105066995453,0.5333825273217409,0.00036245257844824685,0.6363372657297655,0.00028162070444596104,0.00028162070444600864,0.0014981516503277644,0.0014981516503276054,True
2.5,4.541393441069088,1.735387976412127,2.806005464656961,-0.04907287322539864,-0.8420683703527129,1.0894362542016178,0.0014196029292812828,0.5804393429914161,0.0002767935541860659,0.00027679355418615,0.04376089840236661,0.04376089840236695,True
2.5,3.812734441047741,1.904582678833016,1.9081517622147248,-0.662084272054572,-0.874553248885465,0.7839195874746874,0.015931386663229352,0.6310965921781698,0.006969984576602144,0.00696998457660221,0.05413763602833944,0.054137636028339944,True
2.5,4.363370323268883,1.3419315479744354,3.021438775294448,-0.2383976772366185,0.7984601248087264,0.6133096080393771,0.0009335417131117185,0.23229442810544854,0.0006981794334073803,0.0006981794334072422,0.006570982734181211,0.006570982734180061,True
2.5,5.889096431241299,1.1398863901970482,4.74921004104425,-0.553837412792346,0.352567750609873,0.5858364278003847,0.0002515902626251676,0.15207226956228348,2.9852803784889365e-07,2.9852803785685163e-07,0.0005412347293653895,0.0005412347293645946,True
2.5,5.004108191775998,2.022751481688267,2.981356710087731,-0.4926994534689448,-0.09744864177158574,1.0075484858990842,0.0023698921756805102,0.4111706427224663,6.295693469717046e-05,6.295693469736016e-05,0.03331504266193865,0.03331504266193841,True
2.5,5.545579249237042,2.5809399891960694,2.9646392600409723,-0.4093907430022033,-1.3376524185077174,1.029452793271136,0.006959621531720972,0.6164936060592,9.943740346067373e-06,9.943740345700206e-06,0.03196235089124863,0.03196235089124873,True
2.5,3.995818272027333,3.2913872254186303,0.7044310466087027,1.6068059370884866,3.7288004861144053,1.2719698022122636,0.08289313286026123,0.019878758025166643,0.2296014421026239,0.22960144210241776,4.462058489927803,4.462058489927528,True
2.5,4.5631895104627525,2.856608304140306,1.7065812063224466,-1.2037487548062384,2.2208851224607695,1.126756183600723,0.032969483565560787,0.06664713948265583,0.007167175478522054,0.007167175478521432,0.4195678363067849,0.41956783630678535,True
2.5,4.587242222662569,2.306373641277026,2.280868581385543,-4.045516999078386,0.6315183453753332,1.0504472816653116,0.005238721207075525,0.022154011303366528,0.0024386502709310997,0.0024386502709364305,0.20634266623673525,0.20634266623674133,False
2.5,4.394174780253806,1.3668955454741891,3.027279234779617,-1.4042001281377632,0.1947408604689813,0.804788516391839,0.005426426072935697,0.63463875931393,0.0007059661544864859,0.0007059661544866344,0.019850926712882154,0.01985092671288281,True
2.5,5.214385390948654,2.491164233568796,2.723221157379858,4.4608041969428465,-4.565648091325489,1.2620983722885646,0.0024123563755288346,0.6907852403241852,3.32985081863082e-05,3.329850818735224e-05,0.04870390523588135,0.04870390523588142,True
2.5,6.315989062845826,2.0520231923362364,4.26396587050959,-0.4238898527174356,-2.746568233034587,1.2208962780330177,0.010882725121963699,0.7067054231008566,3.24592468164129e-08,3.245924679922589e-08,0.012745972453397024,0.012745972453396879,True
2.5,5.562627707098096,1.4575128473248447,4.105114859773251,-0.9092624227502188,0.7826849266343969,0.7707422387248825,0.0027261690955339146,0.05298917956844945,3.6656858101079254e-06,3.665685810124518e-06,0.0054201619331692005,0.005420161933169529,True
2.5,3.9080464342065646,2.417370283072482,1.4906761511340827,-0.4364114276258202,0.04291087921864767,1.068844470972674,0.0008713113163490438,0.4678799940600325,0.013904088313264788,0.013904088313264368,0.19476804226254132,0.19476804226254135,True
2.5,5.7913146489754865,1.942212538076238,3.8491021108992483,-0.14498363120549565,1.7888443589818461,0.9228399994173148,0.023615337528426206,0.03780363297830169,2.7319297584345086e-06,2.7319297573635625e-06,0.021619496245402006,0.02161949624540453,True
2.5,5.086501630371491,3.0388881392898144,2.047613491081677,0.12628224960629994,2.7186416308158488,1.2634719439538986,0.0067947440613431165,0.18704132622792569,0.0009545651358986276,0.0009545651359136242,0.4768705652349279,0.4768705652349369,True
2.5,3.845585977548557,1.7948269095465705,2.0507590680019865,-0.03772874332712635,-0.6621819262724302,0.8419265579764073,0.001321203928581205,0.5529219194480179,0.005041646521455055,0.005041646521455114,0.05169717586581162,0.05169717586581213,True
2.5,4.118978329533749,1.827122527127464,2.291855802406285,-1.0507338486571542,-0.3992480837590119,0.9601372936100067,0.003716892321202425,0.5573078508318174,0.002246607076648288,0.0022466070766482874,0.063329393206059,0.06332939320605949,True
2.5,5.220006158242386,1.3908577269051057,3.8291484313372806,-0.9012488135436431,-0.8385780815178774,0.8362293978030956,0.01671571581575082,0.5666879001704723,8.478690127917308e-06,8.478690127918507e-06,0.005845779850429129,0.005845779850429385,True
2.5,5.233879322849199,2.847882317516364,2.3859970053328348,-0.2104627485986133,0.2785728898584945,1.245819480883934,0.00015073562827916387,0.44425923016389235,0.00011750782705620802,0.0001175078270567629,0.10852834623342472,0.1085283462334246,True
2.5,3.897088157937247,2.2767899216227288,1.6202982363145182,-1.0206886335572227,-0.9357666250288413,1.0126340900076458,0.0029058875409471163,0.6249630258650075,0.010132889876977552,0.010132889876977554,0.14219627657110717,0.1421962765711074,True
2.5,6.626631202968935,2.1192968597488346,4.5073343432201,0.3624552268339879,-1.725620194839633,0.9315206332937719,0.004835068149448729,0.6042118531626148,5.359379125995435e-09,5.35937914697712e-09,0.00416216765984046,0.004162167659840989,True
2.5,5.573460330385751,2.28476834802963,3.2886919823561205,1.1803263891890348,2.738055260488613,0.8120205484868066,0.0008568900475423025,0.035041679254535774,2.087718813908387e-05,2.0877188129873266e-05,0.02777146954802906,0.027771469548028525,True
2.5,4.919807947644018,2.6273937474513,2.292414200192718,-0.42263186578178114,2.384040185092207,0.9995911019555979,0.003099935644677365,0.02966189104018807,0.0010540556333502055,0.0010540556333549916,0.16442946076330578,0.1644294607633122,True
2.5,4.233020918854023,1.592479097008305,2.640541821845718,0.10354540116301961,-0.7321308827282395,0.6552426325399476,0.0032039552766626733,0.5300012812051571,0.0008293331892101468,0.000829333189210021,0.010482832323804646,0.010482832323804505,True
2.5,5.008703151751718,1.3694072161036206,3.639295935648098,0.20641350594920746,1.0012636248398206,0.7297245570124624,0.019329997753700867,0.3579837561887671,3.758036553312857e-05,3.758036553327296e-05,0.006094460412349607,0.006094460412349039,True
2.5,4.483287901541314,2.111560681676925,2.3717272198643893,1.3099924572654251,-2.453576084960175,0.9478060215210722,0.004606831022271718,0.6162084503304183,0.0005422573051851587,0.0005422573051851953,0.03908292490046717,0.039082924900466796,True
2.5,5.2414543578192,2.484935436660409,2.7565189211587913,-0.15431535224904355,-0.7871973601606695,1.2819241818465212,0.002939598168239299,0.5098318546974571,4.106495742217884e-05,4.106495742215169e-05,0.07137495694276884,0.07137495694276816,True
2.5,4.126269210867617,1.4958809818660506,2.630388229001567,-0.5569023851516012,0.27651377231199126,0.6232634435328644,0.0014069082000189304,0.33011655133257356,0.0016774384770351083,0.0016774384770350283,0.011155986232037545,0.011155986232037635,True
2.5,4.548265988945517,2.115081979956145,2.433184008989372,-1.4810459653567625,0.1856948165974439,1.0431946543325243,0.007202049062969784,0.5051095215945617,0.0007406042174414202,0.0007406042174411084,0.08051887176064274,0.08051887176064136,True
2.5,6.019198411704027,1.6881257805054544,4.331072631198572,-0.5883384910728989,-0.7648973290806884,0.8664385512891875,0.003357096559942263,0.4250077206666024,1.4590161911698703e-07,1.4590161919623384e-07,0.004041002719722716,0.004041002719723125,True
2.5,4.400910194934448,2.56631105387009,1.8345991410643578,1.4016821456449238,-2.3770878035717558,1.2265056457030667,0.009045787904941649,0.5874762324297327,0.0021184742531724517,0.0021184742531730697,0.1333204700191659,0.13332047001916603,True
2.5,5.643687072694745,2.1018018193398817,3.5418852533548635,-0.37022434972596396,-3.01611743627418,1.0969099542922252,0.009415282231433342,0.712805129071084,1.800988488264319e-06,1.800988488200141e-06,0.017030526121489063,0.01703052612148898,True
2.5,4.284815874674046,1.767240205156602,2.517575669517444,0.9345034727511655,-2.327096379729557,0.8057729803201032,0.007715150620717759,0.6607998169707581,0.0006939848698728419,0.0006939848698728759,0.019781413589153467,0.019781413589152978,True
2.5,4.251553755816869,0.934516581594857,3.317037174222012,-0.20495606200393607,0.299105380590879,0.42270056488470087,0.011931768088548123,0.4947126404416964,0.0006463167725445707,0.0006463167725445782,0.0006535063016092559,0.0006535063016098222,True
2.5,5.051936549120098,2.3411414011144744,2.710795148005624,0.048547721482647146,1.842210916537094,0.9522244878384797,0.0004589208621730845,0.2541852028684634,0.00017033183950823026,0.0001703318395082724,0.06340568331932259,0.06340568331932167,True
2.5,4.763318482264535,1.0993152223072984,3.6640032599572363,-1.2115280493876182,-1.5413663590860687,0.8049385964829023,0.019371854357523977,0.7441861822616072,5.404468274436672e-05,5.4044682744377127e-05,0.00547906367548823,0.005479063675488108,True
2.5,5.907019191044032,2.0065274389635634,3.9004917520804687,-2.9718347889231995,-1.7877246901041803,1.1711577368574013,0.0028007109865834656,0.705623354747186,4.928865172753345e-07,4.928865176216962e-07,0.022087952699824945,0.022087952699824855,True
2.5,5.402470846642122,1.7230935104826837,3.679377336159438,-0.2781907544384455,1.1998249257272127,0.6986814195557944,0.036210924911567466,0.20545521711598125,1.018726393300888e-05,1.018726393277902e-05,0.006118688975177779,0.006118688975177809,True
2.5,4.004290118835881,1.2224637749354372,2.781826343900444,-1.5570371887641856,-0.1407352393574155,0.7068789478655603,0.004414680896886902,0.6744882176439235,0.0026949472199893024,0.002694947219989447,0.014879768412905425,0.014879768412905094,True
2.5,4.433682992656529,1.876083347680143,2.557599644976386,0.05576327905705207,-2.2011094007430847,1.026679830445822,0.01013201865581781,0.521397573263452,0.0004729169045643757,0.00047291690456450466,0.04097405253461194,0.0409740525346116,True
2.5,5.04762344231212,2.1032305884190166,2.9443928538931035,0.01791626047693065,-0.40002594253472734,1.0547449703780034,0.006296764879757999,0.5376146072894961,5.183339742415336e-05,5.1833397424459434e-05,0.03569115343147322,0.03569115343147274,True
2.5,4.8981954580659,1.7037811393827416,3.1944143186831586,0.11985992920094157,-1.62657500346501,0.8691086882567457,0.0010205952843382327,0.6532933601188788,4.600973961164451e-05,4.600973961147405e-05,0.011697185955009421,0.011697185955009393,True
2.5,6.214043534736547,1.5841651303512514,4.629878404385296,-1.908578384008562,0.22332124257533614,0.7860298850459944,0.006717690650167196,0.05230567530860741,9.298809658361926e-08,9.29880963015874e-08,0.0032395492114236733,0.0032395492114243784,True
2.5,3.520048661909813,2.495000833892639,1.0250478280171738,-0.0732765174471619,0.31494653307503206,1.064543629080304,0.003262920342070874,0.4817315452153805,0.06303513561347823,0.06303513561347794,0.3248131801726713,0.32481318017267186,True
2.5,3.764145212063211,1.9695916268177978,1.7945535852454133,0.08742920976204092,-0.9265138735755576,1.0252290190662028,0.015121004972361074,0.5402959738600959,0.008611418003691204,0.008611418003690929,0.11201915651152071,0.11201915651152036,True
2.5,6.644359431519174,1.8652856723258986,4.779073759193276,-0.20156847466825586,1.0147230047348739,0.9597257299673119,0.002605896985455658,0.3807263665563851,7.040143913923264e-09,7.040143900272784e-09,0.0067919780446667145,0.006791978044666854,True
2.5,6.7848350054305335,2.2947018569867152,4.490133148443818,-0.7937333536518171,-2.0964490910397418,1.047035495505822,0.0017880520494311658,0.6726785977119722,2.7986711708146218e-09,2.7986712600424758e-09,0.006866389898740647,0.006866389898740539,True
2.5,4.052077417083956,1.6032876840358312,2.448789733048125,-1.6048523485088015,-0.7280709389189729,0.8772920464024798,0.012026392267316277,0.31049289817308745,0.0022440752991566694,0.0022440752991566655,0.04079995444912667,0.04079995444912691,True
2.5,5.758823081653326,2.133330802239261,3.625492279414065,0.837420600839891,-2.6752471136364813,1.027621812215737,0.0057493432224686725,0.6708942269973603,9.649958642151842e-07,9.64995864114575e-07,0.012255052760592702,0.012255052760592258,True
2.5,5.9869238178188535,1.043099123726361,4.943824694092493,-0.2397515781627494,0.7383753180034867,0.483690108581958,0.003782154735394838,0.05561254725179299,1.9246863669333618e-07,1.9246863686803352e-07,0.00018761947977924095,0.0001876194797794381,True
2.5,3.269290427704033,1.6602295805627023,1.6090608471413306,1.5593519299887395,-2.510103730236228,0.7933491652214218,0.007563161345706337,0.6402808725493951,0.022809127411237893,0.02280912741123771,0.06695395799374784,0.06695395799374777,True
2.5,5.294023286849103,1.353388152694259,3.940635134154844,-0.010001268007229332,1.3415499445991514,0.6382012294935289,0.02635726075042072,0.006574166017314753,1.5206499873991017e-05,1.5206499874340308e-05,0.003002100073602216,0.0030021000736000733,True
2.5,6.461861285321387,2.571245245572471,3.890616039748916,-9.070498784372695,-1.0699513227316242,1.478591857921216,0.00036214944380347225,0.03096719496745448,1.741721721176757e-07,1.741721528566753e-07,-0.20561318746929313,-0.20561318746929924,True
2.5,4.0764439529799,2.699558282488233,1.3768856704916668,2.8209894161891884,-3.7367203812677348,1.633456917103563,0.006790220107717071,0.6660734323376802,0.0106356370174047,0.010635637017406007,0.3117945236007738,0.3117945236007741,True
2.5,5.415057512713975,2.1125794239703266,3.3024780887436487,0.3965229304609969,1.9801678817723163,0.9740541890666029,0.010603028156191685,0.4174302384595152,2.1129810735402824e-05,2.112981073772463e-05,0.04125587209193401,0.041255872091934556,True
2.5,4.5530015690903936,1.1797306341085572,3.3732709349818366,0.05668249653458896,0.6419531501986002,0.5435788608478074,0.02990845614782195,0.475805211898398,0.00022327144721507748,0.00022327144721486113,0.0021547481013646707,0.00215474810136418,True
2.5,5.572333951680546,2.074410420626512,3.497923531054034,-1.8519139403106886,-1.6462283103881648,1.1128142957355847,0.005579566011139736,0.681084948999229,3.2615709389452617e-06,3.261570939004078e-06,0.02399635002330515,0.02399635002330588,True
2.5,4.186190035351275,1.6215744584231433,2.5646155769281314,-0.9206611626828367,-0.42388958117440556,1.0249635796414978,0.00696911770376174,0.3767727809725938,0.0012944994186971758,0.0012944994186971904,0.05837628194235917,0.05837628194235936,True
2.5,5.664622008438969,1.9253888322204396,3.7392331762185296,-1.1557858425936045,0.4587559630839957,1.075470929805157,7.168588380807028e-05,0.570298003289457,2.544419137939955e-06,2.54441913784568e-06,0.02709759480059419,0.027097594800593962,True
2.5,4.399311201444611,1.1795719245582528,3.2197392768863584,-0.44675055368892413,0.2577068838819483,0.5400300935471773,0.0007548155741239349,0.23913381715224613,0.00042767258168373664,0.00042767258168383796,0.002474194369949264,0.002474194369949363,True
2.5,5.16365248844323,3.025227379120718,2.1384251093225117,3.7480104553288074,3.951932294801386,1.33017423549179,0.008424317531176284,0.2419754752752576,0.0006497979940043642,0.000649797994126423,0.4358164209448305,0.43581642094481393,True
2.5,4.584564645190911,1.494508351416904,3.0900562937740066,-0.3254786994439363,-1.1085236108431595,0.7254404757884271,0.019237699336777325,0.6132897255768028,0.00016475593077912756,0.0001647559307790584,0.007454624512800875,0.007454624512801243,True
2.5,6.8918739980811035,2.3086028377279164,4.583271160353187,0.17046060018762613,2.2574409617971516,0.9463203211058197,0.0019688477761243273,0.08614397759600229,6.788408057402905e-09,6.788405984133818e-09,0.014600191549519448,0.014600191549516781,True
2.5,3.97618640724877,1.5775487647473605,2.3986376425014093,-0.13240444766886555,-2.1648726342307016,0.9016543325170548,0.018381459674667144,0.7063460810160861,0.0019463606474827263,0.001946360647482643,0.034004364522738306,0.03400436452273802,True
2.5,5.333590518131488,2.5591537667335182,2.7744367513979697,-0.7721021821682098,0.8637859995827442,1.0043896418374942,0.02182426433588086,0.3411050863375109,4.468051226476577e-05,4.4680512265097514e-05,0.05334849504704895,0.053348495047046564,True
2.5,5.561711797553379,1.5009766022237223,4.060735195329657,-0.6213630016421848,0.6804768526557883,0.7378938692370028,0.04691348464541534,0.24075667948887014,2.8831915214550983e-06,2.883191521566142e-06,0.0041346891972783885,0.004134689197279276,True
2.5,4.715483503907824,0.9984323481098414,3.717051155797982,0.17506760113928058,0.9510825868211568,0.40508015092110533,0.0068350496877706,0.22920765225529816,0.00011953332433284767,0.00011953332433289645,0.0003911736609934907,0.0003911736609927252,True
2.5,4.35101432092128,1.4563287951606796,2.8946855257606003,-0.4659867607529633,0.16762401610326894,0.8377148757956765,0.004935142076717303,0.457484764599123,0.00061292622819531,0.0006129262281953515,0.02160199970951283,0.021601999709512293,True
2.5,2.9760076546301875,2.325962010984978,0.6500456436452096,0.9976837986210598,-3.27591907750409,1.2670672084223116,0.0018648186349420892,0.6727621678157449,0.19290007415123683,0.19290007415123647,0.5041230477198536,0.5041230477198535,True
2.5,4.426263304292169,2.381210534188662,2.045052770103507,0.26848871816415226,-1.5232130995766524,1.0627494045700991,0.015452728105620261,0.576977688495226,0.0013499671467660384,0.0013499671467657457,0.08569897620701517,0.08569897620701492,True
2.5,5.551669326964865,1.3858677718500245,4.165801555114841,-0.08575968518777245,-1.0524129924741594,0.6983251080222921,0.0020273033144445063,0.6158847302910211,1.2218238686299734e-06,1.2218238685415694e-06,0.0016393938681215658,0.0016393938681216029,True
2.5,4.214380245540985,2.232113430048493,1.9822668154924923,1.9110620827892824,-2.9664034299028677,1.0299599917005802,0.03388296400293622,0.6472614891183813,0.0020804975396369442,0.0020804975396373957,0.0746328307862249,0.074632830786225,True
2.5,4.685344000774492,2.0764936822516478,2.6088503185228444,-0.3940789825089342,-1.6407182988240074,1.2006255004313346,0.0030300174230338817,0.5777403432277775,0.0002402526438793468,0.00024025264387948658,0.06550960100586407,0.06550960100586437,True
2.5,4.167906346888392,2.9139334390426135,1.2539729078457786,-1.0086405997979224,-0.6197383451369536,1.2117292889192188,0.020211579492860843,0.4592078758555564,0.015984041565237028,0.01598404156523704,0.28701028679664753,0.2870102867966475,True
2.5,4.185642658881189,1.810249647787605,2.375393011093584,0.8466266876988826,-2.6186459596140335,0.8638413037124075,0.0037466689806320286,0.6907510972972251,0.0011080178243669397,0.0011080178243668875,0.02899783541275623,0.028997835412756478,True
2.5,6.322987058869821,1.5663398004235316,4.756647258446289,-1.4812008499188598,0.6148027699777114,0.7549896617566805,0.0027281149778370928,0.013730200810460447,5.629812065479597e-08,5.629812060388327e-08,0.0026111128885114377,0.0026111128885107204,True
2.5,5.243775365103342,2.830495307767173,2.4132800573361686,1.8121833751112864,3.523164685189486,1.2896533548700095,0.024706721632283657,0.014385884435431096,0.000635395100774124,0.0006353951008118757,12.899701828340145,12.899701828334818,False
2.5,4.444538091215242,2.532203972067634,1.9123341191476082,-3.1370485814672704,0.6959619229733358,1.291005040836042,0.0018147664303029276,0.13048629202916767,0.0038345739948081117,0.0038345739948045673,0.4283995427210147,0.42839954272101904,True
2.5,5.5176161274538345,1.159301898213659,4.358314229240175,0.4902298734763342,-2.1458392680811884,0.6919067585238121,0.0028475857365942714,0.7163419954674415,9.039427548560328e-07,9.039427548738586e-07,0.0008995304549175832,0.0008995304549174547,True
2.5,5.820259145056058,1.4635737750061726,4.3566853700498855,0.40750064122964724,-2.2353871617829,0.7510256820679925,0.0020556484891797178,0.7049576064079619,2.402834146022252e-07,2.4028341472278034e-07,0.0015048365008413819,0.0015048365008412247,True
2.5,4.713545581411414,1.1525898299257187,3.5609557514856953,-0.4368069095422588,-1.157531940165727,0.7837481912582983,0.011374127958396485,0.6677401868605084,6.570413702997128e-05,6.570413703000302e-05,0.0052824096839135595,0.005282409683913376,True
2.5,4.34507971915666,1.6474925281788888,2.697587190977771,-0.23639660808181237,-1.5414922487711133,0.8721985355574612,0.021430317188964154,0.6661224302673602,0.0005253701728538153,0.0005253701728537223,0.022339595114744128,0.022339595114744287,True
2.5,5.416383411757469,2.0353245297827796,3.381058881974689,1.1622270740665679,-2.7166539013284368,1.1188589742173327,0.00931607455621608,0.5978286690456853,5.0972763550701e-06,5.097276355466952e-06,0.019911641122136486,0.019911641122136493,True
2.5,5.053923991513996,1.7987721976807043,3.255151793833292,-0.6882903009884217,-1.7427167781316553,0.9697986807778177,0.004481916259184371,0.4854405022994952,2.666978591107006e-05,2.6669785911057504e-05,0.016943174306972106,0.016943174306971655,True
2.5,3.7793496115582217,1.6989939427310519,2.0803556688271696,-2.543888143319743,-0.9749042774729095,0.8963770800379129,0.009752331716282536,0.690660307754942,0.007540515727512697,0.007540515727512971,0.07294436268270707,0.07294436268270678,True
2.5,5.113929102762214,2.451804599633094,2.6621245031291196,-0.3058447995792546,-0.7467747645063837,1.0366530816366102,0.009262043006635967,0.5859193849619513,7.351793284461832e-05,7.351793284416452e-05,0.04604007801961032,0.046040078019609854,True
2.5,5.05418224094916,2.7711288336504554,2.2830534072987048,-2.1279127390201356,-1.4178025106882775,1.3206528689688648,0.016559030986490697,0.4058885113870476,0.0002160845687358761,0.0002160845687342066,0.12584065086016552,0.12584065086016513,True
2.5,6.148492566095699,1.0245087459580005,5.123983820137699,-0.931003876769629,0.08317507726880291,0.5340794031455381,0.001454708950296757,0.02271951290471791,6.436604321070198e-08,6.436604322420826e-08,0.00021002992894484707,0.00021002992894451338,True
2.5,5.51331053121357,2.36110444741972,3.1522060837938497,-0.4202339993353164,-1.3833388023953126,1.1341534941609859,0.02778889156808395,0.6207129195283911,7.20110810125308e-06,7.201108100998745e-06,0.03314445887765664,0.03314445887765723,True
2.5,3.629791374405351,1.9339521995720728,1.6958391748332784,-0.2857512950098273,-0.18299460794183386,0.8665901398016203,0.00638211565779373,0.44940304813579207,0.014727176052691212,0.014727176052691261,0.0971416981581424,0.09714169815814151,True
2.5,6.48880780353013,1.7919739546488866,4.696833848881243,-0.5479264650114958,1.4020231641260565,0.6465261895468531,0.0036461564806413715,0.03850634834483546,3.098234400774214e-08,3.098234354542121e-08,0.001834913726399778,0.0018349137263980971,True
2.5,4.621279501392468,1.2922110940495755,3.329068407342893,-0.9627079440562114,-1.118570094981135,0.650125794209568,0.02262013956739528,0.6975494120064953,0.0001255118756690619,0.00012551187566905983,0.003565786362490187,0.0035657863624903377,True
2.5,4.868309848841026,2.1702228094109546,2.6980870394300713,1.3241630416256438,2.571711057875972,0.9069451003431215,0.0057009065596372865,0.1387692421499518,0.00039932461763689367,0.00039932461763402525,0.06611569956645412,0.0661156995664527,True
2.5,4.504295347925272,1.6330843158799755,2.871211032045296,-0.9172297758485121,1.04890036325942,0.6418229518608951,0.005514518623055131,0.011337861333030164,0.0008291949044134365,0.0008291949044133884,0.012189436489598544,0.012189436489598781,True
2.5,4.1210485949888955,1.7024288696368721,2.4186197253520234,0.3906361753958299,1.4436617498863944,0.9174567576034578,0.03362187497768582,0.28088621060816565,0.0028570619833248835,0.0028570619833253146,0.06870796835430705,0.0687079683543062,True
2.5,4.962937399217883,2.010217749942331,2.952719649275552,-1.189633877109191,-1.4641487297585956,1.0467072084149254,0.0007258288961413673,0.4923013667039016,6.363517907385588e-05,6.363517907390482e-05,0.03302798440083071,0.03302798440083018,True
2.5,5.2980523117315474,2.6591623885317293,2.638889923199818,1.7164477266264668,-2.808576620120929,1.1490326715509214,0.0009969952495345047,0.6271896642136805,3.714629672749453e-05,3.7146296726664025e-05,0.04903356489858547,0.04903356489858508,True
2.5,5.391662227128131,1.9269004201379794,3.4647618069901513,0.45549807786779545,1.9804329116776702,0.8413680987274736,0.012043356888386869,0.10055161605896079,1.984485485949274e-05,1.984485485827856e-05,0.020330867534069062,0.020330867534070672,True
2.5,3.8129143342374414,1.9103071543511294,1.902607179886312,-1.697956100213864,0.85196445044244,0.7207431244671461,0.0045719562754039655,0.056546630239225626,0.01597433100195102,0.015974331001950545,0.06689847795019598,0.06689847795019511,True
2.5,5.299595190578784,1.7835711154774692,3.5160240751013148,-0.22201376625360392,-1.5695071686975517,0.8648075262591491,0.0001787647987142038,0.5829231571481104,7.387825716333907e-06,7.387825716470904e-06,0.008367431262708686,0.008367431262708353,True
2.5,4.396624629610866,2.5614234616589497,1.835201167951916,-2.878896176624569,1.00511969809292,1.2375325801363197,0.0027357386456029475,0.11723722109357121,0.005570436214614562,0.005570436214616056,0.44315389951870354,0.4431538995187088,True
2.5,7.144336419961969,1.9508140430070011,5.193522376954968,-3.0381834721747403,-0.7154582784601919,1.0702089603495082,0.004081656963758451,0.6764180806751122,2.340575669752603e-10,2.3405824496255804e-10,0.006691977972414028,0.006691977972414702,True
2.5,5.316837246070763,1.6074050018555612,3.7094322442152023,-0.010562678114610197,-1.3539986852721393,0.9280210648746724,0.0033268759619678456,0.623742128059064,5.256145835265906e-06,5.2561458353437445e-06,0.008497380036669017,0.008497380036669078,True
2.5,5.616404698495509,2.3709838677279182,3.2454208307675905,-1.2220642596277866,1.865366205598868,1.0442650354367025,0.0018674613847026178,0.014687657672512677,2.0596939963937486e-05,2.0596939963324282e-05,0.08546285738348561,0.08546285738348129,False
2.5,4.157042792280593,1.885333623980018,2.271709168300575,-2.8219408768201593,0.07323756874995868,1.127793476469464,0.006338757485487678,0.08213841043010789,0.003795545249007236,0.003795545249008124,0.1875041433839899,0.1875041433839913,True
2.5,5.614205846790509,2.177785471372452,3.436420375418057,2.704697418790868,-4.245968243391779,1.2741080215616898,0.007115280008922253,0.7121678514237239,2.0410283918640268e-06,2.0410283916187506e-06,0.025393773252479414,0.02539377325247954,True
2.5,5.584779859039194,2.4878624944719956,3.096917364567198,0.38065097967367206,2.681740193469656,1.1093041220749298,0.0015394717244453515,0.01387896819622364,3.940966759820824e-05,3.940966758857414e-05,0.16891206851602306,0.1689120685160272,False
2.5,4.75669305146693,1.8325864347740177,2.924106616692912,-0.3692585482700836,-0.8599661127548573,0.9432102221110482,0.002790718264620573,0.6204382117989795,0.0001263731944332737,0.00012637319443325313,0.024600892082345564,0.024600892082345935,True
2.5,4.995463948298246,1.672414075866621,3.323049872431625,-0.9284457150976504,1.0996148367308103,0.7506737403982173,0.0012093530938527275,0.012036894550632837,9.940351869280303e-05,9.940351869283857e-05,0.01310481836265824,0.013104818362659138,True
2.5,5.4279567021303645,2.6135790198572493,2.8143776822731152,-2.1422118416572458,-2.2810429535447057,1.4378514621416016,0.015905737759050464,0.5710026439094801,2.0289322966772204e-05,2.028932296742907e-05,0.09038641357523007,0.09038641357522997,True
2.5,3.737694296291484,1.7293365671122007,2.0083577291792833,-1.910591654941235,0.1620406792878426,0.8181796469883684,0.015791026450116485,0.13622974576501767,0.01210933439928542,0.0121093343992852,0.07327016088046892,0.07327016088046846,True
2.5,3.7170313769363545,1.2568282644708213,2.4602031124655332,-1.140124781279044,-0.8632508617099339,0.7677620446379322,0.029298595551192408,0.6878448142650057,0.0049076687661357655,0.004907668766135747,0.024403631191668464,0.024403631191668457,True
2.5,3.6759488337443647,1.3627678463924493,2.3131809873519154,-0.7691155559230713,-1.1957807856619063,0.8366473532339374,0.0006266882610776459,0.6847909025193103,0.005407226225579058,0.005407226225579033,0.03590480341680294,0.0359048034168031,True
2.5,4.1484270078522245,1.8018679494591936,2.346559058393031,-3.1733041668560995,0.027336815727235342,1.1119100209543236,0.004888271695967339,0.018390551993919924,0.004281829621480837,0.0042818296214812155,0.20389953448165557,0.20389953448165496,True
2.5,5.065771093234553,2.5201203102634766,2.5456507829710766,-3.0381688930264663,1.3572531294644476,1.1957039588508735,0.006002690173016301,0.01971194295128592,0.0004775480388366003,0.0004775480388481879,0.4769197991345728,0.476919799134573,False
2.5,6.284653504297058,1.1395498819369163,5.145103622360142,-1.8107728976483053,-0.9937321564697847,0.7117082784567713,0.0006170203292417686,0.7293351128372079,2.2151522398732295e-08,2.2151522521461317e-08,0.0007217363301045008,0.000721736330104472,True
2.5,4.889506818046807,2.5083908440756493,2.381115973971158,2.1703270696006913,3.2413738752651104,1.2359998737727653,0.02145502245242714,0.12609838934679035,0.0008780273930627255,0.0008780273930639486,0.3713663052983608,0.3713663052983644,True
2.5,4.952638599555814,1.605746905850973,3.3468916937048414,-1.0858211909662985,0.1572856956664357,0.7274094448520716,0.0009787655456805489,0.25115261657509813,5.818927721713205e-05,5.818927721711517e-05,0.00799534860774418,0.007995348607742772,True
2.5,5.610675119501284,2.6139860599671705,2.9966890595341136,-2.4150844024269285,-0.31270974619686165,1.134208315313,0.02707233267740733,0.623671206233657,1.0334738110039175e-05,1.033473811037731e-05,0.05461863280845954,0.05461863280845948,True
2.5,5.987259773935476,1.907953803527508,4.079305970407967,0.43291322608590455,1.513860466521157,0.8725757744778703,0.009567259156517738,0.3015304660523296,4.685386594336344e-07,4.685386587301952e-07,0.009722510188107924,0.009722510188108064,True
2.5,4.296188377087322,1.5934104656619563,2.7027779114253656,-0.688095156300729,-0.9633869532428013,0.7177386483360839,0.007902171745017839,0.6542272591935083,0.0006868064697638244,0.0006868064697638073,0.013073549627337725,0.013073549627338539,True
2.5,5.726199523397891,3.117335550611645,2.6088639727862457,0.151539944118246,-1.399477712260212,1.4835653243748579,0.008413215632979865,0.5850950484672686,1.4734865568251808e-05,1.4734865567078358e-05,0.10576727180601082,0.1057672718060104,True
2.5,4.868310838840065,1.8865136967638225,2.9817971420762426,0.22581913755831545,1.0108470951420023,1.0165301325322609,0.012170647343769603,0.41490737666401745,0.00012255899698531523,0.00012255899698478286,0.042830917242825145,0.042830917242824604,True
2.5,5.974909331797816,2.144028584548517,3.830880747249299,-0.8766416423363862,-1.7988355656306223,1.1389752896804903,0.006747635445200628,0.6306951736368154,3.440966297080313e-07,3.440966297405894e-07,0.016999801785700333,0.016999801785700316,True
2.5,4.887391363324428,2.214822380196646,2.6725689831277823,0.04395899273105488,1.4128881889308138,0.9826640525712249,0.00859817826043735,0.30876290635682757,0.00023000606368922774,0.000230006063690116,0.06091140341822052,0.060911403418221315,True
2.5,3.7493891592166637,2.8101072761863426,0.9392818830303211,2.4619229847220163,-4.203584870764991,1.4095588866436268,0.007059686087627803,0.6863899954277936,0.049849564487459835,0.04984956448745956,0.39173918322712864,0.3917391832271282,True
2.5,4.093996912758023,1.485951477580189,2.608045435177834,0.03504021317039374,-1.410572474418034,0.797059641878135,0.006175509055981798,0.5062293389432422,0.0011571504398996753,0.0011571504398997993,0.018209595377771663,0.018209595377771823,True
2.5,4.019828842040293,1.1220904012138793,2.897738440826414,0.23722044463680664,-1.5335973900385658,0.6281018465749098,0.0017302063324171613,0.6700473981965729,0.000994425889903544,0.0009944258899035605,0.004478672038304416,0.004478672038304545,True
2.5,1.1411123649384718,0.6976206910208156,0.4434916739176562,0.007705278715069682,0.4574238881045831,0.3901394037313315,0.3726125195721637,0.40993513462208353,0.8449255223395883,0.8449255223395878,0.29038781672720826,0.2903878167272079,True
2.5,6.181233843791792,1.7943553480205048,4.3868784957712865,-2.1527285139028143,0.5835434729245161,0.8886449449880356,0.003647387395460999,0.012472645449923603,1.9971788303678292e-07,1.9971788332302593e-07,0.009060805424969277,0.009060805424966265,True
2.5,4.793557171132901,2.3459203413665013,2.4476368297663993,-0.4826935701154153,1.6021125465365391,1.1017408994933988,0.02357952060367663,0.5234462041993111,0.0005645444375132806,0.0005645444375126829,0.13271054818711914,0.1327105481871193,True
2.5,4.950192174912635,1.9232764210718443,3.0269157538407905,-0.7864714103812259,0.11762236261057168,1.0755483268379822,0.0020649355356422983,0.34018381583077145,7.792924376300471e-05,7.792924376302931e-05,0.04403322746947638,0.044033227469475876,True
2.5,3.9867778034252503,1.7446337910530723,2.242144012372178,0.3797515728170502,-1.3569249272503459,0.7584252351408495,0.008947769184029564,0.5840572856143926,0.002454171832139369,0.002454171832139257,0.026959080923860387,0.02695908092386054,True
2.5,4.091853013786947,1.873393037550217,2.21845997623673,-1.1087045066484669,1.274005166378756,0.9008602396594357,0.00038938463764870423,0.01156321948636857,0.006775758427490852,0.00677575842749073,0.10358762119158768,0.10358762119158557,True
2.5,5.7571330424402944,2.2840666592548344,3.47306638318546,-0.17766062939179117,2.082134786638889,0.8039358468687904,0.0002751466130852531,0.05055082264676963,6.385412634489931e-06,6.385412631833895e-06,0.01974360440089376,0.019743604400893833,True
2.5,4.716877021703619,1.640153196244128,3.0767238254594904,-0.6990564696156588,0.16842875181840267,0.7555279522556678,0.0004422804881096809,0.5923608169574552,0.00016127746782772443,0.0001612774678277133,0.012182630454237673,0.012182630454238518,True
2.5,4.946703274266794,2.4222370014430523,2.5244662728237413,-0.2330490269144884,-1.385250888424383,1.0690294426695752,0.0022887490416031997,0.5860766774338824,0.00014482181880546462,0.00014482181880587757,0.053402383707737006,0.05340238370773789,True
2.5,6.519178915866239,3.0641894140845447,3.4549895017816943,-0.1369384623754855,-1.5701160897088315,1.3333246328590136,0.0014475191563849132,0.5979832142091515,1.0850173929330347e-07,1.0850174079915015e-07,0.040521660794612724,0.040521660794613105,True
2.5,4.635061442207132,1.6224389676587427,3.012622474548389,0.1953766363765268,1.4177687856747494,0.8834477280956348,0.003103764798948694,0.1826371155526435,0.00035372022023764645,0.0003537202202377962,0.03290143846946557,0.03290143846946506,True
2.5,6.053736876151669,1.3243422444926611,4.729394631659008,-0.43841866917229544,-0.9626228764603784,0.8124896276782826,0.002612851010564854,0.5551063243594695,7.235996566366449e-08,7.235996570433586e-08,0.0017624283716900634,0.0017624283716903076,True
2.5,4.957688160750259,2.076013129091897,2.8816750316583626,-2.4624283392513187,0.2868383801242087,1.0248748795114824,0.009070473296156345,0.6099892222553683,0.00014630676845817306,0.00014630676845873313,0.06068492088618614,0.060684920886185406,True
2.5,3.994779604316999,1.7805034889355327,2.214276115381466,-0.31112949879322754,1.3689885302319489,0.6903684265523393,0.018794709238793617,0.11239827851457534,0.006408289427211471,0.006408289427211647,0.03847642229702289,0.038476422297022035,True
2.5,6.977038147809007,1.9683198225084857,5.008718325300522,1.1260653993184575,2.1307885533956448,0.8965836094921376,0.001883536968470434,0.30286616830645996,1.289814615165607e-09,1.289814096419075e-09,0.005697737522415351,0.005697737522414776,True
2.5,5.072326684761216,1.826565974542505,3.245760710218711,-2.6010829858471793,-0.6168213944748758,1.2721348563663155,0.006902077472151491,0.6544433340212625,4.291743139811584e-05,4.291743139790035e-05,0.08156490855931241,0.08156490855931223,True
2.5,4.993427453617776,1.257851839278914,3.735575614338862,-0.36204520677883434,-0.16348595419849188,0.7085133009067026,0.0032557252017104688,0.3685543896780469,2.5071896298540725e-05,2.5071896298572363e-05,0.003463270389442855,0.003463270389442493,True
2.5,6.424496047879301,2.214194431399668,4.210301616479633,-1.6806378720632689,0.4151235685533854,1.2026913512818818,0.0008674839080001218,0.503038473547582,4.870677988441328e-08,4.8706779598079e-08,0.029038827781859535,0.029038827781860385,True
2.5,5.506747074645256,1.6369089535334373,3.869838121111819,-2.50517436202236,-0.44717191581172755,0.9438619168953881,0.0043347444322685,0.6768781777612902,4.17901028250891e-06,4.179010282275826e-06,0.013770491050989203,0.013770491050988511,True
2.5,5.559824586704273,1.7369956897897525,3.82282889691452,-0.2970387263476439,-0.4212964165580605,0.9385280320963977,0.02948549442020909,0.4716381069325664,2.151873304023562e-06,2.1518733041379053e-06,0.009700727130840883,0.009700727130840617,True
2.5,4.323347783369206,1.8564170544249738,2.466930728944232,-1.7993115080450195,0.8489923258998695,0.8184575414793812,0.019121179784581388,0.016087135741637615,0.002476441088720783,0.0024764410887211947,0.05076174351437851,0.05076174351437954,True
2.5,4.754190621312344,1.8311221613549118,2.9230684599574324,-1.200354136513575,0.6408899471976253,0.7224767649323405,0.006052600575878031,0.1679083148962336,0.0002446245581465383,0.00024462455814640825,0.01586266012318553,0.01586266012318766,True
2.5,5.479610543377385,1.9380853692534272,3.541525174123958,-0.1783427771972732,-2.507814883307315,1.2006060778491665,0.0016992001750396613,0.6776052027210823,3.345986982379849e-06,3.3459869822361433e-06,0.023628546697577937,0.023628546697577753,True
2.5,2.875108603945042,1.058073136696911,1.817035467248131,-0.6428476050382873,-0.33930485460478954,0.6853722227047373,0.007499960603756184,0.6397715309006063,0.057469489336488475,0.05746948933648843,0.04847976643750412,0.0484797664375042,True
2.5,3.835306062289364,3.4233820416911356,0.4119240205982284,-3.4178831141469637,1.4366312718613257,1.3719884669125524,0.04367267845934919,0.176320599737535,0.3043345743508198,0.30433457435084177,1.0593069711935013,1.059306971193516,True
2.5,5.689000221834546,2.815803696711064,2.8731965251234826,-2.756178361623264,-0.10282268408739403,1.2811668623128967,0.010199600757403338,0.5976080915796853,1.1524992416135424e-05,1.1524992412935545e-05,0.09407821360272302,0.09407821360272277,True
2.5,3.9542734153882515,3.30402917210442,0.6502442432838316,-1.4384845369072599,-1.5286736154784508,1.43653562230947,0.6292210897070871,0.6161408826391419,0.10783635098353482,0.10783635098353465,0.5733127148662137,0.5733127148662134,True
2.5,3.876034859142769,1.7256439330833873,2.150390926059382,-0.8139951397290488,0.9897422573575589,0.6781173136904436,0.0057754144181852984,0.11540008887083575,0.008628294355751822,0.008628294355751862,0.03749334746019473,0.037493347460195094,True
2.5,5.32906285453992,1.3362787504322813,3.992784104107639,-0.5065712655389687,-1.1828735673114013,0.768886759735152,0.0022037086153717245,0.4289993327049551,3.9314104816607e-06,3.9314104816798655e-06,0.0029754559051779015,0.002975455905177648,True
2.5,4.920886491919072,2.5461072680798864,2.3747792238391856,-4.367428339547653,-1.9939969038732994,1.3194368605026021,0.0023030810500597743,0.6960918411515251,0.0002622975694933258,0.00026229756949477695,0.1336579361642617,0.13365793616426308,True
2.5,5.5697782222774865,2.4560663854663405,3.113711836811146,-0.04105929734348556,-1.13392086754218,1.0995442476196777,0.00042902352691492895,0.5273086692407333,6.539749931757116e-06,6.539749932125774e-06,0.03193515346280494,0.03193515346280449,True
2.5,3.6314743303034343,1.6569804794078473,1.974493850895587,-0.42508008765969774,-0.1853112341770864,0.8125474923314884,0.007409538916740455,0.5005087644574515,0.01010522783762776,0.010105227837627746,0.05779897235485929,0.05779897235485928,True
2.5,4.819367496006651,1.5591997456192608,3.2601677503873896,-1.1246967067297562,-0.10183121012114882,0.8440173109102009,0.0009851879690144782,0.2859584474564085,9.345005393165701e-05,9.345005393169167e-05,0.014612580167266047,0.014612580167266378,True
2.5,4.097383148010058,2.674643916508171,1.4227392315018874,-0.49723943028639567,-1.864982567478572,1.150048925149599,0.02582387009999154,0.6397653282557667,0.010442047199591104,0.010442047199591065,0.20323958856977203,0.203239588569773,True
2.5,5.496731991558722,2.1115346242484976,3.3851973673102242,-1.0404951032977758,1.0906524342825286,0.8209040742961164,0.01698302244153721,0.1823672984121783,1.1185721075346924e-05,1.1185721075386226e-05,0.01700152934906478,0.01700152934906458,True
2.5,4.351295176054862,1.6605414090315032,2.6907537670233586,0.8151379908334376,-2.095893964802805,0.8481151455773378,0.009302286480773414,0.5806534788682318,0.0004540268170721711,0.0004540268170722451,0.018259253559312683,0.0182592535593125,True
2.5,4.684122875357526,2.910932074890353,1.7731908004671735,0.6538117271543094,3.004791357749218,1.361355101384419,0.025616278461243758,0.11585316563663273,0.005679343480317194,0.005679343480337636,3.536059859509428,3.5360598595094213,True
2.5,5.904135375610568,2.172966614029845,3.7311687615807227,-0.4838147453664147,0.2526161841094665,0.8783460622818123,0.009421593073000334,0.5453490866992968,7.712713863559475e-07,7.712713862972959e-07,0.010915190487551213,0.010915190487550127,True
2.5,5.690459335330505,1.4548895583278794,4.235569777002626,-1.3336863753581525,-1.6562485478698823,0.9285863082843286,0.010334040047135395,0.7134310193264504,6.654914748412758e-07,6.654914748331038e-07,0.005310276932026088,0.0053102769320256425,True
2.5,5.884573692333291,1.855649279526584,4.028924412806707,0.15270133293743673,1.400478137473212,0.9052614231248006,0.02227927230129495,0.4755073551342893,8.166175049122328e-07,8.166175044674991e-07,0.011938909625029637,0.011938909625029226,True
2.5,5.18954439786698,0.9081778245377384,4.281366573329241,-1.3912595649429371,-0.7189618252043944,0.6279671159820925,0.0004138183358574632,0.03693269315337783,9.21115197881604e-06,9.211151978853329e-06,0.0009888246678202918,0.0009888246678198254,True
2.5,5.140129646467075,0.8480714032133814,4.292058243253694,0.1805289190715291,-0.9523560947044039,0.3946372530066673,4.9368143070605e-05,0.6169547690743618,6.27397808835275e-06,6.27397808837905e-06,7.745600180307228e-05,7.74560018033077e-05,True
2.5,3.1433477637420904,2.54035866618506,0.6029890975570305,1.8953742353493663,3.20558472162754,1.1111053260767132,0.0003654016956307071,0.04782250426678347,0.40743578510180023,0.4074357851018005,0.9076990622433999,0.9076990622433904,True
2.5,5.239091768392534,1.3534745941987174,3.8856171741938166,0.2869830820251219,-1.0859900797111988,0.6118576824367572,0.0014096408670181138,0.5891725477348445,5.707967671371804e-06,5.707967671361169e-06,0.0012969408087590928,0.0012969408087590971,True
2.5,3.1337585280780025,1.7540929734167363,1.3796655546612662,0.0020534934138108376,-1.4053908301458433,0.7248075069736458,0.011997185225518125,0.6422529883444,0.04578209786247034,0.04578209786247021,0.09105888971957538,0.09105888971957557,True
2.5,4.89299975575315,2.0641522895957642,2.828847466157386,-0.5484025734990904,0.7029717808831952,1.0979868235536494,0.0038846824293603532,0.3965183263472664,0.00014730631167242007,0.0001473063116725521,0.06493221933762555,0.06493221933762619,True
2.5,3.6799143081072954,1.9294282402967058,1.7504860678105896,0.9695935609440414,-2.9100223913067444,1.0834335313070074,0.006237313059266059,0.65570709112393,0.0091906937333565,0.009190693733356594,0.11399632126697795,0.11399632126697834,True
2.5,5.878467187957474,1.9041715378142492,3.974295650143225,0.5378372397205416,1.8314206274611995,0.9281046751525932,0.013015326948827122,0.4410446063835216,1.1096332262219137e-06,1.1096332273631026e-06,0.016298470634357604,0.01629847063435761,True
2.5,5.247207363867751,1.7035800705817603,3.543627293285991,-1.739885977225948,-1.3239438378591908,0.9087686338693965,0.006686284183398505,0.6841697928233372,1.0771118690542504e-05,1.0771118690475155e-05,0.011405258745900421,0.011405258745901203,True
2.5,3.7122015288031367,2.0147332966265767,1.69746823217656,1.9096903791174413,-3.01013718389376,0.9608672420655615,0.004155395523669614,0.6581002925151733,0.009251830287558644,0.00925183028755884,0.09053397254407819,0.09053397254407815,True
2.5,4.503908785635718,3.3295684966664605,1.1743402889692578,-0.8996916511941192,0.6436462634373115,1.3369015276921992,0.0038088260621857994,0.5454874788852938,0.0143829034917727,0.01438290349177273,0.3874335605693849,0.38743356056938577,True
2.5,5.121190725787595,1.273649922848219,3.847540802939376,0.38209992936059717,1.5612613236654815,0.5857320456661451,0.005234306126188248,0.03119842527326161,3.4505132721813346e-05,3.450513272205198e-05,0.0023379206620051415,0.002337920662005069,True
2.5,5.1289112010075,1.4250669992563751,3.703844201751125,0.38391117054451396,-1.3509201863793496,0.6221986538893567,0.0009411106028827665,0.6037317888627441,1.0271948521228589e-05,1.0271948521275653e-05,0.0017468230628055752,0.0017468230628062415,True
2.5,3.8482218677256856,1.2364227958832217,2.611799071842464,0.12208367674351031,1.276337346114849,0.6252656092988033,0.017327072756027573,0.05696366154637594,0.006066019894691149,0.006066019894691443,0.014474577734881398,0.014474577734880902,True
2.5,7.018680562637127,1.835206337161719,5.183474225475408,-0.754663024095311,0.36049791735239345,0.8502030863820232,0.003491600194495126,0.5716427195950079,4.569555609404087e-10,4.569555273654264e-10,0.0024000645558967517,0.0024000645558966754,True
2.5,4.723576335014503,2.7177781967852934,2.0057981382292094,-3.996737819315979,0.5408037927564113,1.1822771122870177,0.007674952560865811,0.1372285603950525,0.0017303968103565203,0.0017303968103500533,0.26721772246549924,0.2672177224655021,True
2.5,3.8556434645326365,1.0790046773721376,2.7766387871604987,-0.9258411813746354,-0.29241081586636997,0.6737490056206646,0.00666972602315663,0.20635917538078236,0.0031098606094120125,0.003109860609412012,0.01063685266613984,0.010636852666139514,True
2.5,5.234811217510756,1.9854342434459493,3.2493769740648064,-1.7539318149725793,-0.13934526586747265,1.1688389351859843,0.0037308518400528956,0.2728251747509882,2.3323191008622046e-05,2.3323191009010614e-05,0.052196459099252024,0.05219645909925273,True
2.5,5.756379460544139,3.264584612714958,2.4917948478291807,1.1325393421201844,-2.1367113834870546,1.317738639230954,0.00892108040405104,0.5743227378823883,1.807018346583723e-05,1.8070183459676885e-05,0.08571448054486723,0.08571448054486706,True
2.5,6.468150550217845,2.3035081828127613,4.164642367405084,-1.4539719544923924,-1.5778267741105296,1.2785682814251493,0.001016143088898358,0.6009995006715002,2.5116336383111837e-08,2.5116336161061653e-08,0.02065124337866579,0.02065124337866565,True
2.5,5.01433471892573,2.7715520241839395,2.242782694741791,-1.7907257339384672,-2.12364802950845,1.3301498803333296,0.0007194697589413268,0.6563700296633116,0.00024326438463611905,0.00024326438463699547,0.12156023585672895,0.12156023585672879,True
2.5,4.809612223876616,1.8373990030757343,2.972213220800882,-0.07113508123070955,-0.025878467068918498,0.7297364876860285,0.00017294435859566137,0.4702002976693472,0.00011294661792263858,0.00011294661792286671,0.011726761586101775,0.011726761586101227,True
2.5,6.347635216635552,1.104955292213034,5.242679924422518,-1.3719446911369664,-1.3039194428619942,0.6996056425792007,0.003481653500268078,0.736575604993775,1.143369466278955e-08,1.1433694657967755e-08,0.0005063058797859896,0.0005063058797864339,True
2.5,4.499908841014091,3.1604935438800816,1.3394152971340092,-4.672779129726573,0.05840298389004728,1.3536121688736171,0.00188179247939535,0.2363944825622477,0.010655845762856869,0.010655845762890968,0.47433612980824674,0.47433612980824175,True
2.5,4.8049463664625796,0.9562830213714135,3.848663345091166,-0.06138864211060139,-0.7851987182793584,0.5793878992883594,0.017126420550162058,0.6049250789828398,3.73224038306911e-05,3.7322403830673273e-05,0.0009069751717960787,0.0009069751717960754,True
2.5,3.4689986840972407,1.3586805865198885,2.110318097577352,-1.0514586277900597,0.138029595829112,0.8260460101248251,0.026433028700060146,0.18678528283690432,0.017063636994619474,0.01706363699461946,0.06519486925868646,0.06519486925868626,True
2.5,6.442212770045372,3.361296048388818,3.080916721656554,3.315992425879374,4.29207711040885,1.4687476004273123,0.0010573757356521774,0.025365816793975593,2.9666485600727195e-06,2.9666486633195247e-06,-0.46533719317175715,-0.46533719317179606,True
2.5,4.124437159611388,1.7670488802534152,2.3573882793579726,-2.5328865437077974,0.2944930229330156,0.9639067645315196,0.006749332123278162,0.018514013786304406,0.004378320345933227,0.004378320345933774,0.1041100517214726,0.10411005172147539,True
2.5,4.662468292088702,1.4225562815621926,3.23991201052651,-1.2447295705326138,-1.4005081227293439,0.8290297850770404,0.004585608735565849,0.6936452585188945,0.00011691703072432148,0.00011691703072433792,0.010515769211495711,0.010515769211495891,True
2.5,5.676209336348008,1.997267896341834,3.678941440006174,-0.2511901701137545,-0.14994644407472302,1.022915323611205,0.02154714169486338,0.48745022848268293,1.791556351031479e-06,1.79155635103351e-06,0.016518278837457028,0.01651827883745682,True
2.5,5.2214737699462175,1.3463237287190566,3.875150041227161,0.4975414111479356,-1.6228605137131098,0.7404652118890475,0.012949790533677952,0.5691810652023489,5.577991696192737e-06,5.577991696237303e-06,0.0024807821646514994,0.0024807821646514305,True
2.5,6.244048676139223,1.362051826128024,4.881996850011199,-0.07826648533778649,-0.8265727196375262,0.708704090044286,0.0029529121579739415,0.6199793490042874,2.314337234887169e-08,2.3143372409651835e-08,0.0008249430896852539,0.000824943089684891,True
2.5,3.650652440905826,2.1193580957915805,1.5312943451142456,-3.5633222101995887,0.23656693827563213,1.0014059002405962,0.010647492213525567,0.0513500727245873,0.03915184308686266,0.0391518430868645,0.27948279480098864,0.2794827948009884,True
2.5,6.461573138156816,2.235147435829847,4.226425702326969,-2.6365105089847907,-0.06317899093993762,1.01127886571498,0.007927807755082561,0.2322765500224644,3.9349188481208805e-08,3.9349187724061777e-08,0.013637592917265547,0.01363759291726854,True
2.5,4.359477761368706,3.7893741422586,0.5701036191101059,-2.7302079675450694,-2.400933068148439,1.6372309191262264,0.009906952931285629,0.6498241783262272,0.10856355396998008,0.10856355397003245,0.6535432631089266,0.6535432631089277,True
2.5,5.486580830729127,2.188939655082027,3.2976411756471005,-0.4885193141805448,-1.8613123804850193,1.093125143747264,0.00570865706831869,0.6214319933151594,5.580753063134049e-06,5.580753063152606e-06,0.024171593234710978,0.024171593234710517,True
2.5,4.1451378580475176,1.362143418605472,2.782994439442046,-0.7845516493024647,-0.914401002563722,0.6376724700256695,0.01348009416232876,0.6735409473112342,0.0010020864340993998,0.00100208643409937,0.007400943507670894,0.007400943507670834,True
2.5,6.085359171469523,2.4842362592349865,3.601122912234537,-1.4702276335176094,1.76634611959163,0.934432008262285,0.001468328300821664,0.03981575208148819,1.5339878024061763e-06,1.5339878017275337e-06,0.032742502595102745,0.032742502595102835,True
2.5,4.292267495501332,1.9779301686761335,2.314337326825199,-0.9123612759245925,0.6935579262942901,1.0525752799590644,0.001924529828975452,0.5341288783616899,0.001933239668401901,0.0019332396684019395,0.10552394634129805,0.10552394634129808,True
2.5,4.528368427042702,1.7217741890404006,2.8065942380023015,-3.2047418390598286,-0.12510570813471855,0.8687029291241397,0.0004756772628246031,0.01932840267726893,0.0008009386458727009,0.0008009386458721337,0.03934922469988513,0.0393492246998855,False
2.5,4.589859346536727,3.686221043869833,0.9036383026668942,3.617513348606183,4.582336102415476,1.3242293215322336,0.03772180372237793,0.031052293864088587,0.08258261327532075,0.08258261327712549,-6.568795282507883,-6.568795282504229,True
2.5,5.667807032337551,2.763528576393151,2.9042784559444,-6.327856943669998,0.640734364162387,1.2819864243185357,0.0029717255317018854,0.024985543668562926,5.1590825136942475e-05,5.1590825080204624e-05,-0.8640222247016331,-0.8640222247015966,False
2.5,5.103214622311764,1.8202465433943957,3.2829680789173685,0.20460828034717002,-1.6535028015609874,0.9484834632232206,0.006020796038081977,0.6380662446537697,2.0161667927966746e-05,2.016166792777645e-05,0.01438762038500374,0.01438762038500403,True
2.5,5.535261068387044,1.4533651369568596,4.081895931430184,-1.483260253000577,-1.015259729538622,0.8508245098500137,0.0015363226707566513,0.6384987516233513,1.8659051592200255e-06,1.8659051592314551e-06,0.004978513955740319,0.004978513955740687,True
2.5,3.2804134950350052,1.9457476391126378,1.3346658559223674,0.9082656931517159,2.1755417851755485,0.8096017151171145,0.06688075739807814,0.14794560307930266,0.08502544476438277,0.085025444764382,0.20847735915007984,0.20847735915007856,True
2.5,4.287237269500904,1.606090658637344,2.6811466108635598,0.032861099969395874,-0.6145537467316972,0.6387127209314223,0.002094728139623969,0.56210763189801,0.0006966455634700221,0.0006966455634698854,0.0094499676272866,0.009449967627287443,True
2.5,6.038372440615548,1.3803368848414854,4.658035555774063,-0.1876997503875129,0.13904469113083828,0.6583032715927135,0.0072007821708424125,0.5070738957319347,1.1227926706679806e-07,1.1227926694279068e-07,0.0009938886335497455,0.0009938886335492682,True
2.5,5.365270784115703,1.4406717415373136,3.9245990425783894,0.16221356305788687,-1.5049572037343562,0.6750441794516988,0.008956289501483694,0.6600885836130324,3.1500548916422247e-06,3.150054891693499e-06,0.001800262587494065,0.0018002625874942496,True
2.5,5.350486428199659,1.8945923257241628,3.4558941024754963,0.9676156213279595,-2.1951234485894098,0.8977787392763784,0.0017815713400879951,0.6089865881287363,5.833121322376022e-06,5.833121322243833e-06,0.009154508913528245,0.009154508913528314,True
2.5,5.95063093337008,1.4050143115734748,4.545616621796605,-0.36764997988643705,0.5265272218174191,0.6296376710231644,0.005616909256157043,0.3891137843072721,2.489371328255643e-07,2.4893713301640505e-07,0.0010985663619656842,0.001098566361966342,True
2.5,5.123529499077004,1.7042645276371957,3.4192649714398087,-3.2909882838323847,-2.247893288515229,1.2208477001305467,0.02032526161802639,0.7382914687520861,2.0613952493820542e-05,2.061395249387457e-05,0.043069162599698285,0.043069162599698486,True
2.5,4.71164480326141,1.2276442157630787,3.4840005874983313,-1.1011224012495227,-0.6870199031419613,0.8346711951198724,0.003964490286565425,0.5294770378815195,9.307630525352095e-05,9.30763052535121e-05,0.00949546688869996,0.009495466888699847,True
2.5,6.1742188486416465,1.7081837949735372,4.46603505366811,-3.4605099578739402,-1.609322560533081,1.1192198880150797,0.002892980112377541,0.7264998567978391,7.78259704522509e-08,7.782597064534258e-08,0.013392811039113208,0.013392811039113791,True
2.5,5.690889742008042,2.281185641721278,3.409704100286764,-0.3270445094173196,1.9434087912802527,1.1915110547873535,0.017007969830173053,0.28958944738556514,8.134681795770816e-06,8.134681794235327e-06,0.11502866572959682,0.11502866572959772,True
2.5,3.3224774336028697,3.257601132913468,0.06487630068940176,-1.636934544277115,0.4225334651613115,1.3937433792348608,0.00029552919127701083,0.45504769732351946,0.8284740605111177,0.828474060511108,0.9585827534152032,0.9585827534152019,True
2.5,5.377568778006328,1.6732396307093251,3.7043291472970026,-0.2227685957353858,-0.7863468844348465,0.8521328550919453,0.006293643342467348,0.47675143370458173,4.741957572216115e-06,4.741957572223062e-06,0.007011460649048965,0.007011460649048356,True
2.5,3.5087557956509574,1.6350257009460114,1.873730094704946,-0.3619803219400819,0.5698085865548461,0.7756086728878328,0.007141961983749057,0.5491947302269441,0.01824474116350348,0.018244741163503483,0.06844745089152067,0.06844745089152149,True
2.5,5.936359932931802,1.206937270406982,4.72942266252482,-0.17613143313159324,-1.9295976573640532,0.8481355246146358,0.0014352064652714547,0.7193991521813656,1.0186832194906748e-07,1.0186832189182312e-07,0.0017045934182225479,0.0017045934182224052,True
2.5,5.66955100016526,1.9672986323635195,3.7022523678017407,-0.3820514723675814,0.23246978964563114,0.9328447512617105,0.007023939652865463,0.49098381248907147,2.0115521333465528e-06,2.011552133091175e-06,0.013004913322745788,0.013004913322745544,True
2.5,6.729004723640478,1.4198792601770676,5.309125463463411,0.8200642959694053,-1.9083546017850122,0.7712473093448143,0.0014182319826470668,0.5935668001222502,8.344106793652352e-10,8.344106377644338e-10,0.0006166133381798565,0.0006166133381798943,True
2.5,5.347799859939289,1.8007726589912976,3.5470272009479915,-0.40197015322520524,1.009174293225585,0.8173514338535123,0.008115884199510093,0.22544773460251938,1.3038315099934625e-05,1.3038315099921935e-05,0.012173500106776994,0.012173500106777774,True
2.5,5.445108634118252,1.403853204429064,4.041255429689189,0.4648098108998495,1.5882052808947442,0.5979864469636526,0.005554288524850959,0.1269731964996773,6.654091965686298e-06,6.654091964963355e-06,0.0021009553096501565,0.0021009553096475054,True
2.5,4.91926351340512,2.443220149690775,2.476043363714345,-1.559242845414446,1.867858747952643,0.8595223733693075,0.007863652611236449,0.015974607001657926,0.0008664213215226107,0.0008664213215234741,0.07800963334580793,0.07800963334580116,False
2.5,4.857476776139072,2.055095011559086,2.8023817645799864,2.0878482061902948,3.0152777410087825,0.9863223787011863,0.0004617417836177973,0.054759439062749826,0.00048469428429210877,0.0004846942842890319,0.10168927388284336,0.10168927388284695,True
2.5,4.264216337050933,1.9215686582079134,2.3426476788430195,-0.14286052888672143,0.9531977504190037,0.9765587632102639,0.0025483565476539516,0.32293116391249427,0.0018639215710413036,0.0018639215710407814,0.07778337436706467,0.07778337436706516,True
2.5,5.965285436024813,2.3158073903139478,3.6494780457108655,-0.46678574099654574,-0.07163294933607567,1.168918838526161,0.007912135008401933,0.42387693955517847,6.478594116437376e-07,6.478594114233016e-07,0.02812924291899197,0.02812924291899191,True
2.5,5.1166063207025285,2.2110112202618084,2.90559510044072,-0.9745019264174559,0.594028629640712,1.1204884824279504,0.0017867388038912413,0.5542949504735313,6.624843337469838e-05,6.624843337472191e-05,0.06483049212387201,0.06483049212387296,True
2.5,4.051504273213878,1.7238442636506597,2.327660009563218,-2.942264328585625,-2.0783305346127245,1.2994983310874189,0.0017072996233902238,0.5872992976863656,0.0023652141216957906,0.002365214121695641,0.15048350606501282,0.1504835060650132,True
2.5,6.1917124803323595,2.186680407637407,4.005032072694952,-0.8103212162914688,-0.41936190639104154,0.9227775414810365,0.013326828079460784,0.5668487865787585,1.2806873521934424e-07,1.2806873523765333e-07,0.00878802164782077,0.008788021647820226,True
2.5,4.316105747459446,1.3140135018095775,3.002092245649868,-0.4093814873037051,-0.16187630508163753,0.6632498279586815,0.0122578972051966,0.5359741823019889,0.0005448335552546652,0.0005448335552546269,0.006935784400251717,0.006935784400251612,True
2.5,5.295159542089558,3.46621480163522,1.8289447404543382,-0.2982904814958153,0.834263834718775,1.3908506802635539,0.0028798609430811806,0.513602289817311,0.0005392680131452633,0.0005392680131406765,0.23369781017322083,0.2336978101732204,True
2.5,5.481263590615464,1.988054147402766,3.4932094432126983,-0.04107649510322373,0.0019008104167019813,0.8615228475589503,0.003096950735600179,0.4747546479167666,5.098272996434067e-06,5.098272996692587e-06,0.011315820061650118,0.0113158200616493,True
2.5,6.561168507288998,1.7197523964362402,4.841416110852758,-0.01310320554290936,1.6834568784134287,0.846809130150246,0.027786362323755254,0.016328840493056607,1.9781826542477422e-08,1.9781826645679913e-08,0.005416061825348921,0.005416061825349884,True
2.5,4.920254535319281,1.845913219953113,3.0743413153661683,-1.2192788368843623,0.046208949005715816,0.9347618092684413,0.0006814627107217808,0.4111723615029748,8.633264243564009e-05,8.633264243565238e-05,0.027177751996712653,0.02717775199671301,True
2.5,5.760842002388797,1.0508180336563717,4.7100239687324255,-0.9155735395688028,-0.4625802627872583,0.5605501609342537,0.025336058765728753,0.6825273014892501,4.2964971417317494e-07,4.296497141833305e-07,0.0003515366366502765,0.00035153663664980574,True
2.5,4.533664792889988,1.930327673300397,2.6033371195895914,-1.2841047550055251,0.09750269301320436,0.9518744180835432,0.016522013088652976,0.5530594882238833,0.0005675124879566997,0.0005675124879567832,0.04927541022386879,0.04927541022387024,True
2.5,5.862702835962372,1.805753141447183,4.056949694515189,-0.01197062317700484,-0.5743679656382792,0.883529194840006,0.008590965304802967,0.5056489411846616,4.0968690976002723e-07,4.0968690981389524e-07,0.005795911056632397,0.00579591105663204,True
2.5,4.127946497318739,1.9846307002779102,2.1433157970408283,-2.6760621850027326,-0.7284530569643883,1.1051406876831498,0.008724427533400914,0.6568985777554052,0.003190638669123397,0.003190638669123696,0.12674071697894113,0.12674071697894232,True
2.5,4.956498139508611,1.983538399061063,2.9729597404475476,-1.7007752664007598,0.41121630310358026,0.8932148431776857,0.0002813782032689005,0.1895248754328191,0.00011441531469710119,0.00011441531469710183,0.030854757747777267,0.03085475774777748,True
2.5,4.158632223030143,2.8827060391099755,1.2759261839201672,0.7056944588219257,-2.794074437681423,1.191699628391948,0.0029664218300453626,0.6493788397936147,0.013229930466166101,0.013229930466164146,0.23671262775172006,0.2367126277517196,True
2.5,4.614301120649939,1.705304080078325,2.908997040571614,-0.4521461923442508,0.5732309269153331,0.8017222052189314,0.003102302015693892,0.32086513943409045,0.00030424451982651534,0.0003042445198266107,0.020085565565623697,0.02008556556562292,True
2.5,4.695224329806887,1.3728188068468865,3.3224055229600005,-1.0917117884641088,0.4094344155474212,0.7014629542444043,0.047674365129705576,0.07411869302283164,0.000195756339270921,0.00019575633927088518,0.007711922417097668,0.007711922417096874,True
2.5,3.5765153876985423,1.1691744135513815,2.4073409741471608,-0.2703364611483501,0.18687738815059163,0.5414214392751721,0.012064167886269739,0.5222120401105887,0.008326618352186326,0.008326618352186337,0.008233107813633784,0.008233107813634165,True
2.5,4.729649693145063,1.4516936999833518,3.2779559931617115,-0.1720709394031192,0.7290438693542791,0.8370893483615117,0.0013355324232042776,0.29071271862732845,0.00014324123949683776,0.00014324123949659205,0.01583557695669547,0.015835576956695338,True
2.5,3.864935571229024,1.8325194229878516,2.0324161482411727,-0.4169074587967203,-2.0248028630044876,1.0815998630960457,0.0018602392605503448,0.680794289677785,0.004478826028411303,0.0044788260284113045,0.09197789432945203,0.09197789432945225,True
2.5,3.91603452273672,2.328200644465332,1.5878338782713879,0.5713418459596643,-1.8389171089661611,1.0571037885755268,0.002858763155254851,0.5766334827116065,0.00906772664742726,0.00906772664742776,0.13967395622220075,0.13967395622220077,True
2.5,4.806966780916982,1.4645960815647947,3.342370699352187,-0.057148289971811296,-0.09443842828596294,0.9721256960861452,0.0015004260336621833,0.47939283784405845,6.958315079613872e-05,6.958315079631237e-05,0.019609633128165802,0.019609633128165577,True
2.5,5.819376094777376,3.1506766769548995,2.6686994178224768,-5.540107516302424,1.1435686506093838,1.363074284715208,0.0014979021932540748,0.047888851053783654,3.644827575398004e-05,3.644827566178261e-05,-1.9106526458899515,-1.9106526458898632,True
2.5,5.41882695111868,2.7451661629579176,2.6736607881607624,-0.324630942511604,-1.1388164955663451,1.0729975921126342,0.0009049623137972751,0.5999858759211946,2.961146244775356e-05,2.961146244860447e-05,0.049526117170304994,0.049526117170304,True
2.5,4.8154442538507425,1.5092504265220144,3.306193827328728,0.16358478243415855,1.490650890410917,0.5804733134021008,0.0007874072679109889,0.08801952787174494,0.00016617520249815088,0.00016617520249739997,0.004763436657641619,0.0047634366576435145,True
2.5,4.725919202151627,1.3127731893387473,3.41314601281288,-0.3392571751173563,-2.1257989644535584,0.8261669466127654,0.001801212241623218,0.7288482254040161,6.133969311968359e-05,6.13396931197036e-05,0.0068162235804260715,0.006816223580426071,True
2.5,6.210161716047465,2.462393606952946,3.747768109094519,-6.637752919938719,-2.2389990594798865,1.486388806837977,0.0011629729869759298,0.7192294305232155,2.4703480356943247e-07,2.470348047817077e-07,0.09374042449309358,0.0937404244930962,True
2.5,7.165278743363827,2.0181769086519674,5.14710183471186,-1.0134721421896888,1.2705552546359398,1.125315915579611,0.0036857366230729216,0.09112818895793434,4.3229300149521213e-10,4.3229299862652614e-10,0.016556170712423674,0.016556170712422217,True
2.5,5.453533758808164,3.5390493647563748,1.9144843940517893,-0.7303184075141549,0.3076652771258266,1.51474848545658,0.029550383256850166,0.42356426805054115,0.00028720447423196625,0.00028720447423573315,0.2391562860556155,0.23915628605561667,True
2.5,4.95229610382653,2.604713821514737,2.347582282311793,0.39214655404063137,-2.1500420953277772,1.1570035181992742,0.003144701723559351,0.6359298215453169,0.00019799737938310384,0.0001979973793841615,0.07239019308982195,0.07239019308982181,True
2.5,4.845745589266216,1.902284047106551,2.9434615421596653,-1.5219976989692556,0.29839021096280227,1.0926777046689113,0.0016155423468075525,0.23928373332207376,0.00015708707454425421,0.00015708707454420968,0.06387937498496936,0.06387937498496897,True
2.5,4.330945763369417,1.393140443936153,2.9378053194332643,-0.9217863710863937,0.6765756320114518,0.6173386871525653,0.0034189859764551245,0.02585370477496729,0.00107913959981436,0.0010791395998143573,0.00815299675358567,0.008152996753585013,True
2.5,4.69706121493143,2.041317291237586,2.655743923693844,-0.6406875726896654,0.6394795981374244,1.1400985560083932,0.05074265804777389,0.4727333672151729,0.00034635562924971165,0.00034635562924962844,0.08721782474547146,0.08721782474547127,True
2.5,4.910000390295928,2.6263818798669476,2.2836185104289806,-0.7772564725639673,0.0417926047806676,1.119161735028906,0.00955092632679011,0.5700756339890297,0.00033818121896174577,0.00033818121896149255,0.09518314481027469,0.09518314481027595,True
2.5,4.981479148971036,1.1819737952647529,3.799505353706283,-0.7663898518651876,0.02086844595384063,0.5294631083287281,4.706742455062862e-05,0.20242914560700737,3.1630520309029274e-05,3.163052030905818e-05,0.0010189803220113387,0.0010189803220108555,True
2.5,5.711237445139685,2.4286039835679882,3.2826334615716966,-0.76273658758859,-1.6685783753741785,1.295074419204521,5.9774159257453e-05,0.49728285794385957,2.797082089590516e-06,2.7970820895192706e-06,0.04319385097964968,0.043193850979649895,True
2.5,6.292649753072274,2.5569920787627387,3.735657674309535,-5.164653327419047,0.6302244942288953,1.2776424222857352,0.015094905901274602,0.022414135351829623,6.952975658272457e-07,6.952975405153375e-07,2.7430115459280104,2.7430115459285225,False
2.5,3.7223962701225264,1.667460115247402,2.0549361548751244,1.24312229752039,-2.4637918371894925,0.9384000713759093,0.011088286312913587,0.650724974180896,0.005101065884859679,0.005101065884859436,0.05459414382070501,0.0545941438207049,True
2.5,4.524093914310356,1.7356575170963449,2.788436397214011,1.0377139672258497,2.2278654354045866,0.6698865402076148,0.04478584814770853,0.08979085770568102,0.0009621124923125219,0.0009621124923109522,0.0192773318362858,0.019277331836282555,True
2.5,4.893321584348605,2.985826224348076,1.9074953600005293,-1.6673242472111875,-1.0895496067832462,1.338311360922057,0.002340797859361532,0.543834662817238,0.0008237906673642745,0.000823790667363946,0.17981666811906752,0.17981666811906746,True
2.5,4.809560979282914,3.010534672576092,1.7990263067068217,-0.4216214765138746,-2.0440103276666126,1.4372778518658018,0.008330077749228615,0.5643253195971664,0.0011741303767916953,0.0011741303767903797,0.1980410765477899,0.1980410765477901,True
2.5,3.6296910065008845,1.322904586687313,2.3067864198135712,-1.3709309850172233,0.05976319074856562,0.5940428081967506,0.010915003261812994,0.08641865871784221,0.010875100397264664,0.010875100397264676,0.015467455870746437,0.015467455870745595,True
2.5,3.661410579359556,1.9710857729950217,1.6903248063645342,-1.9552037221806267,0.6260723920532891,0.9285769406269789,0.0029867958403657635,0.10868744269121733,0.02547052993838165,0.02547052993838082,0.17263476531498223,0.17263476531498334,True
2.5,5.876619578856421,1.863550480986927,4.0130690978694945,-0.793165576410162,-1.2927608367852395,0.9661105222271145,0.002532476665772998,0.4333669922859463,3.9895840704342633e-07,3.989584070567947e-07,0.008144045689884851,0.00814404568988489,True
2.5,4.828386034430729,2.2006759828230487,2.62771005160768,-1.2617247984043534,-1.3738747916333378,1.105786212725288,0.000423555908294182,0.4331055513319956,0.00017279143164146033,0.00017279143164152427,0.05566761100544749,0.05566761100544708,True
2.5,4.735652068391336,1.8217555435943262,2.9138965247970097,3.78884407625276,-4.032290731383129,1.0610269007695512,0.0019002934840673391,0.6937642969705905,8.619118625120115e-05,8.619118625144693e-05,0.023126692710675262,0.023126692710675346,True
2.5,6.8178898539190405,2.6023749773592932,4.215514876559747,-0.3797654527266913,1.2750713203506217,1.1188887143554547,0.003005960646474126,0.32113455909930333,8.708624652147017e-09,8.70862332603641e-09,0.022607013113117108,0.022607013113115436,True
2.5,4.334848436871121,2.667328715974259,1.6675197208968617,-1.4705664021226716,-2.7852697857257778,1.442952663756711,0.013212328044324595,0.6592916083631684,0.0038622034983064827,0.0038622034983062355,0.23121681845775335,0.23121681845775285,True
2.5,3.664981244304744,1.60274906981277,2.062232174491974,-0.9595656177802493,-0.4987303971432342,0.7932925728045337,0.007923936541522625,0.5804570128210103,0.008609889616256824,0.008609889616256831,0.04788801263017425,0.04788801263017447,True
2.5,6.062309081399549,3.0867706379883177,2.9755384434112315,0.10139043000195926,1.8436607646579506,1.1968228471211435,0.0012791103239832569,0.3034467225510961,3.4315612527049584e-06,3.431561248864343e-06,0.08683658229488475,0.08683658229488751,True
2.5,5.141099477198992,2.129937285494127,3.011162191704865,-0.8132473406445989,-0.5792712077420832,1.120411663927943,0.027039854883552428,0.5337390806555127,3.6399167831304994e-05,3.639916783137721e-05,0.04243680683121482,0.04243680683121482,True
2.5,4.23044924579861,1.8898913355159837,2.3405579102826266,1.8467181465802964,-2.7336027192077132,0.9295591301069634,0.0007731000039181146,0.6412273525780579,0.0010034062516890215,0.0010034062516892683,0.0358474520569585,0.0358474520569585,True
2.5,4.4951632238785875,2.0106697226370187,2.4844935012415688,-0.6109743622439096,1.5398715829741585,0.859860069740281,0.005419786867845278,0.07225409822409534,0.0014810059933351369,0.0014810059933353362,0.06179175189425055,0.061791751894247994,True
2.5,5.849846300869666,1.7385823767722606,4.111263924097406,-0.7196961055375153,1.1169049089026881,0.7138706548454059,0.00765602275856031,0.10653753676482458,1.0674738703781028e-06,1.0674738703415976e-06,0.004350686786042435,0.004350686786044546,True
2.5,4.508432092709774,3.695807035533047,0.8126250571767271,-2.091354326433545,-2.41408292194115,1.7540634199737861,0.009060551811581996,0.4774459073790365,0.0409172139614164,0.040917213961409425,0.5667213757664117,0.566721375766412,True
2.5,4.551603870661664,1.321325973904134,3.2302778967575296,-1.5023224371095112,-0.18538452114888737,0.8081495351849703,0.00776412448407654,0.32207187177817365,0.00028691131271093217,0.00028691131271087503,0.013976342995633845,0.013976342995634527,True
2.5,5.601885160204855,1.3213657440480313,4.280519416156824,-0.6180001808971934,-0.9115734152242321,0.6564653477727235,0.0028201102357680585,0.6435382935294556,9.87332565828991e-07,9.873325658000113e-07,0.0011703483728527236,0.0011703483728528028,True
2.5,3.1223633107514654,2.174010301170423,0.9483530095810426,0.5559023768092684,-3.5143518269019713,1.2037395160001878,0.01139098043654524,0.7162974227523756,0.09133573763019974,0.09133573763019986,0.3487759361194417,0.34877593611944147,True
2.5,3.8113087915360615,2.281431400590799,1.5298773909452623,1.5213110585923486,2.912993990191638,0.9241763023658761,0.01428742970485658,0.023875048757350747,0.04374644816168255,0.04374644816167286,0.278096672940318,0.27809667294031504,True
2.5,4.631570101721128,2.004889284112823,2.6266808176083054,-1.7252044294262778,1.177742305962869,0.8806971734613664,0.010521197546936922,0.016316196836587527,0.0010374021301043168,0.0010374021301049457,0.0616055354291177,0.06160553542911624,False
2.5,5.833529884215695,2.7948028958613387,3.038726988354356,0.19138024510528712,2.116639246947529,1.0315480076860486,0.032038727169867276,0.22123719801729286,7.459477006133293e-06,7.4594770081834774e-06,0.06181180110339424,0.06181180110339379,True
2.5,4.165806289815954,1.0799804757538296,3.0858258140621246,0.8170836517448568,1.8347234675954098,0.46861182605704155,0.002637092545009767,0.008467227095669716,0.002159092232935192,0.002159092232934218,0.0024876365222989577,0.0024876365222998727,True
2.5,6.591076035136588,1.308769694376121,5.282306340760467,-0.7005759332922836,-0.6624091578820821,0.8560330330736851,0.00244534806162644,0.4174977481621408,2.9609994455100945e-09,2.9609994231526127e-09,0.0014644176886272218,0.0014644176886276707,True
2.5,4.664082543138984,1.8189833212013466,2.8450992219376374,0.13091397961756734,-0.9368523144237828,0.7975681555965105,0.0004228135272844047,0.5683350064624166,0.0001764224463255589,0.00017642244632541307,0.015202501280762403,0.015202501280762696,True
2.5,4.3785554184872755,1.2124736565997773,3.166081761887498,-1.5267792233215374,-0.18597368293246608,0.6641217993391603,0.0072110314795266195,0.056239763679964916,0.0005858209775701645,0.0005858209775700938,0.00655742446529376,0.006557424465293335,True
2.5,4.810113400189148,1.924815403779839,2.885297996409309,-0.6493084480937574,-0.30276010404471043,0.8219083645214516,0.00852271334192456,0.46823876958501165,0.0001313436994329057,0.00013134369943283036,0.019062416648658716,0.019062416648659194,True
2.5,5.713559303207276,1.5466732789633224,4.166886024243954,-0.3644392444440354,-0.03806955467134887,0.7464232889791687,0.0014492613712197011,0.5097158707729604,8.288929434319937e-07,8.288929434809183e-07,0.0029396787447968234,0.002939678744796857,True
2.5,5.736249970894058,0.9272903641880763,4.808959606705982,-0.7783285416335713,-1.1249244391687157,0.6447108387136286,0.004799826729797674,0.7252261702532427,3.445712379501008e-07,3.4457123795963646e-07,0.0004821116446678304,0.00048211164466749156,True
2.5,7.275267276998411,1.787187368030693,5.488079908967718,0.7374652223998821,2.183531650972498,0.7288952586185811,0.01291086228402255,0.012475335565567902,2.1191330694862795e-10,2.1191362511864036e-10,0.0017403519168370058,0.0017403519168393846,True
2.5,4.55738119887058,1.8947029093962173,2.6626782894743624,-0.6690999560031049,-1.6336707178861811,1.060945819650904,0.00034034863171295004,0.6610592060776332,0.0003169453363884716,0.0003169453363884451,0.04448053881305163,0.044480538813051786,True
2.5,6.231388632111889,0.77939445348767,5.4519941786242185,0.21045663125552222,-1.1658707533339998,0.4472077672693587,0.011338536066170635,0.681593063882439,1.3385508683733778e-08,1.3385508665354164e-08,2.8870552312697103e-05,2.8870552312242558e-05,True
2.5,6.3781657761994826,2.357815957584295,4.020349818615188,-3.228246649038433,-0.09308771932331183,1.1746834242000053,0.002195569340107395,0.6374230221209704,8.920154541074749e-08,8.920154728274577e-08,0.03274928992528184,0.03274928992528164,True
2.5,4.315878953050448,1.3421618545879124,2.9737170984625356,0.5727315988818645,-2.2072060815011634,0.8645211250805778,0.0006360008875616052,0.6810837832694062,0.00034508656172314254,0.0003450865617231216,0.013068858362751528,0.013068858362751413,True
2.5,4.739018871777423,0.9708154483577608,3.7682034234196626,-0.5606638554336569,-1.1767426692225946,0.5622600707192787,0.004061852559292201,0.7182944903361251,5.235896816655677e-05,5.2358968166532936e-05,0.0008688413057033656,0.0008688413057036423,True
2.5,3.4075361196426943,2.338103296531865,1.0694328231108292,1.1863866499959312,-3.020253603640106,1.2142753018875716,0.009368929699066442,0.5636032717337239,0.05268262917120762,0.05268262917120773,0.30228305745819883,0.3022830574581989,True
2.5,5.122394406011193,1.9605750078182347,3.161819398192958,0.4901940438325633,1.8397954161454364,0.76009839824852,0.0091232243761461,0.2190741943341163,6.443806811025035e-05,6.443806810888253e-05,0.017628378265730247,0.01762837826573222,True
2.5,4.654026431958077,2.11156373114051,2.542462700817567,1.4954593624623702,2.8209538661566453,0.9203504960211351,0.010546227354822635,0.004089281107434062,0.0014399026229862967,0.0014399026229947349,0.10062401014296656,0.10062401014296271,False
2.5,5.151158497562143,1.3826639262313525,3.7684945713307907,1.1229327255518244,-2.417610299752414,0.7808755221755594,0.00042341272226292803,0.6149228295329128,7.236901467380119e-06,7.236901467334773e-06,0.003096881268773948,0.0030968812687742694,True
2.5,4.810635770762204,1.1187780382011971,3.6918577325610067,-0.5717044239515368,-0.9798693851262915,0.606627197117102,0.0013101099258093774,0.6637257336755062,4.387121855743669e-05,4.387121855747438e-05,0.0015155190547112619,0.0015155190547108514,True
2.5,5.688589305189691,0.70687553251239,4.981713772677301,-0.5184263856158087,-0.5920286045842883,0.4893655053728899,0.0072895517425542455,0.4822584007959041,4.5961865948128263e-07,4.596186595083642e-07,9.357277705630106e-05,9.357277705658769e-05,True
2.5,5.699658854869416,2.769148761357598,2.930510093511818,0.1927834199487552,1.0275695918700967,1.0844189325268025,0.00012498669969013276,0.4655227854271049,9.342278730193788e-06,9.342278732706064e-06,0.05295219259016851,0.05295219259016826,True
2.5,4.330872016320284,0.9734690766365287,3.3574029396837552,-0.3212074882729423,0.09486526984377086,0.5330236767340683,0.015581828555602917,0.2699053641992354,0.0004477600419894054,0.00044776004198939006,0.0016323290700971044,0.0016323290700974845,True
2.5,6.249560701545113,2.9692201465030643,3.280340555042049,-7.786333901804351,-0.24760582735137038,1.4690799563235375,0.004207183269343329,0.09496382606530673,1.3031120283549475e-06,1.3031120270063722e-06,-1.7173355776578962,-1.7173355776578791,True
2.5,3.9171405031635835,2.258289545753118,1.6588509574104657,-0.5463904656789489,-2.005313961362022,1.0197381399591385,0.0034390077597900026,0.6477148196937209,0.008105868038810336,0.008105868038810147,0.12390363527623766,0.12390363527623748,True
2.5,4.72203485643177,1.5042177508247219,3.2178171056070477,-0.00846904580640504,-0.017729426037875973,0.8236822846049198,0.0031451624631044783,0.48576146029455486,0.00010846648202572293,0.00010846648202591169,0.012033860853697394,0.012033860853697518,True
2.5,4.904832656442775,1.5944296973957568,3.3104029590470176,-1.4350938033265708,-0.39915130763711404,0.8311248342587216,0.01337952022018124,0.2934099206949063,6.246405764596801e-05,6.246405764598876e-05,0.012460660227988427,0.012460660227988557,True
2.5,4.682437849431421,1.7236529370740121,2.9587849123574093,-0.13410401548668036,-0.5234322544825959,0.7053684876673498,0.001071544525707846,0.5187442943557222,0.00015537369832426803,0.00015537369832428175,0.00949881595837951,0.009498815958378747,True
2.5,4.460494849465811,2.599890849993729,1.8606039994720822,-0.9320398163948892,-1.7075143718103063,1.1946471656056903,0.0008806328945968889,0.6094456528706507,0.0020046376838420824,0.002004637683842058,0.14005793816841633,0.14005793816841675,True
2.5,5.913687595476894,2.198266778094052,3.715420817382842,0.9099799673217748,-2.1522880281264585,0.893404937770479,0.012504269836521364,0.6317053732070079,4.6887777531289696e-07,4.688777754065044e-07,0.007760222047119449,0.007760222047120085,True
2.5,4.6152959165839,3.164683687177695,1.4506122294062052,-0.7902738787055528,1.3763391047584395,1.221323524281972,0.006348488840964617,0.31481771136928194,0.00628805058375925,0.00628805058375815,0.3122995464830372,0.31229954648303987,True
2.5,3.6056578607484764,1.7357062712300113,1.869951589518465,-0.015033560639233829,-2.206247139531407,1.0260296454873234,0.00011533950496167567,0.6624814494817836,0.009343107066002857,0.009343107066002871,0.09518282237762103,0.09518282237762102,True
2.5,5.765354449645716,1.7065080422630339,4.058846407382681,0.4108835292934782,-2.312410469469701,0.8198861538592697,0.012044441096671188,0.6833172535268908,4.6096734094787324e-07,4.6096734108254995e-07,0.003270592543397881,0.0032705925433976915,True
2.5,4.94127917679923,2.536326646263279,2.404952530535951,1.3425466840073959,2.960851565762543,1.1729072178159083,0.002464259456391893,0.05749603473121817,0.0007663875323204576,0.0007663875323235162,0.3094474336497978,0.3094474336497996,True
2.5,3.704138162446939,0.9399029265121759,2.764235235934763,-0.17288311010721488,0.7491810152054112,0.4519982669674366,0.009498493874779967,0.009914653037273846,0.006875882814539829,0.006875882814539661,0.002437497764668002,0.0024374977646679924,True
2.5,4.943405941317502,2.5339651253925632,2.409440815924939,-1.0756635021570442,-0.13009160368833095,1.0509607351732888,0.0029685584570142143,0.587457835822246,0.00023477825085583534,0.00023477825085576194,0.07193287091174548,0.07193287091174609,True
2.5,7.417951287099411,2.6954307072984487,4.722520579800962,-3.9927558348921224,0.8097809721510485,1.382969013266584,0.0009673217064412598,0.5897750648024336,2.974395533809505e-10,2.974507392552478e-10,0.1832643246434107,0.18326432464339834,True
2.5,5.183156593026261,1.9375929473943272,3.2455636456319343,-5.172051257740876,-1.7629573478819989,1.3139517890742602,0.002583043847498412,0.7305224896973561,3.1101795268045135e-05,3.110179526856446e-05,0.10570932369899795,0.10570932369899758,True
2.5,5.896402919522834,3.4768865023571207,2.4195164171657133,3.7323731695513827,-4.396677882472785,1.7558086072474126,0.002094308615129381,0.6570962583504331,1.4408241956679227e-05,1.4408241984543316e-05,0.14082374007413914,0.140823740074139,True
2.5,3.313748129759039,1.9016672833136772,1.4120808464453618,-0.30468248551193544,1.0944578829021712,1.2129588198791657,0.0037991394662124645,0.24673346065558976,0.05465738392612771,0.05465738392612807,0.39888798858528624,0.3988879885852871,True
2.5,6.632082621417426,1.6589255196078139,4.973157101809613,-0.6770642134312758,-1.0324403339887867,0.7612543639656975,0.004985664423161673,0.6410976400875383,3.0148630929643572e-09,3.0148630414184307e-09,0.0012212064585809662,0.001221206458581086,True
2.5,4.192511418538616,1.4722135840823087,2.720297834456307,-0.4156810842275559,-0.3582966564310017,0.5930983359230866,0.010680049566979266,0.6112631337155935,0.0009882043481842767,0.0009882043481843539,0.007157899123855619,0.0071578991238557136,True
2.5,4.824009897997865,1.6754460456284939,3.148563852369371,-0.5650345788869588,1.240479799369548,0.7155334882287946,0.001070772679884202,0.046850747580238994,0.00020543600913067961,0.0002054360091308708,0.013192305562152397,0.013192305562151124,True
2.5,4.619829303181233,1.415229493080055,3.204599810101178,-0.1349526551875139,0.0204135648306496,0.7339036547614466,0.005204804213592151,0.46495673565544543,0.0001624142285320603,0.00016241422853201527,0.008043083925124607,0.008043083925124565,True
2.5,4.961317852092853,2.046831208544781,2.9144866435480723,-1.4189812577788148,-1.8592666088497898,1.03770466476992,0.0009568937697150282,0.6755181391730415,6.627238842712196e-05,6.627238842707698e-05,0.0324956126576105,0.03249561265761054,True
2.5,5.211216917887581,1.4329050139747048,3.7783119039128765,-0.6168535505886062,-1.5225347400760079,0.7745009986699927,0.003066549511443528,0.6728523155666022,7.622388005693211e-06,7.622388005694097e-06,0.0038561566457824396,0.0038561566457823385,True
2.5,5.5901135039602865,1.3801305048101153,4.209982999150171,-1.99498652790939,-0.3145832464142617,0.7417515478457187,0.018131764174431908,0.08601176205665045,2.110099312431453e-06,2.110099312508425e-06,0.0031425893450161505,0.003142589345014821,True
2.5,4.623892991496434,2.6913237203403506,1.9325692711560833,2.836529507983251,-3.6998726900676773,1.281250914242721,0.0034029275663712832,0.6320111640042299,0.001012179501840468,0.0010121795018403648,0.12200877823085741,0.12200877823085789,True
2.5,4.364300724558402,1.2539915141670877,3.110309210391314,-0.4070087111102014,0.5448316516447222,0.5812913451129353,0.009950234914752443,0.33991719119877195,0.0006027253178832261,0.0006027253178831753,0.004333155638434854,0.0043331556384336774,True
2.5,6.270590328231708,1.9042649600631611,4.366325368168547,2.3487218724340124,-3.7825333329443986,1.2005107452064259,0.0006145160257111093,0.712392645836514,2.624739052789299e-08,2.6247390446430573e-08,0.008542703067625827,0.008542703067625798,True
2.5,4.497730790619812,1.6832676093777186,2.8144631812420933,3.2854105305274857,-4.081548257413566,1.1842733475082152,0.010273401751763056,0.7332327082065648,0.00020283255071095973,0.00020283255071076636,0.03743981304282288,0.037439813042822866,True
2.5,5.765363991683541,1.9083511667690813,3.85701282491446,2.7837607504824526,-3.9478866893015874,1.2094498196730419,0.0012398423477742448,0.6957325731014515,5.158182481470509e-07,5.158182481536182e-07,0.013910476782142134,0.013910476782141997,True
2.5,5.257002166270644,1.878139734990344,3.3788624312803,-2.3892191507563294,0.553059773399283,0.9056152655858969,0.006558886964835975,0.016690610149902974,3.636038785525914e-05,3.636038785448327e-05,0.027115473287306825,0.02711547328730585,True
2.5,4.044787082653043,1.6146894202023148,2.430097662450728,-0.9269802236014613,1.2433515025119144,0.6827090953120364,0.0076949973436573615,0.008547718680822824,0.007141427459138009,0.007141427459138082,0.0298693826059924,0.02986938260599276,False
2.5,3.368391187094973,2.0409312990795465,1.3274598880154267,0.013338940803660772,-1.0797444759467862,0.8685120390592403,0.008344774253166987,0.6023799612090113,0.0368311786740093,0.03683117867400915,0.14523434867711965,0.14523434867711993,True
2.5,3.781015779071838,1.9887412353019622,1.792274543769876,0.08483219838057844,1.9996444830763322,1.1065707183715985,0.006300085154733459,0.22293458459186388,0.026008916417675755,0.02600891641767382,0.37853344691081836,0.3785334469108159,True
2.5,5.672138000079476,1.4409141360825284,4.231223863996948,1.109444374125017,-3.088176739897908,0.901102941850051,0.004419476421035684,0.7405515668096634,4.7083013181852376e-07,4.7083013195417683e-07,0.003165696545275845,0.003165696545275681,True
2.5,4.87162461570977,2.1329181098550474,2.7387065058547226,-0.5446424460436345,-0.5917932714329691,0.9091341886683596,0.013205677622260215,0.6018220678930107,0.00013044283084224034,0.00013044283084218876,0.029747940587999185,0.029747940587999063,True
